sample_name	phenotype	cluster_1	cluster_2
WA-0782	dead	0	1
WA-0783	dead	1	0
WA-0784	dead	0	0
WA-0785	dead	0	1
WA-0786	dead	0	1
WA-0789	dead	2	0
WA-0790	dead	1	1
WA-0792	dead	2	0
WA-0795	dead	1	0
WA-0796	dead	2	0
WA-0797	dead	2	0
WA-0798	dead	1	1
WA-0799	dead	1	0
WA-0800	dead	0	1
WA-0801	dead	0	0
WA-0802	dead	1	0
WA-0803	dead	2	0
WA-0804	dead	1	0
WA-0808	dead	1	0
WA-0811	dead	2	0
WA-0812	dead	0	1
WA-0814	dead	0	0
WA-0815	dead	1	1
WA-0816	dead	1	1
WA-0817	dead	1	0
WA-0818	dead	0	0
WA-0819	dead	1	0
WA-0820	dead	1	1
WA-0821	dead	0	1
WA-0822	dead	1	0
WA-0823	alive	0	0
WA-0824	alive	1	1
WA-0825	alive	1	0
WA-0826	alive	0	1
WA-0830	alive	2	0
WA-0831	alive	0	2
WA-0833	alive	0	0
WA-0834	alive	0	0
WA-0838	alive	0	0
WA-0840	alive	0	2
WA-0842	alive	1	0
WA-0844	alive	1	0
WA-0847	alive	1	0
WA-0848	alive	0	2
WA-0849	alive	0	1
WA-0850	alive	0	0
WA-0852	alive	0	1
WA-0853	alive	0	0
WA-0854	alive	1	0
WA-0855	alive	0	0
WA-0857	alive	0	1
WA-0858	alive	0	0
WA-0860	alive	0	2
WA-0861	alive	1	0
WA-0863	alive	0	1
WA-0864	alive	0	0
WA-0865	alive	0	1
WA-0868	alive	0	1
WA-0869	alive	0	1
WA-0871	alive	1	0
WA-0872	alive	0	0
WA-0873	alive	1	1
WA-0874	alive	0	1
WA-0875	alive	1	0
WA-0877	alive	0	0
