sample_name	location	insecticide	phenotype	Cyp6_main_cluster
WA-0001	Madina	Delta	dead	0
WA-0002	Madina	Delta	dead	0
WA-0006	Madina	Delta	dead	1
WA-0007	Madina	Delta	dead	2
WA-0008	Madina	Delta	dead	0
WA-0009	Madina	Delta	dead	0
WA-0010	Madina	Delta	dead	1
WA-0012	Madina	Delta	dead	1
WA-0013	Madina	Delta	dead	1
WA-0014	Madina	Delta	dead	0
WA-0015	Madina	Delta	dead	1
WA-0016	Madina	Delta	dead	1
WA-0017	Madina	Delta	dead	1
WA-0018	Madina	Delta	dead	1
WA-0020	Madina	Delta	dead	1
WA-0021	Madina	Delta	dead	0
WA-0024	Madina	Delta	dead	1
WA-0029	Madina	Delta	dead	0
WA-0031	Madina	Delta	dead	0
WA-0036	Madina	Delta	dead	1
WA-0037	Madina	Delta	dead	0
WA-0041	Madina	Delta	dead	0
WA-0044	Madina	Delta	dead	0
WA-0046	Madina	Delta	dead	1
WA-0048	Madina	Delta	dead	0
WA-0050	Madina	Delta	dead	0
WA-0052	Madina	Delta	dead	0
WA-0053	Madina	Delta	dead	0
WA-0055	Madina	Delta	dead	1
WA-0056	Madina	Delta	dead	0
WA-0057	Madina	Delta	dead	1
WA-0060	Madina	Delta	dead	0
WA-0061	Madina	Delta	dead	0
WA-0062	Madina	Delta	dead	0
WA-0064	Madina	Delta	dead	0
WA-0066	Madina	Delta	dead	1
WA-0071	Madina	Delta	dead	0
WA-0073	Madina	Delta	alive	1
WA-0074	Madina	Delta	alive	1
WA-0075	Madina	Delta	alive	1
WA-0076	Madina	Delta	alive	1
WA-0077	Madina	Delta	alive	0
WA-0079	Madina	Delta	alive	0
WA-0081	Madina	Delta	alive	0
WA-0082	Madina	Delta	alive	2
WA-0083	Madina	Delta	alive	0
WA-0084	Madina	Delta	alive	0
WA-0085	Madina	Delta	alive	1
WA-0086	Madina	Delta	alive	1
WA-0088	Madina	Delta	alive	0
WA-0089	Madina	Delta	alive	1
WA-0091	Madina	Delta	alive	1
WA-0092	Madina	Delta	alive	2
WA-0094	Madina	Delta	alive	2
WA-0095	Madina	Delta	alive	0
WA-0099	Madina	Delta	alive	1
WA-0102	Madina	Delta	alive	2
WA-0104	Madina	Delta	alive	0
WA-0106	Madina	Delta	alive	0
WA-0107	Madina	Delta	alive	0
WA-0108	Madina	Delta	alive	0
WA-0109	Madina	Delta	alive	0
WA-0110	Madina	Delta	alive	0
WA-0111	Madina	Delta	alive	0
WA-0112	Madina	Delta	alive	2
WA-0117	Madina	Delta	alive	1
WA-0118	Madina	Delta	alive	2
WA-0120	Madina	Delta	alive	1
WA-0123	Madina	Delta	alive	1
WA-0124	Madina	Delta	alive	1
WA-0125	Madina	Delta	alive	1
WA-0126	Madina	Delta	alive	1
WA-0127	Madina	Delta	alive	2
WA-0131	Madina	Delta	alive	0
WA-0132	Madina	Delta	alive	2
WA-0133	Madina	Delta	alive	0
WA-0134	Madina	Delta	alive	0
WA-0135	Madina	Delta	alive	1
WA-0136	Madina	Delta	alive	0
WA-0137	Madina	Delta	alive	2
WA-0138	Madina	Delta	alive	2
WA-0140	Madina	Delta	alive	0
WA-0141	Madina	Delta	alive	1
WA-0142	Madina	Delta	alive	0
WA-0143	Madina	Delta	alive	2
WA-0146	Madina	Delta	alive	0
WA-0148	Madina	Delta	alive	0
WA-0149	Madina	Delta	alive	1
WA-0150	Madina	Delta	alive	0
WA-0151	Madina	Delta	alive	1
WA-0152	Madina	Delta	alive	2
WA-0153	Madina	Delta	alive	0
WA-0154	Madina	Delta	alive	0
WA-0155	Madina	Delta	alive	2
WA-0157	Madina	Delta	alive	1
WA-0158	Madina	Delta	alive	0
WA-0159	Madina	Delta	alive	1
WA-0160	Madina	Delta	alive	1
WA-0162	Madina	Delta	alive	0
WA-0165	Madina	Delta	alive	0
WA-0167	Madina	Delta	alive	0
WA-0168	Obuasi	Delta	dead	1
WA-0169	Obuasi	Delta	dead	0
WA-0171	Obuasi	Delta	dead	0
WA-0174	Obuasi	Delta	dead	1
WA-0175	Obuasi	Delta	dead	0
WA-0176	Obuasi	Delta	dead	0
WA-0179	Obuasi	Delta	dead	0
WA-0186	Obuasi	Delta	dead	2
WA-0187	Obuasi	Delta	dead	1
WA-0195	Obuasi	Delta	dead	0
WA-0196	Obuasi	Delta	dead	1
WA-0199	Obuasi	Delta	dead	0
WA-0200	Obuasi	Delta	dead	0
WA-0203	Obuasi	Delta	dead	1
WA-0204	Obuasi	Delta	dead	1
WA-0207	Obuasi	Delta	dead	0
WA-0211	Obuasi	Delta	dead	2
WA-0212	Obuasi	Delta	dead	1
WA-0215	Obuasi	Delta	dead	1
WA-0218	Obuasi	Delta	dead	0
WA-0219	Obuasi	Delta	dead	1
WA-0220	Obuasi	Delta	dead	0
WA-0221	Obuasi	Delta	dead	0
WA-0222	Obuasi	Delta	dead	0
WA-0223	Obuasi	Delta	dead	0
WA-0227	Obuasi	Delta	dead	1
WA-0228	Obuasi	Delta	dead	0
WA-0229	Obuasi	Delta	dead	0
WA-0234	Obuasi	Delta	dead	0
WA-0235	Obuasi	Delta	dead	1
WA-0236	Obuasi	Delta	dead	0
WA-0237	Obuasi	Delta	dead	1
WA-0239	Obuasi	Delta	dead	2
WA-0242	Obuasi	Delta	dead	0
WA-0243	Obuasi	Delta	dead	0
WA-0244	Obuasi	Delta	dead	0
WA-0245	Obuasi	Delta	dead	1
WA-0246	Obuasi	Delta	dead	2
WA-0247	Obuasi	Delta	dead	0
WA-0249	Obuasi	Delta	dead	2
WA-0251	Obuasi	Delta	dead	0
WA-0252	Obuasi	Delta	dead	1
WA-0253	Obuasi	Delta	dead	0
WA-0255	Obuasi	Delta	dead	1
WA-0256	Obuasi	Delta	dead	1
WA-0257	Obuasi	Delta	dead	0
WA-0258	Obuasi	Delta	dead	0
WA-0259	Obuasi	Delta	dead	1
WA-0260	Obuasi	Delta	dead	0
WA-0261	Obuasi	Delta	dead	0
WA-0262	Obuasi	Delta	dead	1
WA-0269	Obuasi	Delta	alive	2
WA-0270	Obuasi	Delta	alive	1
WA-0274	Obuasi	Delta	alive	1
WA-0282	Obuasi	Delta	alive	0
WA-0287	Obuasi	Delta	alive	1
WA-0288	Obuasi	Delta	alive	2
WA-0289	Obuasi	Delta	alive	1
WA-0290	Obuasi	Delta	alive	2
WA-0291	Obuasi	Delta	alive	0
WA-0292	Obuasi	Delta	alive	2
WA-0294	Obuasi	Delta	alive	0
WA-0295	Obuasi	Delta	alive	0
WA-0296	Obuasi	Delta	alive	1
WA-0297	Obuasi	Delta	alive	1
WA-0298	Obuasi	Delta	alive	1
WA-0299	Obuasi	Delta	alive	1
WA-0306	Obuasi	Delta	alive	1
WA-0309	Obuasi	Delta	alive	2
WA-0310	Obuasi	Delta	alive	0
WA-0313	Obuasi	Delta	alive	1
WA-0314	Obuasi	Delta	alive	1
WA-0317	Obuasi	Delta	alive	1
WA-0318	Obuasi	Delta	alive	1
WA-0319	Obuasi	Delta	alive	2
WA-0320	Obuasi	Delta	alive	0
WA-0321	Obuasi	Delta	alive	2
WA-0322	Obuasi	Delta	alive	0
