sample_name	phenotype	cluster_1	cluster_2	cluster_3
WA-0168	dead	0	0	0
WA-0169	dead	0	0	1
WA-0171	dead	0	0	1
WA-0174	dead	2	0	0
WA-0175	dead	0	1	0
WA-0176	dead	0	0	0
WA-0179	dead	0	0	0
WA-0186	dead	2	0	0
WA-0187	dead	1	1	0
WA-0195	dead	0	0	1
WA-0196	dead	1	0	0
WA-0199	dead	0	1	0
WA-0200	dead	0	1	1
WA-0203	dead	1	1	0
WA-0204	dead	1	0	0
WA-0207	dead	0	1	0
WA-0211	dead	2	0	0
WA-0212	dead	1	0	0
WA-0215	dead	1	0	0
WA-0218	dead	0	1	1
WA-0219	dead	1	0	1
WA-0220	dead	0	0	0
WA-0221	dead	0	0	1
WA-0222	dead	0	1	0
WA-0223	dead	0	0	1
WA-0227	dead	1	1	0
WA-0228	dead	0	1	0
WA-0229	dead	0	2	0
WA-0234	dead	2	0	0
WA-0235	dead	1	0	1
WA-0236	dead	0	0	1
WA-0237	dead	1	1	0
WA-0239	dead	2	0	0
WA-0242	dead	0	2	0
WA-0243	dead	0	0	0
WA-0244	dead	0	1	0
WA-0245	dead	1	0	1
WA-0246	dead	2	0	0
WA-0247	dead	1	0	1
WA-0249	dead	2	0	0
WA-0251	dead	0	0	2
WA-0252	dead	0	1	0
WA-0253	dead	0	0	1
WA-0255	dead	0	1	0
WA-0256	dead	1	0	0
WA-0257	dead	0	0	0
WA-0258	dead	1	0	0
WA-0259	dead	1	1	0
WA-0260	dead	0	0	1
WA-0261	dead	1	1	0
WA-0262	dead	1	1	0
WA-0269	alive	2	0	0
WA-0270	alive	2	0	0
WA-0274	alive	1	0	1
WA-0282	alive	1	0	0
WA-0287	alive	1	0	0
WA-0288	alive	2	0	0
WA-0289	alive	1	0	0
WA-0290	alive	2	0	0
WA-0291	alive	0	1	1
WA-0292	alive	2	0	0
WA-0294	alive	0	0	1
WA-0295	alive	1	0	0
WA-0296	alive	1	0	0
WA-0297	alive	1	1	0
WA-0298	alive	1	0	0
WA-0299	alive	2	0	0
WA-0306	alive	1	1	0
WA-0309	alive	2	0	0
WA-0310	alive	1	1	0
WA-0313	alive	1	0	0
WA-0314	alive	0	0	1
WA-0317	alive	1	0	1
WA-0318	alive	1	0	1
WA-0319	alive	2	0	0
WA-0320	alive	1	0	0
WA-0321	alive	2	0	0
WA-0322	alive	0	0	1
