sample_name	phenotype	cluster_1
WA-0593	dead	0
WA-0594	dead	0
WA-0596	dead	2
WA-0597	dead	0
WA-0598	dead	1
WA-0599	dead	1
WA-0600	dead	1
WA-0601	dead	1
WA-0604	dead	1
WA-0605	dead	1
WA-0606	dead	1
WA-0608	dead	1
WA-0609	dead	1
WA-0610	dead	1
WA-0611	dead	2
WA-0612	dead	0
WA-0613	dead	2
WA-0614	dead	1
WA-0615	dead	1
WA-0616	dead	0
WA-0617	dead	1
WA-0618	dead	1
WA-0619	dead	1
WA-0620	dead	0
WA-0621	dead	1
WA-0623	dead	1
WA-0626	dead	0
WA-0627	dead	0
WA-0629	dead	0
WA-0630	dead	1
WA-0631	dead	2
WA-0632	dead	1
WA-0633	dead	2
WA-0635	dead	1
WA-0636	dead	1
WA-0637	dead	1
WA-0638	dead	0
WA-0639	dead	0
WA-0641	dead	1
WA-0642	dead	1
WA-0643	dead	0
WA-0644	dead	1
WA-0645	dead	0
WA-0646	dead	0
WA-0647	dead	1
WA-0649	dead	1
WA-0650	dead	0
WA-0651	dead	0
WA-0653	dead	1
WA-0655	dead	0
WA-0656	alive	0
WA-0657	alive	0
WA-0660	alive	0
WA-0662	alive	0
WA-0663	alive	0
WA-0665	alive	0
WA-0666	alive	0
WA-0667	alive	0
WA-0669	alive	0
WA-0670	alive	0
WA-0671	alive	0
WA-0674	alive	0
WA-0675	alive	0
WA-0676	alive	0
WA-0677	alive	0
WA-0678	alive	0
WA-0679	alive	0
WA-0680	alive	1
WA-0682	alive	1
WA-0685	alive	0
WA-0686	alive	1
WA-0687	alive	0
WA-0688	alive	0
WA-0689	alive	0
WA-0690	alive	0
WA-0691	alive	2
WA-0692	alive	0
WA-0693	alive	0
WA-0694	alive	0
WA-0695	alive	0
WA-0699	alive	1
WA-0701	alive	1
WA-0702	alive	1
WA-0703	alive	0
WA-0704	alive	0
WA-0705	alive	0
WA-0706	alive	1
WA-0707	alive	0
WA-0709	alive	0
WA-0710	alive	0
WA-0711	alive	0
WA-0712	alive	1
WA-0713	alive	1
WA-0714	alive	1
WA-0715	alive	1
WA-0716	alive	0
WA-0717	alive	0
WA-0718	alive	1
WA-0719	alive	1
WA-0720	alive	0
WA-0722	alive	1
WA-0723	alive	1
WA-0724	alive	0
WA-0725	alive	1
