MalGEN_ID	External_ID	Date_of_Collection	Location	Country	Study
VBS18995	WA-1090	09/01/2017	Avrankou	Benin	1237:VO-BJ-DJOGBENOU
VBS18996	WA-1091	09/01/2017	Avrankou	Benin	1237:VO-BJ-DJOGBENOU
VBS18997	WA-1092	09/01/2017	Avrankou	Benin	1237:VO-BJ-DJOGBENOU
VBS18998	WA-1093	09/01/2017	Avrankou	Benin	1237:VO-BJ-DJOGBENOU
VBS18999	WA-1094	09/01/2017	Avrankou	Benin	1237:VO-BJ-DJOGBENOU
VBS19000	WA-1095	09/01/2017	Avrankou	Benin	1237:VO-BJ-DJOGBENOU
VBS19001	WA-1096	09/01/2017	Avrankou	Benin	1237:VO-BJ-DJOGBENOU
VBS19002	WA-1097	09/01/2017	Avrankou	Benin	1237:VO-BJ-DJOGBENOU
VBS19003	WA-1098	09/01/2017	Avrankou	Benin	1237:VO-BJ-DJOGBENOU
VBS19004	WA-1099	09/01/2017	Avrankou	Benin	1237:VO-BJ-DJOGBENOU
VBS19005	WA-1100	09/01/2017	Avrankou	Benin	1237:VO-BJ-DJOGBENOU
VBS19006	WA-1101	09/01/2017	Avrankou	Benin	1237:VO-BJ-DJOGBENOU
VBS19007	WA-1102	09/01/2017	Avrankou	Benin	1237:VO-BJ-DJOGBENOU
VBS19008	WA-1103	09/01/2017	Avrankou	Benin	1237:VO-BJ-DJOGBENOU
VBS19009	WA-1104	09/01/2017	Avrankou	Benin	1237:VO-BJ-DJOGBENOU
VBS19010	WA-1105	09/01/2017	Avrankou	Benin	1237:VO-BJ-DJOGBENOU
VBS19011	WA-1106	09/01/2017	Avrankou	Benin	1237:VO-BJ-DJOGBENOU
VBS19012	WA-1107	09/01/2017	Avrankou	Benin	1237:VO-BJ-DJOGBENOU
VBS19013	WA-1108	09/01/2017	Avrankou	Benin	1237:VO-BJ-DJOGBENOU
VBS19014	WA-1109	09/01/2017	Avrankou	Benin	1237:VO-BJ-DJOGBENOU
VBS19015	WA-1110	09/01/2017	Avrankou	Benin	1237:VO-BJ-DJOGBENOU
VBS19016	WA-1111	09/01/2017	Avrankou	Benin	1237:VO-BJ-DJOGBENOU
VBS19017	WA-1112	09/01/2017	Avrankou	Benin	1237:VO-BJ-DJOGBENOU
VBS19018	WA-1113	09/01/2017	Avrankou	Benin	1237:VO-BJ-DJOGBENOU
VBS19019	WA-1114	09/01/2017	Avrankou	Benin	1237:VO-BJ-DJOGBENOU
VBS19020	WA-1115	09/01/2017	Avrankou	Benin	1237:VO-BJ-DJOGBENOU
VBS19021	WA-1116	09/01/2017	Avrankou	Benin	1237:VO-BJ-DJOGBENOU
VBS19022	WA-1117	09/01/2017	Avrankou	Benin	1237:VO-BJ-DJOGBENOU
VBS19023	WA-1118	09/01/2017	Avrankou	Benin	1237:VO-BJ-DJOGBENOU
VBS19024	WA-1119	09/01/2017	Avrankou	Benin	1237:VO-BJ-DJOGBENOU
VBS19025	WA-1120	09/01/2017	Avrankou	Benin	1237:VO-BJ-DJOGBENOU
VBS19026	WA-1121	09/01/2017	Avrankou	Benin	1237:VO-BJ-DJOGBENOU
VBS19027	WA-1122	09/01/2017	Avrankou	Benin	1237:VO-BJ-DJOGBENOU
VBS19028	WA-1123	09/01/2017	Avrankou	Benin	1237:VO-BJ-DJOGBENOU
VBS19029	WA-1124	09/01/2017	Avrankou	Benin	1237:VO-BJ-DJOGBENOU
VBS19030	WA-1125	09/01/2017	Avrankou	Benin	1237:VO-BJ-DJOGBENOU
VBS19031	WA-1126	09/01/2017	Avrankou	Benin	1237:VO-BJ-DJOGBENOU
VBS19032	WA-1127	09/01/2017	Avrankou	Benin	1237:VO-BJ-DJOGBENOU
VBS19033	WA-1128	09/01/2017	Avrankou	Benin	1237:VO-BJ-DJOGBENOU
VBS19034	WA-1129	09/01/2017	Avrankou	Benin	1237:VO-BJ-DJOGBENOU
VBS19035	WA-1130	09/01/2017	Avrankou	Benin	1237:VO-BJ-DJOGBENOU
VBS19036	WA-1131	09/01/2017	Avrankou	Benin	1237:VO-BJ-DJOGBENOU
VBS19037	WA-1132	09/01/2017	Avrankou	Benin	1237:VO-BJ-DJOGBENOU
VBS19038	WA-1133	09/01/2017	Avrankou	Benin	1237:VO-BJ-DJOGBENOU
VBS19039	WA-1134	09/01/2017	Avrankou	Benin	1237:VO-BJ-DJOGBENOU
VBS19040	WA-1135	09/01/2017	Avrankou	Benin	1237:VO-BJ-DJOGBENOU
VBS19041	WA-1136	09/01/2017	Avrankou	Benin	1237:VO-BJ-DJOGBENOU
VBS19042	WA-1137	09/01/2017	Avrankou	Benin	1237:VO-BJ-DJOGBENOU
VBS19043	WA-1138	09/01/2017	Avrankou	Benin	1237:VO-BJ-DJOGBENOU
VBS19044	WA-1139	09/01/2017	Avrankou	Benin	1237:VO-BJ-DJOGBENOU
VBS19045	WA-1140	09/01/2017	Avrankou	Benin	1237:VO-BJ-DJOGBENOU
VBS19046	WA-1141	09/01/2017	Avrankou	Benin	1237:VO-BJ-DJOGBENOU
VBS19047	WA-1142	09/01/2017	Avrankou	Benin	1237:VO-BJ-DJOGBENOU
VBS19048	WA-1143	09/01/2017	Avrankou	Benin	1237:VO-BJ-DJOGBENOU
VBS19049	WA-1144	09/01/2017	Avrankou	Benin	1237:VO-BJ-DJOGBENOU
VBS19050	WA-1145	09/01/2017	Avrankou	Benin	1237:VO-BJ-DJOGBENOU
VBS19051	WA-0001	11/01/2017	Madina	Ghana	1244:VO-GH-YAWSON
VBS19052	WA-0002	11/01/2017	Madina	Ghana	1244:VO-GH-YAWSON
VBS19053	WA-0003	11/01/2017	Madina	Ghana	1244:VO-GH-YAWSON
VBS19054	WA-0004	11/01/2017	Madina	Ghana	1244:VO-GH-YAWSON
VBS19055	WA-0005	11/01/2017	Madina	Ghana	1244:VO-GH-YAWSON
VBS19056	WA-0006	11/01/2017	Madina	Ghana	1244:VO-GH-YAWSON
VBS19057	WA-0007	11/01/2017	Madina	Ghana	1244:VO-GH-YAWSON
VBS19058	WA-0008	11/01/2017	Madina	Ghana	1244:VO-GH-YAWSON
VBS19059	WA-0009	11/01/2017	Madina	Ghana	1244:VO-GH-YAWSON
VBS19060	WA-0010	11/01/2017	Madina	Ghana	1244:VO-GH-YAWSON
VBS19061	WA-0011	11/01/2017	Madina	Ghana	1244:VO-GH-YAWSON
VBS19062	WA-0012	11/01/2017	Madina	Ghana	1244:VO-GH-YAWSON
VBS19063	WA-0013	11/01/2017	Madina	Ghana	1244:VO-GH-YAWSON
VBS19064	WA-0014	11/01/2017	Madina	Ghana	1244:VO-GH-YAWSON
VBS19065	WA-0015	11/01/2017	Madina	Ghana	1244:VO-GH-YAWSON
VBS19066	WA-0016	11/01/2017	Madina	Ghana	1244:VO-GH-YAWSON
VBS19067	WA-0017	11/01/2017	Madina	Ghana	1244:VO-GH-YAWSON
VBS19068	WA-0018	11/01/2017	Madina	Ghana	1244:VO-GH-YAWSON
VBS19069	WA-0019	11/01/2017	Madina	Ghana	1244:VO-GH-YAWSON
VBS19070	WA-0020	11/01/2017	Madina	Ghana	1244:VO-GH-YAWSON
VBS19071	WA-0021	11/01/2017	Madina	Ghana	1244:VO-GH-YAWSON
VBS19072	WA-0022	11/01/2017	Madina	Ghana	1244:VO-GH-YAWSON
VBS19073	WA-0023	11/01/2017	Madina	Ghana	1244:VO-GH-YAWSON
VBS19074	WA-0024	11/01/2017	Madina	Ghana	1244:VO-GH-YAWSON
VBS19075	WA-0025	11/01/2017	Madina	Ghana	1244:VO-GH-YAWSON
VBS19076	WA-0026	11/01/2017	Madina	Ghana	1244:VO-GH-YAWSON
VBS19077	WA-0027	11/01/2017	Madina	Ghana	1244:VO-GH-YAWSON
VBS19078	WA-0028	11/01/2017	Madina	Ghana	1244:VO-GH-YAWSON
VBS19079	WA-0029	11/01/2017	Madina	Ghana	1244:VO-GH-YAWSON
VBS19080	WA-0030	11/01/2017	Madina	Ghana	1244:VO-GH-YAWSON
VBS19081	WA-0031	11/01/2017	Madina	Ghana	1244:VO-GH-YAWSON
VBS19082	WA-0032	11/01/2017	Madina	Ghana	1244:VO-GH-YAWSON
VBS19083	WA-0033	11/01/2017	Madina	Ghana	1244:VO-GH-YAWSON
VBS19084	WA-0034	11/01/2017	Madina	Ghana	1244:VO-GH-YAWSON
VBS19085	WA-0035	11/01/2017	Madina	Ghana	1244:VO-GH-YAWSON
VBS19086	WA-0036	11/01/2017	Madina	Ghana	1244:VO-GH-YAWSON
VBS19087	WA-0037	11/01/2017	Madina	Ghana	1244:VO-GH-YAWSON
VBS19088	WA-0038	11/01/2017	Madina	Ghana	1244:VO-GH-YAWSON
VBS19089	WA-0039	11/01/2017	Madina	Ghana	1244:VO-GH-YAWSON
VBS19090	WA-0040	11/01/2017	Madina	Ghana	1244:VO-GH-YAWSON
VBS19091	WA-0041	11/01/2017	Madina	Ghana	1244:VO-GH-YAWSON
VBS19092	WA-0042	11/01/2017	Madina	Ghana	1244:VO-GH-YAWSON
VBS19093	WA-0043	11/01/2017	Madina	Ghana	1244:VO-GH-YAWSON
VBS19094	WA-0044	11/01/2017	Madina	Ghana	1244:VO-GH-YAWSON
VBS19095	WA-0045	11/01/2017	Madina	Ghana	1244:VO-GH-YAWSON
VBS19096	WA-0046	11/01/2017	Madina	Ghana	1244:VO-GH-YAWSON
VBS19097	WA-0047	11/01/2017	Madina	Ghana	1244:VO-GH-YAWSON
VBS19098	WA-0048	11/01/2017	Madina	Ghana	1244:VO-GH-YAWSON
VBS19099	WA-0049	11/01/2017	Madina	Ghana	1244:VO-GH-YAWSON
VBS19100	WA-0050	11/01/2017	Madina	Ghana	1244:VO-GH-YAWSON
VBS19101	WA-0051	11/01/2017	Madina	Ghana	1244:VO-GH-YAWSON
VBS19102	WA-0052	11/01/2017	Madina	Ghana	1244:VO-GH-YAWSON
VBS19103	WA-0053	11/01/2017	Madina	Ghana	1244:VO-GH-YAWSON
VBS19104	WA-0054	11/01/2017	Madina	Ghana	1244:VO-GH-YAWSON
VBS19105	WA-0055	11/01/2017	Madina	Ghana	1244:VO-GH-YAWSON
VBS19106	WA-0056	11/01/2017	Madina	Ghana	1244:VO-GH-YAWSON
VBS19107	WA-0057	11/01/2017	Madina	Ghana	1244:VO-GH-YAWSON
VBS19108	WA-0058	11/01/2017	Madina	Ghana	1244:VO-GH-YAWSON
VBS19109	WA-0059	11/01/2017	Madina	Ghana	1244:VO-GH-YAWSON
VBS19110	WA-0060	11/01/2017	Madina	Ghana	1244:VO-GH-YAWSON
VBS19111	WA-0061	11/01/2017	Madina	Ghana	1244:VO-GH-YAWSON
VBS19112	WA-0062	11/01/2017	Madina	Ghana	1244:VO-GH-YAWSON
VBS19113	WA-0063	11/01/2017	Madina	Ghana	1244:VO-GH-YAWSON
VBS19114	WA-0064	11/01/2017	Madina	Ghana	1244:VO-GH-YAWSON
VBS19115	WA-0065	11/01/2017	Madina	Ghana	1244:VO-GH-YAWSON
VBS19116	WA-0066	11/01/2017	Madina	Ghana	1244:VO-GH-YAWSON
VBS19117	WA-0067	11/01/2017	Madina	Ghana	1244:VO-GH-YAWSON
VBS19118	WA-0068	11/01/2017	Madina	Ghana	1244:VO-GH-YAWSON
VBS19119	WA-0069	11/01/2017	Madina	Ghana	1244:VO-GH-YAWSON
VBS19120	WA-0070	11/01/2017	Madina	Ghana	1244:VO-GH-YAWSON
VBS19121	WA-0071	11/01/2017	Madina	Ghana	1244:VO-GH-YAWSON
VBS19122	WA-0072	11/01/2017	Madina	Ghana	1244:VO-GH-YAWSON
VBS19432	WA-0498	11/01/2017	Madina	Ghana	1244:VO-GH-YAWSON
VBS19433	WA-0499	11/01/2017	Madina	Ghana	1244:VO-GH-YAWSON
VBS19434	WA-0500	11/01/2017	Madina	Ghana	1244:VO-GH-YAWSON
VBS19435	WA-0501	11/01/2017	Madina	Ghana	1244:VO-GH-YAWSON
VBS19436	WA-0502	11/01/2017	Madina	Ghana	1244:VO-GH-YAWSON
VBS19437	WA-0503	11/01/2017	Madina	Ghana	1244:VO-GH-YAWSON
VBS19438	WA-0504	11/01/2017	Madina	Ghana	1244:VO-GH-YAWSON
VBS19439	WA-0505	11/01/2017	Madina	Ghana	1244:VO-GH-YAWSON
VBS19440	WA-0506	11/01/2017	Madina	Ghana	1244:VO-GH-YAWSON
VBS19441	WA-0507	11/01/2017	Madina	Ghana	1244:VO-GH-YAWSON
VBS19442	WA-0508	11/01/2017	Madina	Ghana	1244:VO-GH-YAWSON
VBS19443	WA-0509	11/01/2017	Madina	Ghana	1244:VO-GH-YAWSON
VBS19444	WA-0510	11/01/2017	Madina	Ghana	1244:VO-GH-YAWSON
VBS19445	WA-0511	11/01/2017	Madina	Ghana	1244:VO-GH-YAWSON
VBS19446	WA-0512	11/01/2017	Madina	Ghana	1244:VO-GH-YAWSON
VBS19447	WA-0513	11/01/2017	Madina	Ghana	1244:VO-GH-YAWSON
VBS19448	WA-0514	11/01/2017	Madina	Ghana	1244:VO-GH-YAWSON
VBS19449	WA-0515	11/01/2017	Madina	Ghana	1244:VO-GH-YAWSON
VBS19450	WA-0516	11/01/2017	Madina	Ghana	1244:VO-GH-YAWSON
VBS19451	WA-0517	11/01/2017	Madina	Ghana	1244:VO-GH-YAWSON
VBS19452	WA-0518	11/01/2017	Madina	Ghana	1244:VO-GH-YAWSON
VBS19453	WA-0519	11/01/2017	Madina	Ghana	1244:VO-GH-YAWSON
VBS19454	WA-0520	11/01/2017	Madina	Ghana	1244:VO-GH-YAWSON
VBS19455	WA-0521	11/01/2017	Madina	Ghana	1244:VO-GH-YAWSON
VBS19456	WA-0522	11/01/2017	Madina	Ghana	1244:VO-GH-YAWSON
VBS19457	WA-0523	11/01/2017	Madina	Ghana	1244:VO-GH-YAWSON
VBS19458	WA-0524	11/01/2017	Madina	Ghana	1244:VO-GH-YAWSON
VBS19459	WA-0525	11/01/2017	Madina	Ghana	1244:VO-GH-YAWSON
VBS19460	WA-0526	11/01/2017	Madina	Ghana	1244:VO-GH-YAWSON
VBS19461	WA-0527	11/01/2017	Madina	Ghana	1244:VO-GH-YAWSON
VBS19462	WA-0528	11/01/2017	Madina	Ghana	1244:VO-GH-YAWSON
VBS19463	WA-0529	11/01/2017	Madina	Ghana	1244:VO-GH-YAWSON
VBS19464	WA-0530	11/01/2017	Madina	Ghana	1244:VO-GH-YAWSON
VBS19465	WA-0531	11/01/2017	Madina	Ghana	1244:VO-GH-YAWSON
VBS19466	WA-0532	11/01/2017	Madina	Ghana	1244:VO-GH-YAWSON
VBS19467	WA-0533	11/01/2017	Madina	Ghana	1244:VO-GH-YAWSON
VBS19468	WA-0534	11/01/2017	Madina	Ghana	1244:VO-GH-YAWSON
VBS19469	WA-0535	11/01/2017	Madina	Ghana	1244:VO-GH-YAWSON
VBS19470	WA-0536	11/01/2017	Madina	Ghana	1244:VO-GH-YAWSON
VBS19471	WA-0537	11/01/2017	Madina	Ghana	1244:VO-GH-YAWSON
VBS19472	WA-0538	11/01/2017	Madina	Ghana	1244:VO-GH-YAWSON
VBS19473	WA-0539	11/01/2017	Madina	Ghana	1244:VO-GH-YAWSON
VBS19474	WA-0540	11/01/2017	Madina	Ghana	1244:VO-GH-YAWSON
VBS19475	WA-0541	12/01/2017	Madina	Ghana	1244:VO-GH-YAWSON
VBS19476	WA-0542	12/01/2017	Madina	Ghana	1244:VO-GH-YAWSON
VBS19477	WA-0543	12/01/2017	Madina	Ghana	1244:VO-GH-YAWSON
VBS19478	WA-0544	12/01/2017	Madina	Ghana	1244:VO-GH-YAWSON
VBS19479	WA-0545	12/01/2017	Madina	Ghana	1244:VO-GH-YAWSON
VBS19480	WA-0546	12/01/2017	Madina	Ghana	1244:VO-GH-YAWSON
VBS19481	WA-0547	12/01/2017	Madina	Ghana	1244:VO-GH-YAWSON
VBS19482	WA-0548	12/01/2017	Madina	Ghana	1244:VO-GH-YAWSON
VBS19483	WA-0549	12/01/2017	Madina	Ghana	1244:VO-GH-YAWSON
VBS19484	WA-0550	12/01/2017	Madina	Ghana	1244:VO-GH-YAWSON
VBS19485	WA-0551	12/01/2017	Madina	Ghana	1244:VO-GH-YAWSON
VBS19486	WA-0552	12/01/2017	Madina	Ghana	1244:VO-GH-YAWSON
VBS19487	WA-0553	12/01/2017	Madina	Ghana	1244:VO-GH-YAWSON
VBS19488	WA-0554	12/01/2017	Madina	Ghana	1244:VO-GH-YAWSON
VBS19489	WA-0555	12/01/2017	Madina	Ghana	1244:VO-GH-YAWSON
VBS19490	WA-0556	12/01/2017	Madina	Ghana	1244:VO-GH-YAWSON
VBS19491	WA-0557	12/01/2017	Madina	Ghana	1244:VO-GH-YAWSON
VBS19492	WA-0558	12/01/2017	Madina	Ghana	1244:VO-GH-YAWSON
VBS19493	WA-0559	12/01/2017	Madina	Ghana	1244:VO-GH-YAWSON
VBS19494	WA-0560	12/01/2017	Madina	Ghana	1244:VO-GH-YAWSON
VBS19495	WA-0561	12/01/2017	Madina	Ghana	1244:VO-GH-YAWSON
VBS19496	WA-0562	12/01/2017	Madina	Ghana	1244:VO-GH-YAWSON
VBS19497	WA-0563	12/01/2017	Madina	Ghana	1244:VO-GH-YAWSON
VBS19498	WA-0564	12/01/2017	Madina	Ghana	1244:VO-GH-YAWSON
VBS19499	WA-0565	12/01/2017	Madina	Ghana	1244:VO-GH-YAWSON
VBS19500	WA-0566	12/01/2017	Madina	Ghana	1244:VO-GH-YAWSON
VBS19501	WA-0567	12/01/2017	Madina	Ghana	1244:VO-GH-YAWSON
VBS19502	WA-0568	12/01/2017	Madina	Ghana	1244:VO-GH-YAWSON
VBS19503	WA-0569	12/01/2017	Madina	Ghana	1244:VO-GH-YAWSON
VBS19504	WA-0570	12/01/2017	Madina	Ghana	1244:VO-GH-YAWSON
VBS19505	WA-0571	12/01/2017	Madina	Ghana	1244:VO-GH-YAWSON
VBS19506	WA-0572	12/01/2017	Madina	Ghana	1244:VO-GH-YAWSON
VBS19507	WA-0573	12/01/2017	Madina	Ghana	1244:VO-GH-YAWSON
VBS19508	WA-0574	12/01/2017	Madina	Ghana	1244:VO-GH-YAWSON
VBS19509	WA-0575	12/01/2017	Madina	Ghana	1244:VO-GH-YAWSON
VBS19510	WA-0576	12/01/2017	Madina	Ghana	1244:VO-GH-YAWSON
VBS19511	WA-0577	12/01/2017	Madina	Ghana	1244:VO-GH-YAWSON
VBS19512	WA-0578	12/01/2017	Madina	Ghana	1244:VO-GH-YAWSON
VBS19513	WA-0579	12/01/2017	Madina	Ghana	1244:VO-GH-YAWSON
VBS19514	WA-0580	12/01/2017	Madina	Ghana	1244:VO-GH-YAWSON
VBS19515	WA-0581	12/01/2017	Madina	Ghana	1244:VO-GH-YAWSON
VBS19516	WA-0582	12/01/2017	Madina	Ghana	1244:VO-GH-YAWSON
VBS19517	WA-0583	12/01/2017	Madina	Ghana	1244:VO-GH-YAWSON
VBS19518	WA-0584	12/01/2017	Madina	Ghana	1244:VO-GH-YAWSON
VBS19519	WA-0585	12/01/2017	Madina	Ghana	1244:VO-GH-YAWSON
VBS19520	WA-0586	12/01/2017	Madina	Ghana	1244:VO-GH-YAWSON
VBS19521	WA-0587	12/01/2017	Madina	Ghana	1244:VO-GH-YAWSON
VBS19522	WA-0588	12/01/2017	Madina	Ghana	1244:VO-GH-YAWSON
VBS19523	WA-0589	12/01/2017	Madina	Ghana	1244:VO-GH-YAWSON
VBS19524	WA-0590	12/01/2017	Madina	Ghana	1244:VO-GH-YAWSON
VBS19525	WA-0591	12/01/2017	Madina	Ghana	1244:VO-GH-YAWSON
VBS19526	WA-0592	12/01/2017	Madina	Ghana	1244:VO-GH-YAWSON
VBS19527	WA-0593	09/01/2017	Obuasi	Ghana	1244:VO-GH-YAWSON
VBS19528	WA-0594	09/01/2017	Obuasi	Ghana	1244:VO-GH-YAWSON
VBS19529	WA-0595	09/01/2017	Obuasi	Ghana	1244:VO-GH-YAWSON
VBS19530	WA-0596	09/01/2017	Obuasi	Ghana	1244:VO-GH-YAWSON
VBS19531	WA-0597	09/01/2017	Obuasi	Ghana	1244:VO-GH-YAWSON
VBS19532	WA-0598	09/01/2017	Obuasi	Ghana	1244:VO-GH-YAWSON
VBS19533	WA-0599	09/01/2017	Obuasi	Ghana	1244:VO-GH-YAWSON
VBS19534	WA-0600	09/01/2017	Obuasi	Ghana	1244:VO-GH-YAWSON
VBS19535	WA-0601	09/01/2017	Obuasi	Ghana	1244:VO-GH-YAWSON
VBS19536	WA-0602	09/01/2017	Obuasi	Ghana	1244:VO-GH-YAWSON
VBS19537	WA-0603	09/01/2017	Obuasi	Ghana	1244:VO-GH-YAWSON
VBS19538	WA-0604	09/01/2017	Obuasi	Ghana	1244:VO-GH-YAWSON
VBS19539	WA-0605	09/01/2017	Obuasi	Ghana	1244:VO-GH-YAWSON
VBS19540	WA-0606	09/01/2017	Obuasi	Ghana	1244:VO-GH-YAWSON
VBS19541	WA-0607	09/01/2017	Obuasi	Ghana	1244:VO-GH-YAWSON
VBS19542	WA-0608	09/01/2017	Obuasi	Ghana	1244:VO-GH-YAWSON
VBS19543	WA-0609	09/01/2017	Obuasi	Ghana	1244:VO-GH-YAWSON
VBS19544	WA-0610	09/01/2017	Obuasi	Ghana	1244:VO-GH-YAWSON
VBS19545	WA-0611	09/01/2017	Obuasi	Ghana	1244:VO-GH-YAWSON
VBS19546	WA-0612	09/01/2017	Obuasi	Ghana	1244:VO-GH-YAWSON
VBS19547	WA-0613	09/01/2017	Obuasi	Ghana	1244:VO-GH-YAWSON
VBS19548	WA-0614	09/01/2017	Obuasi	Ghana	1244:VO-GH-YAWSON
VBS19549	WA-0615	09/01/2017	Obuasi	Ghana	1244:VO-GH-YAWSON
VBS19550	WA-0616	09/01/2017	Obuasi	Ghana	1244:VO-GH-YAWSON
VBS19551	WA-0617	09/01/2017	Obuasi	Ghana	1244:VO-GH-YAWSON
VBS19552	WA-0618	09/01/2017	Obuasi	Ghana	1244:VO-GH-YAWSON
VBS19553	WA-0619	09/01/2017	Obuasi	Ghana	1244:VO-GH-YAWSON
VBS19554	WA-0620	09/01/2017	Obuasi	Ghana	1244:VO-GH-YAWSON
VBS19555	WA-0621	09/01/2017	Obuasi	Ghana	1244:VO-GH-YAWSON
VBS19556	WA-0622	09/01/2017	Obuasi	Ghana	1244:VO-GH-YAWSON
VBS19557	WA-0623	09/01/2017	Obuasi	Ghana	1244:VO-GH-YAWSON
VBS19558	WA-0624	09/01/2017	Obuasi	Ghana	1244:VO-GH-YAWSON
VBS19559	WA-0625	09/01/2017	Obuasi	Ghana	1244:VO-GH-YAWSON
VBS19560	WA-0626	09/01/2017	Obuasi	Ghana	1244:VO-GH-YAWSON
VBS19561	WA-0627	09/01/2017	Obuasi	Ghana	1244:VO-GH-YAWSON
VBS19562	WA-0628	09/01/2017	Obuasi	Ghana	1244:VO-GH-YAWSON
VBS19563	WA-0629	09/01/2017	Obuasi	Ghana	1244:VO-GH-YAWSON
VBS19564	WA-0630	09/01/2017	Obuasi	Ghana	1244:VO-GH-YAWSON
VBS19565	WA-0631	09/01/2017	Obuasi	Ghana	1244:VO-GH-YAWSON
VBS19566	WA-0632	09/01/2017	Obuasi	Ghana	1244:VO-GH-YAWSON
VBS19567	WA-0633	09/01/2017	Obuasi	Ghana	1244:VO-GH-YAWSON
VBS19568	WA-0634	09/01/2017	Obuasi	Ghana	1244:VO-GH-YAWSON
VBS19569	WA-0635	09/01/2017	Obuasi	Ghana	1244:VO-GH-YAWSON
VBS19570	WA-0636	09/01/2017	Obuasi	Ghana	1244:VO-GH-YAWSON
VBS19571	WA-0637	09/01/2017	Obuasi	Ghana	1244:VO-GH-YAWSON
VBS19572	WA-0638	09/01/2017	Obuasi	Ghana	1244:VO-GH-YAWSON
VBS19573	WA-0639	09/01/2017	Obuasi	Ghana	1244:VO-GH-YAWSON
VBS19574	WA-0640	09/01/2017	Obuasi	Ghana	1244:VO-GH-YAWSON
VBS19575	WA-0641	09/01/2017	Obuasi	Ghana	1244:VO-GH-YAWSON
VBS19576	WA-0642	09/01/2017	Obuasi	Ghana	1244:VO-GH-YAWSON
VBS19577	WA-0643	09/01/2017	Obuasi	Ghana	1244:VO-GH-YAWSON
VBS19578	WA-0644	09/01/2017	Obuasi	Ghana	1244:VO-GH-YAWSON
VBS19579	WA-0645	09/01/2017	Obuasi	Ghana	1244:VO-GH-YAWSON
VBS19580	WA-0646	09/01/2017	Obuasi	Ghana	1244:VO-GH-YAWSON
VBS19581	WA-0647	09/01/2017	Obuasi	Ghana	1244:VO-GH-YAWSON
VBS19582	WA-0648	09/01/2017	Obuasi	Ghana	1244:VO-GH-YAWSON
VBS19583	WA-0649	09/01/2017	Obuasi	Ghana	1244:VO-GH-YAWSON
VBS19584	WA-0650	09/01/2017	Obuasi	Ghana	1244:VO-GH-YAWSON
VBS19585	WA-0651	09/01/2017	Obuasi	Ghana	1244:VO-GH-YAWSON
VBS19586	WA-0652	09/01/2017	Obuasi	Ghana	1244:VO-GH-YAWSON
VBS19587	WA-0653	09/01/2017	Obuasi	Ghana	1244:VO-GH-YAWSON
VBS19588	WA-0654	09/01/2017	Obuasi	Ghana	1244:VO-GH-YAWSON
VBS19589	WA-0655	09/01/2017	Obuasi	Ghana	1244:VO-GH-YAWSON
VBS19590	WA-0656	09/01/2017	Obuasi	Ghana	1244:VO-GH-YAWSON
VBS19591	WA-0657	09/01/2017	Obuasi	Ghana	1244:VO-GH-YAWSON
VBS19592	WA-0658	09/01/2017	Obuasi	Ghana	1244:VO-GH-YAWSON
VBS19593	WA-0659	09/01/2017	Obuasi	Ghana	1244:VO-GH-YAWSON
VBS19594	WA-0660	09/01/2017	Obuasi	Ghana	1244:VO-GH-YAWSON
VBS19595	WA-0661	09/01/2017	Obuasi	Ghana	1244:VO-GH-YAWSON
VBS19596	WA-0662	09/01/2017	Obuasi	Ghana	1244:VO-GH-YAWSON
VBS19597	WA-0663	09/01/2017	Obuasi	Ghana	1244:VO-GH-YAWSON
VBS19598	WA-0664	09/01/2017	Obuasi	Ghana	1244:VO-GH-YAWSON
VBS19599	WA-0665	09/01/2017	Obuasi	Ghana	1244:VO-GH-YAWSON
VBS19600	WA-0666	09/01/2017	Obuasi	Ghana	1244:VO-GH-YAWSON
VBS19601	WA-0667	09/01/2017	Obuasi	Ghana	1244:VO-GH-YAWSON
VBS19602	WA-0668	09/01/2017	Obuasi	Ghana	1244:VO-GH-YAWSON
VBS19603	WA-0669	09/01/2017	Obuasi	Ghana	1244:VO-GH-YAWSON
VBS19604	WA-0670	09/01/2017	Obuasi	Ghana	1244:VO-GH-YAWSON
VBS19605	WA-0671	09/01/2017	Obuasi	Ghana	1244:VO-GH-YAWSON
VBS19606	WA-0672	09/01/2017	Obuasi	Ghana	1244:VO-GH-YAWSON
VBS19607	WA-0673	09/01/2017	Obuasi	Ghana	1244:VO-GH-YAWSON
VBS19608	WA-0674	09/01/2017	Obuasi	Ghana	1244:VO-GH-YAWSON
VBS19609	WA-0675	09/01/2017	Obuasi	Ghana	1244:VO-GH-YAWSON
VBS19610	WA-0676	09/01/2017	Obuasi	Ghana	1244:VO-GH-YAWSON
VBS19611	WA-0677	09/01/2017	Obuasi	Ghana	1244:VO-GH-YAWSON
VBS19612	WA-0678	09/01/2017	Obuasi	Ghana	1244:VO-GH-YAWSON
VBS19613	WA-0679	09/01/2017	Obuasi	Ghana	1244:VO-GH-YAWSON
VBS19614	WA-0680	09/01/2017	Obuasi	Ghana	1244:VO-GH-YAWSON
VBS19615	WA-0681	09/01/2017	Obuasi	Ghana	1244:VO-GH-YAWSON
VBS19616	WA-0682	09/01/2017	Obuasi	Ghana	1244:VO-GH-YAWSON
VBS19617	WA-0683	09/01/2017	Obuasi	Ghana	1244:VO-GH-YAWSON
VBS19618	WA-0684	09/01/2017	Obuasi	Ghana	1244:VO-GH-YAWSON
VBS19619	WA-0685	09/01/2017	Obuasi	Ghana	1244:VO-GH-YAWSON
VBS19620	WA-0686	09/01/2017	Obuasi	Ghana	1244:VO-GH-YAWSON
VBS19621	WA-0687	09/01/2017	Obuasi	Ghana	1244:VO-GH-YAWSON
VBS19622	WA-0688	09/01/2017	Obuasi	Ghana	1244:VO-GH-YAWSON
VBS19623	WA-0689	09/01/2017	Obuasi	Ghana	1244:VO-GH-YAWSON
VBS19624	WA-0690	09/01/2017	Obuasi	Ghana	1244:VO-GH-YAWSON
VBS19625	WA-0691	09/01/2017	Obuasi	Ghana	1244:VO-GH-YAWSON
VBS19626	WA-0692	09/01/2017	Obuasi	Ghana	1244:VO-GH-YAWSON
VBS19627	WA-0693	09/01/2017	Obuasi	Ghana	1244:VO-GH-YAWSON
VBS19628	WA-0694	09/01/2017	Obuasi	Ghana	1244:VO-GH-YAWSON
VBS19629	WA-0695	09/01/2017	Obuasi	Ghana	1244:VO-GH-YAWSON
VBS19630	WA-0696	09/01/2017	Obuasi	Ghana	1244:VO-GH-YAWSON
VBS19631	WA-0697	09/01/2017	Obuasi	Ghana	1244:VO-GH-YAWSON
VBS19632	WA-0698	09/01/2017	Obuasi	Ghana	1244:VO-GH-YAWSON
VBS19633	WA-0699	09/01/2017	Obuasi	Ghana	1244:VO-GH-YAWSON
VBS19634	WA-0700	09/01/2017	Obuasi	Ghana	1244:VO-GH-YAWSON
VBS19635	WA-0701	09/01/2017	Obuasi	Ghana	1244:VO-GH-YAWSON
VBS19636	WA-0702	09/01/2017	Obuasi	Ghana	1244:VO-GH-YAWSON
VBS19637	WA-0703	09/01/2017	Obuasi	Ghana	1244:VO-GH-YAWSON
VBS19638	WA-0704	09/01/2017	Obuasi	Ghana	1244:VO-GH-YAWSON
VBS19639	WA-0705	09/01/2017	Obuasi	Ghana	1244:VO-GH-YAWSON
VBS19640	WA-0706	09/01/2017	Obuasi	Ghana	1244:VO-GH-YAWSON
VBS19641	WA-0707	09/01/2017	Obuasi	Ghana	1244:VO-GH-YAWSON
VBS19642	WA-0708	09/01/2017	Obuasi	Ghana	1244:VO-GH-YAWSON
VBS19643	WA-0709	09/01/2017	Obuasi	Ghana	1244:VO-GH-YAWSON
VBS19644	WA-0710	09/01/2017	Obuasi	Ghana	1244:VO-GH-YAWSON
VBS19645	WA-0711	09/01/2017	Obuasi	Ghana	1244:VO-GH-YAWSON
VBS19646	WA-0712	09/01/2017	Obuasi	Ghana	1244:VO-GH-YAWSON
VBS19647	WA-0713	09/01/2017	Obuasi	Ghana	1244:VO-GH-YAWSON
VBS19648	WA-0714	09/01/2017	Obuasi	Ghana	1244:VO-GH-YAWSON
VBS19649	WA-0715	09/01/2017	Obuasi	Ghana	1244:VO-GH-YAWSON
VBS19650	WA-0716	09/01/2017	Obuasi	Ghana	1244:VO-GH-YAWSON
VBS19651	WA-0717	09/01/2017	Obuasi	Ghana	1244:VO-GH-YAWSON
VBS19652	WA-0718	09/01/2017	Obuasi	Ghana	1244:VO-GH-YAWSON
VBS19653	WA-0719	09/01/2017	Obuasi	Ghana	1244:VO-GH-YAWSON
VBS19654	WA-0720	09/01/2017	Obuasi	Ghana	1244:VO-GH-YAWSON
VBS19655	WA-0721	09/01/2017	Obuasi	Ghana	1244:VO-GH-YAWSON
VBS19656	WA-0722	09/01/2017	Obuasi	Ghana	1244:VO-GH-YAWSON
VBS19657	WA-0723	09/01/2017	Obuasi	Ghana	1244:VO-GH-YAWSON
VBS19658	WA-0724	09/01/2017	Obuasi	Ghana	1244:VO-GH-YAWSON
VBS19659	WA-0725	09/01/2017	Obuasi	Ghana	1244:VO-GH-YAWSON
VBS19660	WA-0878	01/01/2018	Korle-Bu	Ghana	1244:VO-GH-YAWSON
VBS19661	WA-0879	01/01/2018	Korle-Bu	Ghana	1244:VO-GH-YAWSON
VBS19662	WA-0880	01/01/2018	Korle-Bu	Ghana	1244:VO-GH-YAWSON
VBS19663	WA-0881	01/01/2018	Korle-Bu	Ghana	1244:VO-GH-YAWSON
VBS19664	WA-0882	01/01/2018	Korle-Bu	Ghana	1244:VO-GH-YAWSON
VBS19665	WA-0883	01/01/2018	Korle-Bu	Ghana	1244:VO-GH-YAWSON
VBS19666	WA-0884	01/01/2018	Korle-Bu	Ghana	1244:VO-GH-YAWSON
VBS19667	WA-0885	01/01/2018	Korle-Bu	Ghana	1244:VO-GH-YAWSON
VBS19668	WA-0886	02/01/2018	Korle-Bu	Ghana	1244:VO-GH-YAWSON
VBS19669	WA-0887	02/01/2018	Korle-Bu	Ghana	1244:VO-GH-YAWSON
VBS19670	WA-0888	02/01/2018	Korle-Bu	Ghana	1244:VO-GH-YAWSON
VBS19671	WA-0889	02/01/2018	Korle-Bu	Ghana	1244:VO-GH-YAWSON
VBS19672	WA-0890	02/01/2018	Korle-Bu	Ghana	1244:VO-GH-YAWSON
VBS19673	WA-0891	02/01/2018	Korle-Bu	Ghana	1244:VO-GH-YAWSON
VBS19674	WA-0892	02/01/2018	Korle-Bu	Ghana	1244:VO-GH-YAWSON
VBS19675	WA-0893	02/01/2018	Korle-Bu	Ghana	1244:VO-GH-YAWSON
VBS19676	WA-0894	02/01/2018	Korle-Bu	Ghana	1244:VO-GH-YAWSON
VBS19677	WA-0895	02/01/2018	Korle-Bu	Ghana	1244:VO-GH-YAWSON
VBS19678	WA-0896	02/01/2018	Korle-Bu	Ghana	1244:VO-GH-YAWSON
VBS19679	WA-0897	02/01/2018	Korle-Bu	Ghana	1244:VO-GH-YAWSON
VBS19680	WA-0898	02/01/2018	Korle-Bu	Ghana	1244:VO-GH-YAWSON
VBS19681	WA-0899	02/01/2018	Korle-Bu	Ghana	1244:VO-GH-YAWSON
VBS19682	WA-0900	02/01/2018	Korle-Bu	Ghana	1244:VO-GH-YAWSON
VBS19683	WA-0901	02/01/2018	Korle-Bu	Ghana	1244:VO-GH-YAWSON
VBS19684	WA-0902	02/01/2018	Korle-Bu	Ghana	1244:VO-GH-YAWSON
VBS19685	WA-0903	02/01/2018	Korle-Bu	Ghana	1244:VO-GH-YAWSON
VBS19686	WA-0904	02/01/2018	Korle-Bu	Ghana	1244:VO-GH-YAWSON
VBS19687	WA-0905	02/01/2018	Korle-Bu	Ghana	1244:VO-GH-YAWSON
VBS19688	WA-0906	02/01/2018	Korle-Bu	Ghana	1244:VO-GH-YAWSON
VBS19689	WA-0907	02/01/2018	Korle-Bu	Ghana	1244:VO-GH-YAWSON
VBS19690	WA-0908	02/01/2018	Korle-Bu	Ghana	1244:VO-GH-YAWSON
VBS19691	WA-0909	02/01/2018	Korle-Bu	Ghana	1244:VO-GH-YAWSON
VBS19692	WA-0910	02/01/2018	Korle-Bu	Ghana	1244:VO-GH-YAWSON
VBS19693	WA-0911	02/01/2018	Korle-Bu	Ghana	1244:VO-GH-YAWSON
VBS19694	WA-0912	02/01/2018	Korle-Bu	Ghana	1244:VO-GH-YAWSON
VBS19695	WA-0913	02/01/2018	Korle-Bu	Ghana	1244:VO-GH-YAWSON
VBS19696	WA-0914	02/01/2018	Korle-Bu	Ghana	1244:VO-GH-YAWSON
VBS19697	WA-0915	02/01/2018	Korle-Bu	Ghana	1244:VO-GH-YAWSON
VBS19698	WA-0916	02/01/2018	Korle-Bu	Ghana	1244:VO-GH-YAWSON
VBS19699	WA-0917	02/01/2018	Korle-Bu	Ghana	1244:VO-GH-YAWSON
VBS19700	WA-0918	02/01/2018	Korle-Bu	Ghana	1244:VO-GH-YAWSON
VBS19701	WA-0919	02/01/2018	Korle-Bu	Ghana	1244:VO-GH-YAWSON
VBS19702	WA-0920	02/01/2018	Korle-Bu	Ghana	1244:VO-GH-YAWSON
VBS19703	WA-0921	02/01/2018	Korle-Bu	Ghana	1244:VO-GH-YAWSON
VBS19704	WA-0922	02/01/2018	Korle-Bu	Ghana	1244:VO-GH-YAWSON
VBS19705	WA-0923	02/01/2018	Korle-Bu	Ghana	1244:VO-GH-YAWSON
VBS19706	WA-0924	02/01/2018	Korle-Bu	Ghana	1244:VO-GH-YAWSON
VBS19707	WA-0925	02/01/2018	Korle-Bu	Ghana	1244:VO-GH-YAWSON
VBS19708	WA-0926	02/01/2018	Korle-Bu	Ghana	1244:VO-GH-YAWSON
VBS19709	WA-0927	02/01/2018	Korle-Bu	Ghana	1244:VO-GH-YAWSON
VBS19710	WA-0928	02/01/2018	Korle-Bu	Ghana	1244:VO-GH-YAWSON
VBS19711	WA-0929	02/01/2018	Korle-Bu	Ghana	1244:VO-GH-YAWSON
VBS19712	WA-0930	02/01/2018	Korle-Bu	Ghana	1244:VO-GH-YAWSON
VBS19713	WA-0931	02/01/2018	Korle-Bu	Ghana	1244:VO-GH-YAWSON
VBS19714	WA-0932	02/01/2018	Korle-Bu	Ghana	1244:VO-GH-YAWSON
VBS19715	WA-0933	02/01/2018	Korle-Bu	Ghana	1244:VO-GH-YAWSON
VBS19716	WA-0934	02/01/2018	Korle-Bu	Ghana	1244:VO-GH-YAWSON
VBS19717	WA-0935	02/01/2018	Korle-Bu	Ghana	1244:VO-GH-YAWSON
VBS19718	WA-0936	02/01/2018	Korle-Bu	Ghana	1244:VO-GH-YAWSON
VBS19719	WA-0937	02/01/2018	Korle-Bu	Ghana	1244:VO-GH-YAWSON
VBS19720	WA-0938	02/01/2018	Korle-Bu	Ghana	1244:VO-GH-YAWSON
VBS19721	WA-0939	02/01/2018	Korle-Bu	Ghana	1244:VO-GH-YAWSON
VBS19722	WA-0940	02/01/2018	Korle-Bu	Ghana	1244:VO-GH-YAWSON
VBS19723	WA-0941	02/01/2018	Korle-Bu	Ghana	1244:VO-GH-YAWSON
VBS19724	WA-0942	02/01/2018	Korle-Bu	Ghana	1244:VO-GH-YAWSON
VBS19725	WA-0943	02/01/2018	Korle-Bu	Ghana	1244:VO-GH-YAWSON
VBS19726	WA-0944	02/01/2018	Korle-Bu	Ghana	1244:VO-GH-YAWSON
VBS19727	WA-0945	02/01/2018	Korle-Bu	Ghana	1244:VO-GH-YAWSON
VBS19728	WA-0946	02/01/2018	Korle-Bu	Ghana	1244:VO-GH-YAWSON
VBS19729	WA-0947	02/01/2018	Korle-Bu	Ghana	1244:VO-GH-YAWSON
VBS19730	WA-0948	02/01/2018	Korle-Bu	Ghana	1244:VO-GH-YAWSON
VBS19731	WA-0949	02/01/2018	Korle-Bu	Ghana	1244:VO-GH-YAWSON
VBS19732	WA-0950	02/01/2018	Korle-Bu	Ghana	1244:VO-GH-YAWSON
VBS19733	WA-0951	02/01/2018	Korle-Bu	Ghana	1244:VO-GH-YAWSON
VBS19734	WA-0952	02/01/2018	Korle-Bu	Ghana	1244:VO-GH-YAWSON
VBS19735	WA-0953	02/01/2018	Korle-Bu	Ghana	1244:VO-GH-YAWSON
VBS19736	WA-0954	02/01/2018	Korle-Bu	Ghana	1244:VO-GH-YAWSON
VBS19737	WA-0955	02/01/2018	Korle-Bu	Ghana	1244:VO-GH-YAWSON
VBS19738	WA-0956	02/01/2018	Korle-Bu	Ghana	1244:VO-GH-YAWSON
VBS19739	WA-0957	02/01/2018	Korle-Bu	Ghana	1244:VO-GH-YAWSON
VBS19740	WA-0958	02/01/2018	Korle-Bu	Ghana	1244:VO-GH-YAWSON
VBS19741	WA-0959	02/01/2018	Korle-Bu	Ghana	1244:VO-GH-YAWSON
VBS19742	WA-0960	02/01/2018	Korle-Bu	Ghana	1244:VO-GH-YAWSON
VBS19743	WA-0961	02/01/2018	Korle-Bu	Ghana	1244:VO-GH-YAWSON
VBS19744	WA-0962	02/01/2018	Korle-Bu	Ghana	1244:VO-GH-YAWSON
VBS19745	WA-0963	02/01/2018	Korle-Bu	Ghana	1244:VO-GH-YAWSON
VBS19746	WA-0964	02/01/2018	Korle-Bu	Ghana	1244:VO-GH-YAWSON
VBS19747	WA-0965	02/01/2018	Korle-Bu	Ghana	1244:VO-GH-YAWSON
VBS19748	WA-0966	02/01/2018	Korle-Bu	Ghana	1244:VO-GH-YAWSON
VBS19749	WA-0967	02/01/2018	Korle-Bu	Ghana	1244:VO-GH-YAWSON
VBS19750	WA-0968	02/01/2018	Korle-Bu	Ghana	1244:VO-GH-YAWSON
VBS19751	WA-0969	02/01/2018	Korle-Bu	Ghana	1244:VO-GH-YAWSON
VBS19752	WA-0970	02/01/2018	Korle-Bu	Ghana	1244:VO-GH-YAWSON
VBS19753	WA-0971	02/01/2018	Korle-Bu	Ghana	1244:VO-GH-YAWSON
VBS19754	WA-0972	02/01/2018	Korle-Bu	Ghana	1244:VO-GH-YAWSON
VBS19755	WA-0973	01/01/2018	Korle-Bu	Ghana	1244:VO-GH-YAWSON
VBS19756	WA-0974	01/01/2018	Korle-Bu	Ghana	1244:VO-GH-YAWSON
VBS19757	WA-0975	02/01/2018	Korle-Bu	Ghana	1244:VO-GH-YAWSON
VBS19758	WA-0976	02/01/2018	Korle-Bu	Ghana	1244:VO-GH-YAWSON
VBS19759	WA-0977	02/01/2018	Korle-Bu	Ghana	1244:VO-GH-YAWSON
VBS19760	WA-0978	02/01/2018	Korle-Bu	Ghana	1244:VO-GH-YAWSON
VBS19761	WA-0979	02/01/2018	Korle-Bu	Ghana	1244:VO-GH-YAWSON
VBS19762	WA-0980	02/01/2018	Korle-Bu	Ghana	1244:VO-GH-YAWSON
VBS19763	WA-0981	02/01/2018	Korle-Bu	Ghana	1244:VO-GH-YAWSON
VBS19764	WA-0982	02/01/2018	Korle-Bu	Ghana	1244:VO-GH-YAWSON
VBS19765	WA-0983	02/01/2018	Korle-Bu	Ghana	1244:VO-GH-YAWSON
VBS19766	WA-0984	02/01/2018	Korle-Bu	Ghana	1244:VO-GH-YAWSON
VBS19767	WA-0985	02/01/2018	Korle-Bu	Ghana	1244:VO-GH-YAWSON
VBS19768	WA-0986	02/01/2018	Korle-Bu	Ghana	1244:VO-GH-YAWSON
VBS19769	WA-0987	02/01/2018	Korle-Bu	Ghana	1244:VO-GH-YAWSON
VBS19770	WA-0988	02/01/2018	Korle-Bu	Ghana	1244:VO-GH-YAWSON
VBS19771	WA-0989	02/01/2018	Korle-Bu	Ghana	1244:VO-GH-YAWSON
VBS19772	WA-0990	02/01/2018	Korle-Bu	Ghana	1244:VO-GH-YAWSON
VBS19773	WA-0991	02/01/2018	Korle-Bu	Ghana	1244:VO-GH-YAWSON
VBS19774	WA-0992	02/01/2018	Korle-Bu	Ghana	1244:VO-GH-YAWSON
VBS19775	WA-0993	02/01/2018	Korle-Bu	Ghana	1244:VO-GH-YAWSON
VBS19776	WA-0994	02/01/2018	Korle-Bu	Ghana	1244:VO-GH-YAWSON
VBS19777	WA-0995	02/01/2018	Korle-Bu	Ghana	1244:VO-GH-YAWSON
VBS19778	WA-0996	02/01/2018	Korle-Bu	Ghana	1244:VO-GH-YAWSON
VBS19779	WA-0997	02/01/2018	Korle-Bu	Ghana	1244:VO-GH-YAWSON
VBS19780	WA-0998	02/01/2018	Korle-Bu	Ghana	1244:VO-GH-YAWSON
VBS19781	WA-0999	02/01/2018	Korle-Bu	Ghana	1244:VO-GH-YAWSON
VBS19782	WA-1000	02/01/2018	Korle-Bu	Ghana	1244:VO-GH-YAWSON
VBS19783	WA-1001	02/01/2018	Korle-Bu	Ghana	1244:VO-GH-YAWSON
VBS19784	WA-1002	02/01/2018	Korle-Bu	Ghana	1244:VO-GH-YAWSON
VBS19785	WA-1003	02/01/2018	Korle-Bu	Ghana	1244:VO-GH-YAWSON
VBS19786	WA-1004	02/01/2018	Korle-Bu	Ghana	1244:VO-GH-YAWSON
VBS19787	WA-1005	02/01/2018	Korle-Bu	Ghana	1244:VO-GH-YAWSON
VBS19788	WA-1006	02/01/2018	Korle-Bu	Ghana	1244:VO-GH-YAWSON
VBS19789	WA-1007	02/01/2018	Korle-Bu	Ghana	1244:VO-GH-YAWSON
VBS19790	WA-1008	02/01/2018	Korle-Bu	Ghana	1244:VO-GH-YAWSON
VBS19791	WA-1009	02/01/2018	Korle-Bu	Ghana	1244:VO-GH-YAWSON
VBS19792	WA-1010	02/01/2018	Korle-Bu	Ghana	1244:VO-GH-YAWSON
VBS19793	WA-1011	02/01/2018	Korle-Bu	Ghana	1244:VO-GH-YAWSON
VBS19794	WA-1012	02/01/2018	Korle-Bu	Ghana	1244:VO-GH-YAWSON
VBS19795	WA-1013	02/01/2018	Korle-Bu	Ghana	1244:VO-GH-YAWSON
VBS19796	WA-1014	02/01/2018	Korle-Bu	Ghana	1244:VO-GH-YAWSON
VBS19797	WA-1015	02/01/2018	Korle-Bu	Ghana	1244:VO-GH-YAWSON
VBS19798	WA-1016	02/01/2018	Korle-Bu	Ghana	1244:VO-GH-YAWSON
VBS19799	WA-1017	02/01/2018	Korle-Bu	Ghana	1244:VO-GH-YAWSON
VBS19800	WA-1018	02/01/2018	Korle-Bu	Ghana	1244:VO-GH-YAWSON
VBS19801	WA-1019	02/01/2018	Korle-Bu	Ghana	1244:VO-GH-YAWSON
VBS19802	WA-1020	02/01/2018	Korle-Bu	Ghana	1244:VO-GH-YAWSON
VBS19803	WA-1021	02/01/2018	Korle-Bu	Ghana	1244:VO-GH-YAWSON
VBS19804	WA-1022	02/01/2018	Korle-Bu	Ghana	1244:VO-GH-YAWSON
VBS19805	WA-1023	02/01/2018	Korle-Bu	Ghana	1244:VO-GH-YAWSON
VBS19806	WA-1024	02/01/2018	Korle-Bu	Ghana	1244:VO-GH-YAWSON
VBS19807	WA-1025	02/01/2018	Korle-Bu	Ghana	1244:VO-GH-YAWSON
VBS19808	WA-1026	02/01/2018	Korle-Bu	Ghana	1244:VO-GH-YAWSON
VBS19809	WA-1027	02/01/2018	Korle-Bu	Ghana	1244:VO-GH-YAWSON
VBS19810	WA-1028	02/01/2018	Korle-Bu	Ghana	1244:VO-GH-YAWSON
VBS19811	WA-1029	02/01/2018	Korle-Bu	Ghana	1244:VO-GH-YAWSON
VBS19812	WA-1030	02/01/2018	Korle-Bu	Ghana	1244:VO-GH-YAWSON
VBS19813	WA-1031	02/01/2018	Korle-Bu	Ghana	1244:VO-GH-YAWSON
VBS19814	WA-1032	02/01/2018	Korle-Bu	Ghana	1244:VO-GH-YAWSON
VBS19815	WA-1033	02/01/2018	Korle-Bu	Ghana	1244:VO-GH-YAWSON
VBS19816	WA-1034	02/01/2018	Korle-Bu	Ghana	1244:VO-GH-YAWSON
VBS19817	WA-1035	02/01/2018	Korle-Bu	Ghana	1244:VO-GH-YAWSON
VBS19818	WA-1036	02/01/2018	Korle-Bu	Ghana	1244:VO-GH-YAWSON
VBS19819	WA-1037	02/01/2018	Korle-Bu	Ghana	1244:VO-GH-YAWSON
VBS19820	WA-1038	02/01/2018	Korle-Bu	Ghana	1244:VO-GH-YAWSON
VBS19821	WA-1039	02/01/2018	Korle-Bu	Ghana	1244:VO-GH-YAWSON
VBS19822	WA-1040	02/01/2018	Korle-Bu	Ghana	1244:VO-GH-YAWSON
VBS19823	WA-1041	02/01/2018	Korle-Bu	Ghana	1244:VO-GH-YAWSON
VBS19824	WA-1042	02/01/2018	Korle-Bu	Ghana	1244:VO-GH-YAWSON
VBS19825	WA-1043	02/01/2018	Korle-Bu	Ghana	1244:VO-GH-YAWSON
VBS19826	WA-1146	01/01/2018	Korle-Bu	Ghana	1244:VO-GH-YAWSON
VBS19827	WA-1147	01/01/2018	Korle-Bu	Ghana	1244:VO-GH-YAWSON
VBS19828	WA-1148	01/01/2018	Korle-Bu	Ghana	1244:VO-GH-YAWSON
VBS19829	WA-1149	01/01/2018	Korle-Bu	Ghana	1244:VO-GH-YAWSON
VBS19830	WA-1150	01/01/2018	Korle-Bu	Ghana	1244:VO-GH-YAWSON
VBS19831	WA-1151	01/01/2018	Korle-Bu	Ghana	1244:VO-GH-YAWSON
VBS19832	WA-1152	01/01/2018	Korle-Bu	Ghana	1244:VO-GH-YAWSON
VBS19833	WA-1153	01/01/2018	Korle-Bu	Ghana	1244:VO-GH-YAWSON
VBS19834	WA-1154	01/01/2018	Korle-Bu	Ghana	1244:VO-GH-YAWSON
VBS19835	WA-1155	01/01/2018	Korle-Bu	Ghana	1244:VO-GH-YAWSON
VBS19836	WA-1156	01/01/2018	Korle-Bu	Ghana	1244:VO-GH-YAWSON
VBS19837	WA-1157	01/01/2018	Korle-Bu	Ghana	1244:VO-GH-YAWSON
VBS19838	WA-1158	01/01/2018	Korle-Bu	Ghana	1244:VO-GH-YAWSON
VBS19839	WA-1159	01/01/2018	Korle-Bu	Ghana	1244:VO-GH-YAWSON
VBS19840	WA-1160	02/01/2018	Korle-Bu	Ghana	1244:VO-GH-YAWSON
VBS19841	WA-1161	02/01/2018	Korle-Bu	Ghana	1244:VO-GH-YAWSON
VBS19842	WA-1162	02/01/2018	Korle-Bu	Ghana	1244:VO-GH-YAWSON
VBS19843	WA-1163	02/01/2018	Korle-Bu	Ghana	1244:VO-GH-YAWSON
VBS19844	WA-1164	02/01/2018	Korle-Bu	Ghana	1244:VO-GH-YAWSON
VBS19845	WA-1165	02/01/2018	Korle-Bu	Ghana	1244:VO-GH-YAWSON
VBS19846	WA-1166	02/01/2018	Korle-Bu	Ghana	1244:VO-GH-YAWSON
VBS19847	WA-1167	02/01/2018	Korle-Bu	Ghana	1244:VO-GH-YAWSON
VBS19848	WA-1168	02/01/2018	Korle-Bu	Ghana	1244:VO-GH-YAWSON
VBS19849	WA-1169	02/01/2018	Korle-Bu	Ghana	1244:VO-GH-YAWSON
VBS19850	WA-1170	02/01/2018	Korle-Bu	Ghana	1244:VO-GH-YAWSON
VBS19851	WA-1171	02/01/2018	Korle-Bu	Ghana	1244:VO-GH-YAWSON
VBS19852	WA-1172	02/01/2018	Korle-Bu	Ghana	1244:VO-GH-YAWSON
VBS19853	WA-1173	02/01/2018	Korle-Bu	Ghana	1244:VO-GH-YAWSON
VBS19854	WA-1174	02/01/2018	Korle-Bu	Ghana	1244:VO-GH-YAWSON
VBS19855	WA-1175	02/01/2018	Korle-Bu	Ghana	1244:VO-GH-YAWSON
VBS19856	WA-1176	02/01/2018	Korle-Bu	Ghana	1244:VO-GH-YAWSON
VBS19857	WA-1177	02/01/2018	Korle-Bu	Ghana	1244:VO-GH-YAWSON
VBS19858	WA-1178	02/01/2018	Korle-Bu	Ghana	1244:VO-GH-YAWSON
VBS19859	WA-1179	02/01/2018	Korle-Bu	Ghana	1244:VO-GH-YAWSON
VBS19860	WA-1180	02/01/2018	Korle-Bu	Ghana	1244:VO-GH-YAWSON
VBS19861	WA-1181	02/01/2018	Korle-Bu	Ghana	1244:VO-GH-YAWSON
VBS19862	WA-1182	02/01/2018	Korle-Bu	Ghana	1244:VO-GH-YAWSON
VBS19863	WA-1183	02/01/2018	Korle-Bu	Ghana	1244:VO-GH-YAWSON
VBS19864	WA-1184	02/01/2018	Korle-Bu	Ghana	1244:VO-GH-YAWSON
VBS19865	WA-1185	02/01/2018	Korle-Bu	Ghana	1244:VO-GH-YAWSON
VBS19866	WA-1186	02/01/2018	Korle-Bu	Ghana	1244:VO-GH-YAWSON
VBS19867	WA-1187	02/01/2018	Korle-Bu	Ghana	1244:VO-GH-YAWSON
VBS19868	WA-1188	02/01/2018	Korle-Bu	Ghana	1244:VO-GH-YAWSON
VBS19869	WA-1189	02/01/2018	Korle-Bu	Ghana	1244:VO-GH-YAWSON
VBS19870	WA-1190	02/01/2018	Korle-Bu	Ghana	1244:VO-GH-YAWSON
VBS19871	WA-1191	02/01/2018	Korle-Bu	Ghana	1244:VO-GH-YAWSON
VBS19872	WA-1192	02/01/2018	Korle-Bu	Ghana	1244:VO-GH-YAWSON
VBS19873	WA-1193	02/01/2018	Korle-Bu	Ghana	1244:VO-GH-YAWSON
VBS19874	WA-1194	02/01/2018	Korle-Bu	Ghana	1244:VO-GH-YAWSON
VBS19875	WA-1195	02/01/2018	Korle-Bu	Ghana	1244:VO-GH-YAWSON
VBS19876	WA-1196	02/01/2018	Korle-Bu	Ghana	1244:VO-GH-YAWSON
VBS19877	WA-1197	02/01/2018	Korle-Bu	Ghana	1244:VO-GH-YAWSON
VBS19878	WA-1198	02/01/2018	Korle-Bu	Ghana	1244:VO-GH-YAWSON
VBS19879	WA-1199	02/01/2018	Korle-Bu	Ghana	1244:VO-GH-YAWSON
VBS19880	WA-1200	02/01/2018	Korle-Bu	Ghana	1244:VO-GH-YAWSON
VBS19881	WA-1201	02/01/2018	Korle-Bu	Ghana	1244:VO-GH-YAWSON
VBS19882	WA-1202	02/01/2018	Korle-Bu	Ghana	1244:VO-GH-YAWSON
VBS19883	WA-1203	02/01/2018	Korle-Bu	Ghana	1244:VO-GH-YAWSON
VBS19884	WA-1204	02/01/2018	Korle-Bu	Ghana	1244:VO-GH-YAWSON
VBS19885	WA-1205	02/01/2018	Korle-Bu	Ghana	1244:VO-GH-YAWSON
VBS19886	WA-1206	02/01/2018	Korle-Bu	Ghana	1244:VO-GH-YAWSON
VBS19887	WA-1207	02/01/2018	Korle-Bu	Ghana	1244:VO-GH-YAWSON
VBS19888	WA-1208	02/01/2018	Korle-Bu	Ghana	1244:VO-GH-YAWSON
VBS19889	WA-1209	02/01/2018	Korle-Bu	Ghana	1244:VO-GH-YAWSON
VBS19890	WA-1210	02/01/2018	Korle-Bu	Ghana	1244:VO-GH-YAWSON
VBS19891	WA-1211	02/01/2018	Korle-Bu	Ghana	1244:VO-GH-YAWSON
VBS19892	WA-1212	02/01/2018	Korle-Bu	Ghana	1244:VO-GH-YAWSON
VBS19893	WA-1213	02/01/2018	Korle-Bu	Ghana	1244:VO-GH-YAWSON
VBS19894	WA-1214	02/01/2018	Korle-Bu	Ghana	1244:VO-GH-YAWSON
VBS19895	WA-1215	02/01/2018	Korle-Bu	Ghana	1244:VO-GH-YAWSON
VBS19896	WA-1216	02/01/2018	Korle-Bu	Ghana	1244:VO-GH-YAWSON
VBS19897	WA-1217	02/01/2018	Korle-Bu	Ghana	1244:VO-GH-YAWSON
VBS19898	WA-1218	02/01/2018	Korle-Bu	Ghana	1244:VO-GH-YAWSON
VBS19899	WA-1219	02/01/2018	Korle-Bu	Ghana	1244:VO-GH-YAWSON
VBS19900	WA-1220	02/01/2018	Korle-Bu	Ghana	1244:VO-GH-YAWSON
VBS19901	WA-1221	02/01/2018	Korle-Bu	Ghana	1244:VO-GH-YAWSON
VBS19902	WA-1222	02/01/2018	Korle-Bu	Ghana	1244:VO-GH-YAWSON
VBS19903	WA-1223	02/01/2018	Korle-Bu	Ghana	1244:VO-GH-YAWSON
VBS19904	WA-1224	02/01/2018	Korle-Bu	Ghana	1244:VO-GH-YAWSON
VBS19905	WA-1225	02/01/2018	Korle-Bu	Ghana	1244:VO-GH-YAWSON
VBS19906	WA-1226	02/01/2018	Korle-Bu	Ghana	1244:VO-GH-YAWSON
VBS19907	WA-1227	02/01/2018	Korle-Bu	Ghana	1244:VO-GH-YAWSON
VBS19908	WA-1228	02/01/2018	Korle-Bu	Ghana	1244:VO-GH-YAWSON
VBS19909	WA-1229	02/01/2018	Korle-Bu	Ghana	1244:VO-GH-YAWSON
VBS19910	WA-1230	02/01/2018	Korle-Bu	Ghana	1244:VO-GH-YAWSON
VBS19911	WA-1231	02/01/2018	Korle-Bu	Ghana	1244:VO-GH-YAWSON
VBS19912	WA-1232	02/01/2018	Korle-Bu	Ghana	1244:VO-GH-YAWSON
VBS19913	WA-1233	02/01/2018	Korle-Bu	Ghana	1244:VO-GH-YAWSON
VBS19914	WA-1234	02/01/2018	Korle-Bu	Ghana	1244:VO-GH-YAWSON
VBS19915	WA-1235	02/01/2018	Korle-Bu	Ghana	1244:VO-GH-YAWSON
VBS19916	WA-1236	02/01/2018	Korle-Bu	Ghana	1244:VO-GH-YAWSON
VBS19917	WA-1237	02/01/2018	Korle-Bu	Ghana	1244:VO-GH-YAWSON
VBS19918	WA-1238	02/01/2018	Korle-Bu	Ghana	1244:VO-GH-YAWSON
VBS19919	WA-1239	02/01/2018	Korle-Bu	Ghana	1244:VO-GH-YAWSON
VBS19920	WA-1240	02/01/2018	Korle-Bu	Ghana	1244:VO-GH-YAWSON
VBS19921	WA-1241	01/01/2018	Korle-Bu	Ghana	1244:VO-GH-YAWSON
VBS19922	WA-1242	01/01/2018	Korle-Bu	Ghana	1244:VO-GH-YAWSON
VBS19923	WA-1243	01/01/2018	Korle-Bu	Ghana	1244:VO-GH-YAWSON
VBS19924	WA-1244	01/01/2018	Korle-Bu	Ghana	1244:VO-GH-YAWSON
VBS19925	WA-1245	01/01/2018	Korle-Bu	Ghana	1244:VO-GH-YAWSON
VBS19926	WA-1246	01/01/2018	Korle-Bu	Ghana	1244:VO-GH-YAWSON
VBS19927	WA-1247	01/01/2018	Korle-Bu	Ghana	1244:VO-GH-YAWSON
VBS19928	WA-1248	01/01/2018	Korle-Bu	Ghana	1244:VO-GH-YAWSON
VBS19929	WA-1249	01/01/2018	Korle-Bu	Ghana	1244:VO-GH-YAWSON
VBS19930	WA-1250	01/01/2018	Korle-Bu	Ghana	1244:VO-GH-YAWSON
VBS19931	WA-1251	01/01/2018	Korle-Bu	Ghana	1244:VO-GH-YAWSON
VBS19932	WA-1252	01/01/2018	Korle-Bu	Ghana	1244:VO-GH-YAWSON
VBS19933	WA-1253	01/01/2018	Korle-Bu	Ghana	1244:VO-GH-YAWSON
VBS19934	WA-1254	01/01/2018	Korle-Bu	Ghana	1244:VO-GH-YAWSON
VBS19935	WA-1255	02/01/2018	Korle-Bu	Ghana	1244:VO-GH-YAWSON
VBS19936	WA-1256	02/01/2018	Korle-Bu	Ghana	1244:VO-GH-YAWSON
VBS19937	WA-1257	02/01/2018	Korle-Bu	Ghana	1244:VO-GH-YAWSON
VBS19938	WA-1258	02/01/2018	Korle-Bu	Ghana	1244:VO-GH-YAWSON
VBS19939	WA-1259	02/01/2018	Korle-Bu	Ghana	1244:VO-GH-YAWSON
VBS19940	WA-1260	02/01/2018	Korle-Bu	Ghana	1244:VO-GH-YAWSON
VBS19941	WA-1261	02/01/2018	Korle-Bu	Ghana	1244:VO-GH-YAWSON
VBS19942	WA-1262	02/01/2018	Korle-Bu	Ghana	1244:VO-GH-YAWSON
VBS19943	WA-1263	02/01/2018	Korle-Bu	Ghana	1244:VO-GH-YAWSON
VBS19944	WA-1264	02/01/2018	Korle-Bu	Ghana	1244:VO-GH-YAWSON
VBS19945	WA-1265	02/01/2018	Korle-Bu	Ghana	1244:VO-GH-YAWSON
VBS19946	WA-1266	02/01/2018	Korle-Bu	Ghana	1244:VO-GH-YAWSON
VBS19947	WA-1267	02/01/2018	Korle-Bu	Ghana	1244:VO-GH-YAWSON
VBS19948	WA-1268	02/01/2018	Korle-Bu	Ghana	1244:VO-GH-YAWSON
VBS19949	WA-1269	02/01/2018	Korle-Bu	Ghana	1244:VO-GH-YAWSON
VBS19950	WA-1270	02/01/2018	Korle-Bu	Ghana	1244:VO-GH-YAWSON
VBS19951	WA-1271	02/01/2018	Korle-Bu	Ghana	1244:VO-GH-YAWSON
VBS19952	WA-1272	02/01/2018	Korle-Bu	Ghana	1244:VO-GH-YAWSON
VBS19953	WA-1273	02/01/2018	Korle-Bu	Ghana	1244:VO-GH-YAWSON
VBS19954	WA-1274	02/01/2018	Korle-Bu	Ghana	1244:VO-GH-YAWSON
VBS19955	WA-1275	02/01/2018	Korle-Bu	Ghana	1244:VO-GH-YAWSON
VBS19956	WA-1276	02/01/2018	Korle-Bu	Ghana	1244:VO-GH-YAWSON
VBS19957	WA-1277	02/01/2018	Korle-Bu	Ghana	1244:VO-GH-YAWSON
VBS19958	WA-1278	02/01/2018	Korle-Bu	Ghana	1244:VO-GH-YAWSON
VBS19959	WA-1279	02/01/2018	Korle-Bu	Ghana	1244:VO-GH-YAWSON
VBS19960	WA-1280	02/01/2018	Korle-Bu	Ghana	1244:VO-GH-YAWSON
VBS19961	WA-1281	02/01/2018	Korle-Bu	Ghana	1244:VO-GH-YAWSON
VBS19962	WA-1282	02/01/2018	Korle-Bu	Ghana	1244:VO-GH-YAWSON
VBS19963	WA-1283	02/01/2018	Korle-Bu	Ghana	1244:VO-GH-YAWSON
VBS19964	WA-1284	02/01/2018	Korle-Bu	Ghana	1244:VO-GH-YAWSON
VBS19965	WA-1285	02/01/2018	Korle-Bu	Ghana	1244:VO-GH-YAWSON
VBS19966	WA-1286	02/01/2018	Korle-Bu	Ghana	1244:VO-GH-YAWSON
VBS19967	WA-1287	02/01/2018	Korle-Bu	Ghana	1244:VO-GH-YAWSON
VBS19968	WA-1288	02/01/2018	Korle-Bu	Ghana	1244:VO-GH-YAWSON
VBS19969	WA-1289	02/01/2018	Korle-Bu	Ghana	1244:VO-GH-YAWSON
VBS19970	WA-1290	02/01/2018	Korle-Bu	Ghana	1244:VO-GH-YAWSON
VBS19971	WA-1291	02/01/2018	Korle-Bu	Ghana	1244:VO-GH-YAWSON
VBS19972	WA-1292	02/01/2018	Korle-Bu	Ghana	1244:VO-GH-YAWSON
VBS19973	WA-1293	02/01/2018	Korle-Bu	Ghana	1244:VO-GH-YAWSON
VBS19974	WA-1294	02/01/2018	Korle-Bu	Ghana	1244:VO-GH-YAWSON
VBS19975	WA-1295	02/01/2018	Korle-Bu	Ghana	1244:VO-GH-YAWSON
VBS19976	WA-1296	02/01/2018	Korle-Bu	Ghana	1244:VO-GH-YAWSON
VBS19977	WA-1297	02/01/2018	Korle-Bu	Ghana	1244:VO-GH-YAWSON
VBS19978	WA-1298	02/01/2018	Korle-Bu	Ghana	1244:VO-GH-YAWSON
VBS19979	WA-1299	02/01/2018	Korle-Bu	Ghana	1244:VO-GH-YAWSON
VBS19980	WA-1300	02/01/2018	Korle-Bu	Ghana	1244:VO-GH-YAWSON
VBS19981	WA-1301	02/01/2018	Korle-Bu	Ghana	1244:VO-GH-YAWSON
VBS19982	WA-1302	02/01/2018	Korle-Bu	Ghana	1244:VO-GH-YAWSON
VBS19983	WA-1303	02/01/2018	Korle-Bu	Ghana	1244:VO-GH-YAWSON
VBS19984	WA-1304	02/01/2018	Korle-Bu	Ghana	1244:VO-GH-YAWSON
VBS19985	WA-1305	02/01/2018	Korle-Bu	Ghana	1244:VO-GH-YAWSON
VBS19986	WA-1306	02/01/2018	Korle-Bu	Ghana	1244:VO-GH-YAWSON
VBS19987	WA-1307	02/01/2018	Korle-Bu	Ghana	1244:VO-GH-YAWSON
VBS19988	WA-1308	02/01/2018	Korle-Bu	Ghana	1244:VO-GH-YAWSON
VBS19989	WA-1309	02/01/2018	Korle-Bu	Ghana	1244:VO-GH-YAWSON
VBS19990	WA-1310	02/01/2018	Korle-Bu	Ghana	1244:VO-GH-YAWSON
VBS19991	WA-1311	02/01/2018	Korle-Bu	Ghana	1244:VO-GH-YAWSON
VBS19992	WA-1312	02/01/2018	Korle-Bu	Ghana	1244:VO-GH-YAWSON
VBS19993	WA-1313	02/01/2018	Korle-Bu	Ghana	1244:VO-GH-YAWSON
VBS19994	WA-1314	02/01/2018	Korle-Bu	Ghana	1244:VO-GH-YAWSON
VBS19995	WA-1315	02/01/2018	Korle-Bu	Ghana	1244:VO-GH-YAWSON
VBS19996	WA-1316	02/01/2018	Korle-Bu	Ghana	1244:VO-GH-YAWSON
VBS19997	WA-1317	02/01/2018	Korle-Bu	Ghana	1244:VO-GH-YAWSON
VBS19998	WA-1318	02/01/2018	Korle-Bu	Ghana	1244:VO-GH-YAWSON
VBS19999	WA-1319	02/01/2018	Korle-Bu	Ghana	1244:VO-GH-YAWSON
VBS20000	WA-1320	02/01/2018	Korle-Bu	Ghana	1244:VO-GH-YAWSON
VBS20001	WA-1321	02/01/2018	Korle-Bu	Ghana	1244:VO-GH-YAWSON
VBS20002	WA-1322	02/01/2018	Korle-Bu	Ghana	1244:VO-GH-YAWSON
VBS20003	WA-1323	02/01/2018	Korle-Bu	Ghana	1244:VO-GH-YAWSON
VBS20004	WA-1324	02/01/2018	Korle-Bu	Ghana	1244:VO-GH-YAWSON
VBS20005	WA-1325	02/01/2018	Korle-Bu	Ghana	1244:VO-GH-YAWSON
VBS20006	WA-1326	02/01/2018	Korle-Bu	Ghana	1244:VO-GH-YAWSON
VBS20007	WA-1327	02/01/2018	Korle-Bu	Ghana	1244:VO-GH-YAWSON
VBS20008	WA-1328	02/01/2018	Korle-Bu	Ghana	1244:VO-GH-YAWSON
VBS20009	WA-1329	02/01/2018	Korle-Bu	Ghana	1244:VO-GH-YAWSON
VBS20010	WA-1330	02/01/2018	Korle-Bu	Ghana	1244:VO-GH-YAWSON
VBS20011	WA-1331	02/01/2018	Korle-Bu	Ghana	1244:VO-GH-YAWSON
VBS20012	WA-1332	02/01/2018	Korle-Bu	Ghana	1244:VO-GH-YAWSON
VBS20013	WA-1333	02/01/2018	Korle-Bu	Ghana	1244:VO-GH-YAWSON
VBS20014	WA-1334	02/01/2018	Korle-Bu	Ghana	1244:VO-GH-YAWSON
VBS20015	WA-1335	02/01/2018	Korle-Bu	Ghana	1244:VO-GH-YAWSON
VBS20061	WA-0370	10/01/2017	Baguida	Togo	1253:VO-TG-DJOGBENOU
VBS20062	WA-0371	10/01/2017	Baguida	Togo	1253:VO-TG-DJOGBENOU
VBS20063	WA-0372	10/01/2017	Baguida	Togo	1253:VO-TG-DJOGBENOU
VBS20064	WA-0373	10/01/2017	Baguida	Togo	1253:VO-TG-DJOGBENOU
VBS20065	WA-0374	10/01/2017	Baguida	Togo	1253:VO-TG-DJOGBENOU
VBS20066	WA-0375	10/01/2017	Baguida	Togo	1253:VO-TG-DJOGBENOU
VBS20067	WA-0376	10/01/2017	Baguida	Togo	1253:VO-TG-DJOGBENOU
VBS20068	WA-0377	10/01/2017	Baguida	Togo	1253:VO-TG-DJOGBENOU
VBS20069	WA-0378	10/01/2017	Baguida	Togo	1253:VO-TG-DJOGBENOU
VBS20070	WA-0379	10/01/2017	Baguida	Togo	1253:VO-TG-DJOGBENOU
VBS20071	WA-0380	10/01/2017	Baguida	Togo	1253:VO-TG-DJOGBENOU
VBS20072	WA-0381	10/01/2017	Baguida	Togo	1253:VO-TG-DJOGBENOU
VBS20073	WA-0382	10/01/2017	Baguida	Togo	1253:VO-TG-DJOGBENOU
VBS20074	WA-0383	10/01/2017	Baguida	Togo	1253:VO-TG-DJOGBENOU
VBS20075	WA-0384	10/01/2017	Baguida	Togo	1253:VO-TG-DJOGBENOU
VBS20076	WA-0385	10/01/2017	Baguida	Togo	1253:VO-TG-DJOGBENOU
VBS20077	WA-0386	10/01/2017	Baguida	Togo	1253:VO-TG-DJOGBENOU
VBS20078	WA-0387	10/01/2017	Baguida	Togo	1253:VO-TG-DJOGBENOU
VBS20079	WA-0388	10/01/2017	Baguida	Togo	1253:VO-TG-DJOGBENOU
VBS20080	WA-0389	10/01/2017	Baguida	Togo	1253:VO-TG-DJOGBENOU
VBS20081	WA-0390	10/01/2017	Baguida	Togo	1253:VO-TG-DJOGBENOU
VBS20082	WA-0391	10/01/2017	Baguida	Togo	1253:VO-TG-DJOGBENOU
VBS20083	WA-0392	10/01/2017	Baguida	Togo	1253:VO-TG-DJOGBENOU
VBS20084	WA-0393	10/01/2017	Baguida	Togo	1253:VO-TG-DJOGBENOU
VBS20085	WA-0394	10/01/2017	Baguida	Togo	1253:VO-TG-DJOGBENOU
VBS20086	WA-0395	10/01/2017	Baguida	Togo	1253:VO-TG-DJOGBENOU
VBS20087	WA-0396	10/01/2017	Baguida	Togo	1253:VO-TG-DJOGBENOU
VBS20088	WA-0397	10/01/2017	Baguida	Togo	1253:VO-TG-DJOGBENOU
VBS20089	WA-0398	10/01/2017	Baguida	Togo	1253:VO-TG-DJOGBENOU
VBS20090	WA-0399	10/01/2017	Baguida	Togo	1253:VO-TG-DJOGBENOU
VBS20091	WA-0400	10/01/2017	Baguida	Togo	1253:VO-TG-DJOGBENOU
VBS20092	WA-0401	10/01/2017	Baguida	Togo	1253:VO-TG-DJOGBENOU
VBS20093	WA-0402	10/01/2017	Baguida	Togo	1253:VO-TG-DJOGBENOU
VBS20094	WA-0403	10/01/2017	Baguida	Togo	1253:VO-TG-DJOGBENOU
VBS20095	WA-0404	10/01/2017	Baguida	Togo	1253:VO-TG-DJOGBENOU
VBS20096	WA-0405	10/01/2017	Baguida	Togo	1253:VO-TG-DJOGBENOU
VBS20097	WA-0406	10/01/2017	Baguida	Togo	1253:VO-TG-DJOGBENOU
VBS20098	WA-0407	10/01/2017	Baguida	Togo	1253:VO-TG-DJOGBENOU
VBS20099	WA-0408	10/01/2017	Baguida	Togo	1253:VO-TG-DJOGBENOU
VBS20100	WA-0409	10/01/2017	Baguida	Togo	1253:VO-TG-DJOGBENOU
VBS20101	WA-0410	10/01/2017	Baguida	Togo	1253:VO-TG-DJOGBENOU
VBS20102	WA-0411	10/01/2017	Baguida	Togo	1253:VO-TG-DJOGBENOU
VBS20103	WA-0412	10/01/2017	Baguida	Togo	1253:VO-TG-DJOGBENOU
VBS20104	WA-0413	10/01/2017	Baguida	Togo	1253:VO-TG-DJOGBENOU
VBS20105	WA-0414	10/01/2017	Baguida	Togo	1253:VO-TG-DJOGBENOU
VBS20106	WA-0415	10/01/2017	Baguida	Togo	1253:VO-TG-DJOGBENOU
VBS20107	WA-0416	10/01/2017	Baguida	Togo	1253:VO-TG-DJOGBENOU
VBS20108	WA-0417	10/01/2017	Baguida	Togo	1253:VO-TG-DJOGBENOU
VBS20109	WA-0418	10/01/2017	Baguida	Togo	1253:VO-TG-DJOGBENOU
VBS20110	WA-0419	10/01/2017	Baguida	Togo	1253:VO-TG-DJOGBENOU
VBS20111	WA-0420	10/01/2017	Baguida	Togo	1253:VO-TG-DJOGBENOU
VBS20112	WA-0421	10/01/2017	Baguida	Togo	1253:VO-TG-DJOGBENOU
VBS20113	WA-0422	10/01/2017	Baguida	Togo	1253:VO-TG-DJOGBENOU
VBS20114	WA-0423	10/01/2017	Baguida	Togo	1253:VO-TG-DJOGBENOU
VBS20115	WA-0424	10/01/2017	Baguida	Togo	1253:VO-TG-DJOGBENOU
VBS20116	WA-0425	10/01/2017	Baguida	Togo	1253:VO-TG-DJOGBENOU
VBS20117	WA-0426	10/01/2017	Baguida	Togo	1253:VO-TG-DJOGBENOU
VBS20118	WA-0427	10/01/2017	Baguida	Togo	1253:VO-TG-DJOGBENOU
VBS20119	WA-0428	10/01/2017	Baguida	Togo	1253:VO-TG-DJOGBENOU
VBS20120	WA-0429	10/01/2017	Baguida	Togo	1253:VO-TG-DJOGBENOU
VBS20121	WA-0430	10/01/2017	Baguida	Togo	1253:VO-TG-DJOGBENOU
VBS20122	WA-0431	10/01/2017	Baguida	Togo	1253:VO-TG-DJOGBENOU
VBS20123	WA-0432	10/01/2017	Baguida	Togo	1253:VO-TG-DJOGBENOU
VBS20124	WA-0433	10/01/2017	Baguida	Togo	1253:VO-TG-DJOGBENOU
VBS20125	WA-0434	10/01/2017	Baguida	Togo	1253:VO-TG-DJOGBENOU
VBS20126	WA-0435	10/01/2017	Baguida	Togo	1253:VO-TG-DJOGBENOU
VBS20127	WA-0436	10/01/2017	Baguida	Togo	1253:VO-TG-DJOGBENOU
VBS20128	WA-0437	10/01/2017	Baguida	Togo	1253:VO-TG-DJOGBENOU
VBS20129	WA-0438	10/01/2017	Baguida	Togo	1253:VO-TG-DJOGBENOU
VBS20130	WA-0439	10/01/2017	Baguida	Togo	1253:VO-TG-DJOGBENOU
VBS20131	WA-0440	10/01/2017	Baguida	Togo	1253:VO-TG-DJOGBENOU
VBS20173	WA-0823	12/01/2017	Baguida	Togo	1253:VO-TG-DJOGBENOU
VBS20174	WA-0824	12/01/2017	Baguida	Togo	1253:VO-TG-DJOGBENOU
VBS20175	WA-0825	12/01/2017	Baguida	Togo	1253:VO-TG-DJOGBENOU
VBS20176	WA-0826	12/01/2017	Baguida	Togo	1253:VO-TG-DJOGBENOU
VBS20177	WA-0827	12/01/2017	Baguida	Togo	1253:VO-TG-DJOGBENOU
VBS20178	WA-0828	12/01/2017	Baguida	Togo	1253:VO-TG-DJOGBENOU
VBS20179	WA-0829	12/01/2017	Baguida	Togo	1253:VO-TG-DJOGBENOU
VBS20180	WA-0830	12/01/2017	Baguida	Togo	1253:VO-TG-DJOGBENOU
VBS20181	WA-0831	12/01/2017	Baguida	Togo	1253:VO-TG-DJOGBENOU
VBS20182	WA-0832	12/01/2017	Baguida	Togo	1253:VO-TG-DJOGBENOU
VBS20183	WA-0833	12/01/2017	Baguida	Togo	1253:VO-TG-DJOGBENOU
VBS20184	WA-0834	12/01/2017	Baguida	Togo	1253:VO-TG-DJOGBENOU
VBS20185	WA-0835	12/01/2017	Baguida	Togo	1253:VO-TG-DJOGBENOU
VBS20186	WA-0836	12/01/2017	Baguida	Togo	1253:VO-TG-DJOGBENOU
VBS20187	WA-0837	12/01/2017	Baguida	Togo	1253:VO-TG-DJOGBENOU
VBS20188	WA-0838	12/01/2017	Baguida	Togo	1253:VO-TG-DJOGBENOU
VBS20189	WA-0839	12/01/2017	Baguida	Togo	1253:VO-TG-DJOGBENOU
VBS20190	WA-0840	12/01/2017	Baguida	Togo	1253:VO-TG-DJOGBENOU
VBS20191	WA-0841	12/01/2017	Baguida	Togo	1253:VO-TG-DJOGBENOU
VBS20192	WA-0842	12/01/2017	Baguida	Togo	1253:VO-TG-DJOGBENOU
VBS20193	WA-0843	12/01/2017	Baguida	Togo	1253:VO-TG-DJOGBENOU
VBS20194	WA-0844	12/01/2017	Baguida	Togo	1253:VO-TG-DJOGBENOU
VBS20195	WA-0845	12/01/2017	Baguida	Togo	1253:VO-TG-DJOGBENOU
VBS20196	WA-0846	12/01/2017	Baguida	Togo	1253:VO-TG-DJOGBENOU
VBS20197	WA-0847	12/01/2017	Baguida	Togo	1253:VO-TG-DJOGBENOU
VBS20198	WA-0848	12/01/2017	Baguida	Togo	1253:VO-TG-DJOGBENOU
VBS20199	WA-0849	12/01/2017	Baguida	Togo	1253:VO-TG-DJOGBENOU
VBS20200	WA-0850	12/01/2017	Baguida	Togo	1253:VO-TG-DJOGBENOU
VBS20201	WA-0851	12/01/2017	Baguida	Togo	1253:VO-TG-DJOGBENOU
VBS20202	WA-0852	12/01/2017	Baguida	Togo	1253:VO-TG-DJOGBENOU
VBS20203	WA-0853	12/01/2017	Baguida	Togo	1253:VO-TG-DJOGBENOU
VBS20204	WA-0854	12/01/2017	Baguida	Togo	1253:VO-TG-DJOGBENOU
VBS20205	WA-0855	12/01/2017	Baguida	Togo	1253:VO-TG-DJOGBENOU
VBS20206	WA-0856	12/01/2017	Baguida	Togo	1253:VO-TG-DJOGBENOU
VBS20207	WA-0857	12/01/2017	Baguida	Togo	1253:VO-TG-DJOGBENOU
VBS20208	WA-0858	12/01/2017	Baguida	Togo	1253:VO-TG-DJOGBENOU
VBS20209	WA-0859	12/01/2017	Baguida	Togo	1253:VO-TG-DJOGBENOU
VBS20210	WA-0860	12/01/2017	Baguida	Togo	1253:VO-TG-DJOGBENOU
VBS20211	WA-0861	12/01/2017	Baguida	Togo	1253:VO-TG-DJOGBENOU
VBS20212	WA-0862	12/01/2017	Baguida	Togo	1253:VO-TG-DJOGBENOU
VBS20213	WA-0863	12/01/2017	Baguida	Togo	1253:VO-TG-DJOGBENOU
VBS20214	WA-0864	12/01/2017	Baguida	Togo	1253:VO-TG-DJOGBENOU
VBS20215	WA-0865	12/01/2017	Baguida	Togo	1253:VO-TG-DJOGBENOU
VBS20216	WA-0866	12/01/2017	Baguida	Togo	1253:VO-TG-DJOGBENOU
VBS20217	WA-0867	12/01/2017	Baguida	Togo	1253:VO-TG-DJOGBENOU
VBS20218	WA-0868	12/01/2017	Baguida	Togo	1253:VO-TG-DJOGBENOU
VBS20219	WA-0869	12/01/2017	Baguida	Togo	1253:VO-TG-DJOGBENOU
VBS20220	WA-0870	12/01/2017	Baguida	Togo	1253:VO-TG-DJOGBENOU
VBS20221	WA-0871	12/01/2017	Baguida	Togo	1253:VO-TG-DJOGBENOU
VBS20222	WA-0872	12/01/2017	Baguida	Togo	1253:VO-TG-DJOGBENOU
VBS20223	WA-0873	12/01/2017	Baguida	Togo	1253:VO-TG-DJOGBENOU
VBS20224	WA-0874	12/01/2017	Baguida	Togo	1253:VO-TG-DJOGBENOU
VBS20225	WA-0875	12/01/2017	Baguida	Togo	1253:VO-TG-DJOGBENOU
VBS20226	WA-0876	12/01/2017	Baguida	Togo	1253:VO-TG-DJOGBENOU
VBS20227	WA-0877	12/01/2017	Baguida	Togo	1253:VO-TG-DJOGBENOU
VBS20228	1	26/07/2017	Ndhiwa	Kenya	1232:VO-KE-OCHOMO
VBS20229	2	26/07/2017	Ndhiwa	Kenya	1232:VO-KE-OCHOMO
VBS20230	4	20/07/2017	Imbo	Kenya	1232:VO-KE-OCHOMO
VBS20231	6	01/08/2017	Imbo	Kenya	1232:VO-KE-OCHOMO
VBS20232	10	01/08/2017	Imbo	Kenya	1232:VO-KE-OCHOMO
VBS20233	11	26/07/2017	Imbo	Kenya	1232:VO-KE-OCHOMO
VBS20234	14	01/08/2017	Imbo	Kenya	1232:VO-KE-OCHOMO
VBS20235	16	15/07/2017	Imbo	Kenya	1232:VO-KE-OCHOMO
VBS20236	20	01/08/2017	Imbo	Kenya	1232:VO-KE-OCHOMO
VBS20237	22	04/08/2017	Imbo	Kenya	1232:VO-KE-OCHOMO
VBS20238	23	20/07/2017	Imbo	Kenya	1232:VO-KE-OCHOMO
VBS20239	24	04/07/2017	Imbo	Kenya	1232:VO-KE-OCHOMO
VBS20240	26	03/08/2017	Imbo	Kenya	1232:VO-KE-OCHOMO
VBS20241	27	02/08/2017	Imbo	Kenya	1232:VO-KE-OCHOMO
VBS20242	29	04/07/2017	Imbo	Kenya	1232:VO-KE-OCHOMO
VBS20243	31	04/07/2017	Imbo	Kenya	1232:VO-KE-OCHOMO
VBS20244	32	02/08/2017	Imbo	Kenya	1232:VO-KE-OCHOMO
VBS20245	34	04/08/2017	Imbo	Kenya	1232:VO-KE-OCHOMO
VBS20246	35	04/08/2017	Imbo	Kenya	1232:VO-KE-OCHOMO
VBS20247	36	01/08/2017	Imbo	Kenya	1232:VO-KE-OCHOMO
VBS20248	37	03/08/2017	Imbo	Kenya	1232:VO-KE-OCHOMO
VBS20249	38	03/08/2017	Imbo	Kenya	1232:VO-KE-OCHOMO
VBS20250	40	02/08/2017	Imbo	Kenya	1232:VO-KE-OCHOMO
VBS20251	42	03/08/2017	Imbo	Kenya	1232:VO-KE-OCHOMO
VBS20252	43	03/08/2017	Imbo	Kenya	1232:VO-KE-OCHOMO
VBS20253	46	03/08/2017	Imbo	Kenya	1232:VO-KE-OCHOMO
VBS20254	47	04/08/2017	Imbo	Kenya	1232:VO-KE-OCHOMO
VBS20255	48	02/08/2017	Imbo	Kenya	1232:VO-KE-OCHOMO
VBS20256	49	03/08/2017	Imbo	Kenya	1232:VO-KE-OCHOMO
VBS20257	50	04/08/2017	Imbo	Kenya	1232:VO-KE-OCHOMO
VBS20258	51	04/08/2017	Imbo	Kenya	1232:VO-KE-OCHOMO
VBS20259	52	15/07/2017	Rongo	Kenya	1232:VO-KE-OCHOMO
VBS20260	55	26/07/2017	Rongo	Kenya	1232:VO-KE-OCHOMO
VBS20261	56	03/08/2017	Rongo	Kenya	1232:VO-KE-OCHOMO
VBS20262	57	04/08/2017	Rongo	Kenya	1232:VO-KE-OCHOMO
VBS20263	58	04/08/2017	Rongo	Kenya	1232:VO-KE-OCHOMO
VBS20264	59	03/08/2017	Rongo	Kenya	1232:VO-KE-OCHOMO
VBS20265	60	04/08/2017	Rongo	Kenya	1232:VO-KE-OCHOMO
VBS20266	61	04/08/2017	Rongo	Kenya	1232:VO-KE-OCHOMO
VBS20267	62	04/08/2017	Rongo	Kenya	1232:VO-KE-OCHOMO
VBS20268	63	01/08/2017	Rongo	Kenya	1232:VO-KE-OCHOMO
VBS20269	64	02/08/2017	Rongo	Kenya	1232:VO-KE-OCHOMO
VBS20270	65	26/07/2017	Rongo	Kenya	1232:VO-KE-OCHOMO
VBS20271	67	26/07/2017	Rongo	Kenya	1232:VO-KE-OCHOMO
VBS20272	73	05/07/2017	Ndhiwa	Kenya	1232:VO-KE-OCHOMO
VBS20273	75	15/07/2017	Ndhiwa	Kenya	1232:VO-KE-OCHOMO
VBS20274	KFC9PU	11/01/2016	Ndhiwa	Kenya	1232:VO-KE-OCHOMO
VBS20275	KFC9Q2	11/01/2016	Ndhiwa	Kenya	1232:VO-KE-OCHOMO
VBS20276	KFC9PV	11/01/2016	Ndhiwa	Kenya	1232:VO-KE-OCHOMO
VBS20277	KFC9OX	11/01/2016	Uriri	Kenya	1232:VO-KE-OCHOMO
VBS20278	KFC9P9	11/01/2016	Uriri	Kenya	1232:VO-KE-OCHOMO
VBS20279	KFC9OY	11/01/2016	Uriri	Kenya	1232:VO-KE-OCHOMO
VBS20280	KFC9OW	11/01/2016	Uriri	Kenya	1232:VO-KE-OCHOMO
VBS20281	KFC9P5	11/01/2016	Uriri	Kenya	1232:VO-KE-OCHOMO
VBS20282	KFC9P2	11/01/2016	Uriri	Kenya	1232:VO-KE-OCHOMO
VBS20283	KFC9OV	11/01/2016	Uriri	Kenya	1232:VO-KE-OCHOMO
VBS20284	KFC9OU	11/01/2016	Uriri	Kenya	1232:VO-KE-OCHOMO
VBS20285	KFC9P8	11/01/2016	Uriri	Kenya	1232:VO-KE-OCHOMO
VBS20286	KFC9PB	11/01/2016	Uriri	Kenya	1232:VO-KE-OCHOMO
VBS20287	KFC9OQ	11/01/2016	Uriri	Kenya	1232:VO-KE-OCHOMO
VBS20288	KFC9OR	11/01/2016	Uriri	Kenya	1232:VO-KE-OCHOMO
VBS20289	KFC9P7	11/01/2016	Uriri	Kenya	1232:VO-KE-OCHOMO
VBS20290	KFC9PC	11/01/2016	Uriri	Kenya	1232:VO-KE-OCHOMO
VBS20291	KFC9PA	11/01/2016	Uriri	Kenya	1232:VO-KE-OCHOMO
VBS20292	KFC9P6	11/01/2016	Uriri	Kenya	1232:VO-KE-OCHOMO
VBS20293	KFC9OP	11/01/2016	Uriri	Kenya	1232:VO-KE-OCHOMO
VBS20294	KFC9OZ	11/01/2016	Uriri	Kenya	1232:VO-KE-OCHOMO
VBS20295	KFC9OS	11/01/2016	Uriri	Kenya	1232:VO-KE-OCHOMO
VBS20296	KFC9P3	11/01/2016	Uriri	Kenya	1232:VO-KE-OCHOMO
VBS20297	KFC9P4	11/01/2016	Uriri	Kenya	1232:VO-KE-OCHOMO
VBS20298	KFC9OT	11/01/2016	Uriri	Kenya	1232:VO-KE-OCHOMO
VBS20299	KFC8TL	11/01/2016	Rodi	Kenya	1232:VO-KE-OCHOMO
VBS20300	KFC8TB	11/01/2016	Rodi	Kenya	1232:VO-KE-OCHOMO
VBS20301	KFC8TJ	11/01/2016	Rodi	Kenya	1232:VO-KE-OCHOMO
VBS20302	KFC8TK	11/01/2016	Rodi	Kenya	1232:VO-KE-OCHOMO
VBS20303	KFC8VF	11/01/2016	Rodi	Kenya	1232:VO-KE-OCHOMO
VBS20304	KFC8VE	11/01/2016	Rodi	Kenya	1232:VO-KE-OCHOMO
VBS20305	KFC8TE	11/01/2016	Rodi	Kenya	1232:VO-KE-OCHOMO
VBS20306	KFC8T5	11/01/2016	Rodi	Kenya	1232:VO-KE-OCHOMO
VBS20307	KFC8TF	11/01/2016	Rodi	Kenya	1232:VO-KE-OCHOMO
VBS20308	KFC8TG	11/01/2016	Rodi	Kenya	1232:VO-KE-OCHOMO
VBS20309	KFC8T4	11/01/2016	Rodi	Kenya	1232:VO-KE-OCHOMO
VBS20310	KFC8T6	11/01/2016	Rodi	Kenya	1232:VO-KE-OCHOMO
VBS20311	KFC8TC	11/01/2016	Rodi	Kenya	1232:VO-KE-OCHOMO
VBS20312	KFC8T7	11/01/2016	Rodi	Kenya	1232:VO-KE-OCHOMO
VBS20313	KFC8TD	11/01/2016	Rodi	Kenya	1232:VO-KE-OCHOMO
VBS20314	KFC8TA	11/01/2016	Rodi	Kenya	1232:VO-KE-OCHOMO
VBS20315	KFC8T8	11/01/2016	Rodi	Kenya	1232:VO-KE-OCHOMO
VBS20316	KFC8T3	11/01/2016	Rodi	Kenya	1232:VO-KE-OCHOMO
VBS20317	KFC8T9	11/01/2016	Rodi	Kenya	1232:VO-KE-OCHOMO
VBS20318	KFC8T2	11/01/2016	Rodi	Kenya	1232:VO-KE-OCHOMO
VBS20319	KFC9PZ	11/01/2016	Ndhiwa	Kenya	1232:VO-KE-OCHOMO
VBS20320	KFC9Q6	11/01/2016	Ndhiwa	Kenya	1232:VO-KE-OCHOMO
VBS20321	KFC9PY	11/01/2016	Ndhiwa	Kenya	1232:VO-KE-OCHOMO
VBS20322	KFC9PW	11/01/2016	Ndhiwa	Kenya	1232:VO-KE-OCHOMO
VBS20323	KFC9PX	11/01/2016	Ndhiwa	Kenya	1232:VO-KE-OCHOMO
VBS20324	KFC9Q7	11/01/2016	Ndhiwa	Kenya	1232:VO-KE-OCHOMO
VBS20325	KFC9OD	11/01/2016	Rongo	Kenya	1232:VO-KE-OCHOMO
VBS20326	KFC9OE	11/01/2016	Rongo	Kenya	1232:VO-KE-OCHOMO
VBS20327	KFC9OI	11/01/2016	Rongo	Kenya	1232:VO-KE-OCHOMO
VBS20328	KFC9OC	11/01/2016	Rongo	Kenya	1232:VO-KE-OCHOMO
VBS20329	KFC9OA	11/01/2016	Rongo	Kenya	1232:VO-KE-OCHOMO
VBS20330	KFC9OO	11/01/2016	Rongo	Kenya	1232:VO-KE-OCHOMO
VBS20331	KFC9OG	11/01/2016	Rongo	Kenya	1232:VO-KE-OCHOMO
VBS20332	KFC9OH	11/01/2016	Rongo	Kenya	1232:VO-KE-OCHOMO
VBS20333	KFC9O7	11/01/2016	Rongo	Kenya	1232:VO-KE-OCHOMO
VBS20334	KFC9OM	11/01/2016	Rongo	Kenya	1232:VO-KE-OCHOMO
VBS20335	KFC9ON	11/01/2016	Rongo	Kenya	1232:VO-KE-OCHOMO
VBS20336	KFC9OF	11/01/2016	Rongo	Kenya	1232:VO-KE-OCHOMO
VBS20337	KFC9OL	11/01/2016	Rongo	Kenya	1232:VO-KE-OCHOMO
VBS20338	KFC9O6	11/01/2016	Rongo	Kenya	1232:VO-KE-OCHOMO
VBS20339	KFC9O8	11/01/2016	Rongo	Kenya	1232:VO-KE-OCHOMO
VBS20340	KFC9O3	11/01/2016	Rongo	Kenya	1232:VO-KE-OCHOMO
VBS20341	KFC9OB	11/01/2016	Rongo	Kenya	1232:VO-KE-OCHOMO
VBS20342	KFC9O9	11/01/2016	Rongo	Kenya	1232:VO-KE-OCHOMO
VBS20343	KFC9OK	11/01/2016	Rongo	Kenya	1232:VO-KE-OCHOMO
VBS20344	KFC9O4	11/01/2016	Rongo	Kenya	1232:VO-KE-OCHOMO
VBS20345	KFC9OJ	11/01/2016	Rongo	Kenya	1232:VO-KE-OCHOMO
VBS20346	KFC9O5	11/01/2016	Rongo	Kenya	1232:VO-KE-OCHOMO
VBS20347	KFC8YD	11/01/2016	Uradi	Kenya	1232:VO-KE-OCHOMO
VBS20348	KFC8YK	11/01/2016	Uradi	Kenya	1232:VO-KE-OCHOMO
VBS20349	KFC8YF	11/01/2016	Uradi	Kenya	1232:VO-KE-OCHOMO
VBS20350	KFC8YJ	11/01/2016	Uradi	Kenya	1232:VO-KE-OCHOMO
VBS20351	KFC8YL	11/01/2016	Uradi	Kenya	1232:VO-KE-OCHOMO
VBS20352	KFC8YE	11/01/2016	Uradi	Kenya	1232:VO-KE-OCHOMO
VBS20353	KFC8YC	11/01/2016	Uradi	Kenya	1232:VO-KE-OCHOMO
VBS20354	KFC8YI	11/01/2016	Uradi	Kenya	1232:VO-KE-OCHOMO
VBS20355	8	24/07/2017	Rongo	Kenya	1232:VO-KE-OCHOMO
VBS20356	53	24/07/2017	Rongo	Kenya	1232:VO-KE-OCHOMO
VBS20357	54	24/07/2017	Rongo	Kenya	1232:VO-KE-OCHOMO
VBS20358	66	24/07/2017	Rongo	Kenya	1232:VO-KE-OCHOMO
VBS20359	68	24/07/2017	Rongo	Kenya	1232:VO-KE-OCHOMO
VBS20360	71	24/07/2017	Ndhiwa	Kenya	1232:VO-KE-OCHOMO
VBS20361	77	18/09/2017	Rongo	Kenya	1232:VO-KE-OCHOMO
VBS20362	78	18/09/2017	Rongo	Kenya	1232:VO-KE-OCHOMO
VBS20363	79	18/09/2017	Rongo	Kenya	1232:VO-KE-OCHOMO
VBS20364	80	18/09/2017	Rongo	Kenya	1232:VO-KE-OCHOMO
VBS20365	81	26/09/2017	Rongo	Kenya	1232:VO-KE-OCHOMO
VBS20366	82	26/09/2017	Rongo	Kenya	1232:VO-KE-OCHOMO
VBS20367	83	25/09/2017	Rongo	Kenya	1232:VO-KE-OCHOMO
VBS20368	84	19/09/2017	Nyatike	Kenya	1232:VO-KE-OCHOMO
VBS20369	85	19/09/2017	Nyatike	Kenya	1232:VO-KE-OCHOMO
VBS20370	86	19/09/2017	Nyatike	Kenya	1232:VO-KE-OCHOMO
VBS20371	87	19/09/2017	Nyatike	Kenya	1232:VO-KE-OCHOMO
VBS20372	88	19/09/2017	Nyatike	Kenya	1232:VO-KE-OCHOMO
VBS20373	89	19/09/2017	Nyatike	Kenya	1232:VO-KE-OCHOMO
VBS20374	90	19/09/2017	Nyatike	Kenya	1232:VO-KE-OCHOMO
VBS20375	91	19/09/2017	Nyatike	Kenya	1232:VO-KE-OCHOMO
VBS20376	92	19/09/2017	Nyatike	Kenya	1232:VO-KE-OCHOMO
VBS20377	93	19/09/2017	Nyatike	Kenya	1232:VO-KE-OCHOMO
VBS20378	94	19/09/2017	Nyatike	Kenya	1232:VO-KE-OCHOMO
VBS20379	95	19/09/2017	Nyatike	Kenya	1232:VO-KE-OCHOMO
VBS20380	96	19/09/2017	Nyatike	Kenya	1232:VO-KE-OCHOMO
VBS20381	97	27/09/2017	Nyatike	Kenya	1232:VO-KE-OCHOMO
VBS20382	98	27/09/2017	Nyatike	Kenya	1232:VO-KE-OCHOMO
VBS20383	99	27/09/2017	Nyatike	Kenya	1232:VO-KE-OCHOMO
VBS20384	100	19/09/2017	Nyatike	Kenya	1232:VO-KE-OCHOMO
VBS18949	WA-1044	09/01/2017	Avrankou	Benin	1237:VO-BJ-DJOGBENOU
VBS18950	WA-1045	09/01/2017	Avrankou	Benin	1237:VO-BJ-DJOGBENOU
VBS18951	WA-1046	09/01/2017	Avrankou	Benin	1237:VO-BJ-DJOGBENOU
VBS18952	WA-1047	09/01/2017	Avrankou	Benin	1237:VO-BJ-DJOGBENOU
VBS18953	WA-1048	09/01/2017	Avrankou	Benin	1237:VO-BJ-DJOGBENOU
VBS18954	WA-1049	09/01/2017	Avrankou	Benin	1237:VO-BJ-DJOGBENOU
VBS18955	WA-1050	09/01/2017	Avrankou	Benin	1237:VO-BJ-DJOGBENOU
VBS18956	WA-1051	09/01/2017	Avrankou	Benin	1237:VO-BJ-DJOGBENOU
VBS18957	WA-1052	09/01/2017	Avrankou	Benin	1237:VO-BJ-DJOGBENOU
VBS18958	WA-1053	09/01/2017	Avrankou	Benin	1237:VO-BJ-DJOGBENOU
VBS18959	WA-1054	09/01/2017	Avrankou	Benin	1237:VO-BJ-DJOGBENOU
VBS18960	WA-1055	09/01/2017	Avrankou	Benin	1237:VO-BJ-DJOGBENOU
VBS18961	WA-1056	09/01/2017	Avrankou	Benin	1237:VO-BJ-DJOGBENOU
VBS18962	WA-1057	09/01/2017	Avrankou	Benin	1237:VO-BJ-DJOGBENOU
VBS18963	WA-1058	09/01/2017	Avrankou	Benin	1237:VO-BJ-DJOGBENOU
VBS18964	WA-1059	09/01/2017	Avrankou	Benin	1237:VO-BJ-DJOGBENOU
VBS18965	WA-1060	09/01/2017	Avrankou	Benin	1237:VO-BJ-DJOGBENOU
VBS18966	WA-1061	09/01/2017	Avrankou	Benin	1237:VO-BJ-DJOGBENOU
VBS18967	WA-1062	09/01/2017	Avrankou	Benin	1237:VO-BJ-DJOGBENOU
VBS18968	WA-1063	09/01/2017	Avrankou	Benin	1237:VO-BJ-DJOGBENOU
VBS18969	WA-1064	09/01/2017	Avrankou	Benin	1237:VO-BJ-DJOGBENOU
VBS18970	WA-1065	09/01/2017	Avrankou	Benin	1237:VO-BJ-DJOGBENOU
VBS18971	WA-1066	09/01/2017	Avrankou	Benin	1237:VO-BJ-DJOGBENOU
VBS18972	WA-1067	09/01/2017	Avrankou	Benin	1237:VO-BJ-DJOGBENOU
VBS18973	WA-1068	09/01/2017	Avrankou	Benin	1237:VO-BJ-DJOGBENOU
VBS18974	WA-1069	09/01/2017	Avrankou	Benin	1237:VO-BJ-DJOGBENOU
VBS18975	WA-1070	09/01/2017	Avrankou	Benin	1237:VO-BJ-DJOGBENOU
VBS18976	WA-1071	09/01/2017	Avrankou	Benin	1237:VO-BJ-DJOGBENOU
VBS18977	WA-1072	09/01/2017	Avrankou	Benin	1237:VO-BJ-DJOGBENOU
VBS18978	WA-1073	09/01/2017	Avrankou	Benin	1237:VO-BJ-DJOGBENOU
VBS18979	WA-1074	09/01/2017	Avrankou	Benin	1237:VO-BJ-DJOGBENOU
VBS18980	WA-1075	09/01/2017	Avrankou	Benin	1237:VO-BJ-DJOGBENOU
VBS18981	WA-1076	09/01/2017	Avrankou	Benin	1237:VO-BJ-DJOGBENOU
VBS18982	WA-1077	09/01/2017	Avrankou	Benin	1237:VO-BJ-DJOGBENOU
VBS18983	WA-1078	09/01/2017	Avrankou	Benin	1237:VO-BJ-DJOGBENOU
VBS18984	WA-1079	09/01/2017	Avrankou	Benin	1237:VO-BJ-DJOGBENOU
VBS18985	WA-1080	09/01/2017	Avrankou	Benin	1237:VO-BJ-DJOGBENOU
VBS18986	WA-1081	09/01/2017	Avrankou	Benin	1237:VO-BJ-DJOGBENOU
VBS18987	WA-1082	09/01/2017	Avrankou	Benin	1237:VO-BJ-DJOGBENOU
VBS18988	WA-1083	09/01/2017	Avrankou	Benin	1237:VO-BJ-DJOGBENOU
VBS18989	WA-1084	09/01/2017	Avrankou	Benin	1237:VO-BJ-DJOGBENOU
VBS18990	WA-1085	09/01/2017	Avrankou	Benin	1237:VO-BJ-DJOGBENOU
VBS18991	WA-1086	09/01/2017	Avrankou	Benin	1237:VO-BJ-DJOGBENOU
VBS18992	WA-1087	09/01/2017	Avrankou	Benin	1237:VO-BJ-DJOGBENOU
VBS18993	WA-1088	09/01/2017	Avrankou	Benin	1237:VO-BJ-DJOGBENOU
VBS18994	WA-1089	09/01/2017	Avrankou	Benin	1237:VO-BJ-DJOGBENOU
VBS19123	WA-0073	11/01/2017	Madina	Ghana	1244:VO-GH-YAWSON
VBS19124	WA-0074	11/01/2017	Madina	Ghana	1244:VO-GH-YAWSON
VBS19125	WA-0075	11/01/2017	Madina	Ghana	1244:VO-GH-YAWSON
VBS19126	WA-0076	11/01/2017	Madina	Ghana	1244:VO-GH-YAWSON
VBS19127	WA-0077	11/01/2017	Madina	Ghana	1244:VO-GH-YAWSON
VBS19128	WA-0078	11/01/2017	Madina	Ghana	1244:VO-GH-YAWSON
VBS19129	WA-0079	11/01/2017	Madina	Ghana	1244:VO-GH-YAWSON
VBS19130	WA-0080	11/01/2017	Madina	Ghana	1244:VO-GH-YAWSON
VBS19131	WA-0081	12/01/2017	Madina	Ghana	1244:VO-GH-YAWSON
VBS19132	WA-0082	12/01/2017	Madina	Ghana	1244:VO-GH-YAWSON
VBS19133	WA-0083	12/01/2017	Madina	Ghana	1244:VO-GH-YAWSON
VBS19134	WA-0084	12/01/2017	Madina	Ghana	1244:VO-GH-YAWSON
VBS19135	WA-0085	12/01/2017	Madina	Ghana	1244:VO-GH-YAWSON
VBS19136	WA-0086	12/01/2017	Madina	Ghana	1244:VO-GH-YAWSON
VBS19137	WA-0087	12/01/2017	Madina	Ghana	1244:VO-GH-YAWSON
VBS19138	WA-0088	12/01/2017	Madina	Ghana	1244:VO-GH-YAWSON
VBS19139	WA-0089	12/01/2017	Madina	Ghana	1244:VO-GH-YAWSON
VBS19140	WA-0090	12/01/2017	Madina	Ghana	1244:VO-GH-YAWSON
VBS19141	WA-0091	12/01/2017	Madina	Ghana	1244:VO-GH-YAWSON
VBS19142	WA-0092	12/01/2017	Madina	Ghana	1244:VO-GH-YAWSON
VBS19143	WA-0093	12/01/2017	Madina	Ghana	1244:VO-GH-YAWSON
VBS19144	WA-0094	12/01/2017	Madina	Ghana	1244:VO-GH-YAWSON
VBS19145	WA-0095	12/01/2017	Madina	Ghana	1244:VO-GH-YAWSON
VBS19146	WA-0096	12/01/2017	Madina	Ghana	1244:VO-GH-YAWSON
VBS19147	WA-0097	12/01/2017	Madina	Ghana	1244:VO-GH-YAWSON
VBS19148	WA-0098	12/01/2017	Madina	Ghana	1244:VO-GH-YAWSON
VBS19149	WA-0099	12/01/2017	Madina	Ghana	1244:VO-GH-YAWSON
VBS19150	WA-0100	12/01/2017	Madina	Ghana	1244:VO-GH-YAWSON
VBS19151	WA-0101	12/01/2017	Madina	Ghana	1244:VO-GH-YAWSON
VBS19152	WA-0102	12/01/2017	Madina	Ghana	1244:VO-GH-YAWSON
VBS19153	WA-0103	12/01/2017	Madina	Ghana	1244:VO-GH-YAWSON
VBS19154	WA-0104	12/01/2017	Madina	Ghana	1244:VO-GH-YAWSON
VBS19155	WA-0105	12/01/2017	Madina	Ghana	1244:VO-GH-YAWSON
VBS19156	WA-0106	12/01/2017	Madina	Ghana	1244:VO-GH-YAWSON
VBS19157	WA-0107	12/01/2017	Madina	Ghana	1244:VO-GH-YAWSON
VBS19158	WA-0108	12/01/2017	Madina	Ghana	1244:VO-GH-YAWSON
VBS19159	WA-0109	12/01/2017	Madina	Ghana	1244:VO-GH-YAWSON
VBS19160	WA-0110	12/01/2017	Madina	Ghana	1244:VO-GH-YAWSON
VBS19161	WA-0111	12/01/2017	Madina	Ghana	1244:VO-GH-YAWSON
VBS19162	WA-0112	12/01/2017	Madina	Ghana	1244:VO-GH-YAWSON
VBS19163	WA-0113	12/01/2017	Madina	Ghana	1244:VO-GH-YAWSON
VBS19164	WA-0114	12/01/2017	Madina	Ghana	1244:VO-GH-YAWSON
VBS19165	WA-0115	12/01/2017	Madina	Ghana	1244:VO-GH-YAWSON
VBS19166	WA-0116	12/01/2017	Madina	Ghana	1244:VO-GH-YAWSON
VBS19167	WA-0117	12/01/2017	Madina	Ghana	1244:VO-GH-YAWSON
VBS19168	WA-0118	12/01/2017	Madina	Ghana	1244:VO-GH-YAWSON
VBS19169	WA-0119	12/01/2017	Madina	Ghana	1244:VO-GH-YAWSON
VBS19170	WA-0120	12/01/2017	Madina	Ghana	1244:VO-GH-YAWSON
VBS19171	WA-0121	12/01/2017	Madina	Ghana	1244:VO-GH-YAWSON
VBS19172	WA-0122	12/01/2017	Madina	Ghana	1244:VO-GH-YAWSON
VBS19173	WA-0123	12/01/2017	Madina	Ghana	1244:VO-GH-YAWSON
VBS19174	WA-0124	12/01/2017	Madina	Ghana	1244:VO-GH-YAWSON
VBS19175	WA-0125	12/01/2017	Madina	Ghana	1244:VO-GH-YAWSON
VBS19176	WA-0126	12/01/2017	Madina	Ghana	1244:VO-GH-YAWSON
VBS19177	WA-0127	12/01/2017	Madina	Ghana	1244:VO-GH-YAWSON
VBS19178	WA-0128	12/01/2017	Madina	Ghana	1244:VO-GH-YAWSON
VBS19179	WA-0129	12/01/2017	Madina	Ghana	1244:VO-GH-YAWSON
VBS19180	WA-0130	12/01/2017	Madina	Ghana	1244:VO-GH-YAWSON
VBS19181	WA-0131	12/01/2017	Madina	Ghana	1244:VO-GH-YAWSON
VBS19182	WA-0132	12/01/2017	Madina	Ghana	1244:VO-GH-YAWSON
VBS19183	WA-0133	12/01/2017	Madina	Ghana	1244:VO-GH-YAWSON
VBS19184	WA-0134	12/01/2017	Madina	Ghana	1244:VO-GH-YAWSON
VBS19185	WA-0135	12/01/2017	Madina	Ghana	1244:VO-GH-YAWSON
VBS19186	WA-0136	12/01/2017	Madina	Ghana	1244:VO-GH-YAWSON
VBS19187	WA-0137	12/01/2017	Madina	Ghana	1244:VO-GH-YAWSON
VBS19188	WA-0138	12/01/2017	Madina	Ghana	1244:VO-GH-YAWSON
VBS19189	WA-0139	12/01/2017	Madina	Ghana	1244:VO-GH-YAWSON
VBS19190	WA-0140	12/01/2017	Madina	Ghana	1244:VO-GH-YAWSON
VBS19191	WA-0141	12/01/2017	Madina	Ghana	1244:VO-GH-YAWSON
VBS19192	WA-0142	12/01/2017	Madina	Ghana	1244:VO-GH-YAWSON
VBS19193	WA-0143	12/01/2017	Madina	Ghana	1244:VO-GH-YAWSON
VBS19194	WA-0144	12/01/2017	Madina	Ghana	1244:VO-GH-YAWSON
VBS19195	WA-0145	12/01/2017	Madina	Ghana	1244:VO-GH-YAWSON
VBS19196	WA-0146	12/01/2017	Madina	Ghana	1244:VO-GH-YAWSON
VBS19197	WA-0147	12/01/2017	Madina	Ghana	1244:VO-GH-YAWSON
VBS19198	WA-0148	12/01/2017	Madina	Ghana	1244:VO-GH-YAWSON
VBS19199	WA-0149	12/01/2017	Madina	Ghana	1244:VO-GH-YAWSON
VBS19200	WA-0150	12/01/2017	Madina	Ghana	1244:VO-GH-YAWSON
VBS19201	WA-0151	12/01/2017	Madina	Ghana	1244:VO-GH-YAWSON
VBS19202	WA-0152	12/01/2017	Madina	Ghana	1244:VO-GH-YAWSON
VBS19203	WA-0153	12/01/2017	Madina	Ghana	1244:VO-GH-YAWSON
VBS19204	WA-0154	12/01/2017	Madina	Ghana	1244:VO-GH-YAWSON
VBS19205	WA-0155	12/01/2017	Madina	Ghana	1244:VO-GH-YAWSON
VBS19206	WA-0156	12/01/2017	Madina	Ghana	1244:VO-GH-YAWSON
VBS19207	WA-0157	12/01/2017	Madina	Ghana	1244:VO-GH-YAWSON
VBS19208	WA-0158	12/01/2017	Madina	Ghana	1244:VO-GH-YAWSON
VBS19209	WA-0159	12/01/2017	Madina	Ghana	1244:VO-GH-YAWSON
VBS19210	WA-0160	12/01/2017	Madina	Ghana	1244:VO-GH-YAWSON
VBS19211	WA-0161	12/01/2017	Madina	Ghana	1244:VO-GH-YAWSON
VBS19212	WA-0162	12/01/2017	Madina	Ghana	1244:VO-GH-YAWSON
VBS19213	WA-0163	12/01/2017	Madina	Ghana	1244:VO-GH-YAWSON
VBS19214	WA-0164	12/01/2017	Madina	Ghana	1244:VO-GH-YAWSON
VBS19215	WA-0165	12/01/2017	Madina	Ghana	1244:VO-GH-YAWSON
VBS19216	WA-0166	12/01/2017	Madina	Ghana	1244:VO-GH-YAWSON
VBS19217	WA-0167	12/01/2017	Madina	Ghana	1244:VO-GH-YAWSON
VBS19218	WA-0168	09/01/2017	Obuasi	Ghana	1244:VO-GH-YAWSON
VBS19219	WA-0169	09/01/2017	Obuasi	Ghana	1244:VO-GH-YAWSON
VBS19220	WA-0170	09/01/2017	Obuasi	Ghana	1244:VO-GH-YAWSON
VBS19221	WA-0171	09/01/2017	Obuasi	Ghana	1244:VO-GH-YAWSON
VBS19222	WA-0172	09/01/2017	Obuasi	Ghana	1244:VO-GH-YAWSON
VBS19223	WA-0173	09/01/2017	Obuasi	Ghana	1244:VO-GH-YAWSON
VBS19224	WA-0174	09/01/2017	Obuasi	Ghana	1244:VO-GH-YAWSON
VBS19225	WA-0175	09/01/2017	Obuasi	Ghana	1244:VO-GH-YAWSON
VBS19226	WA-0176	09/01/2017	Obuasi	Ghana	1244:VO-GH-YAWSON
VBS19227	WA-0177	09/01/2017	Obuasi	Ghana	1244:VO-GH-YAWSON
VBS19228	WA-0178	09/01/2017	Obuasi	Ghana	1244:VO-GH-YAWSON
VBS19229	WA-0179	09/01/2017	Obuasi	Ghana	1244:VO-GH-YAWSON
VBS19230	WA-0180	09/01/2017	Obuasi	Ghana	1244:VO-GH-YAWSON
VBS19231	WA-0181	09/01/2017	Obuasi	Ghana	1244:VO-GH-YAWSON
VBS19232	WA-0182	09/01/2017	Obuasi	Ghana	1244:VO-GH-YAWSON
VBS19233	WA-0183	09/01/2017	Obuasi	Ghana	1244:VO-GH-YAWSON
VBS19234	WA-0184	09/01/2017	Obuasi	Ghana	1244:VO-GH-YAWSON
VBS19235	WA-0185	09/01/2017	Obuasi	Ghana	1244:VO-GH-YAWSON
VBS19236	WA-0186	09/01/2017	Obuasi	Ghana	1244:VO-GH-YAWSON
VBS19237	WA-0187	09/01/2017	Obuasi	Ghana	1244:VO-GH-YAWSON
VBS19238	WA-0188	09/01/2017	Obuasi	Ghana	1244:VO-GH-YAWSON
VBS19239	WA-0189	09/01/2017	Obuasi	Ghana	1244:VO-GH-YAWSON
VBS19240	WA-0190	09/01/2017	Obuasi	Ghana	1244:VO-GH-YAWSON
VBS19241	WA-0191	09/01/2017	Obuasi	Ghana	1244:VO-GH-YAWSON
VBS19242	WA-0192	09/01/2017	Obuasi	Ghana	1244:VO-GH-YAWSON
VBS19243	WA-0193	09/01/2017	Obuasi	Ghana	1244:VO-GH-YAWSON
VBS19244	WA-0194	09/01/2017	Obuasi	Ghana	1244:VO-GH-YAWSON
VBS19245	WA-0195	09/01/2017	Obuasi	Ghana	1244:VO-GH-YAWSON
VBS19246	WA-0196	09/01/2017	Obuasi	Ghana	1244:VO-GH-YAWSON
VBS19247	WA-0197	09/01/2017	Obuasi	Ghana	1244:VO-GH-YAWSON
VBS19248	WA-0198	09/01/2017	Obuasi	Ghana	1244:VO-GH-YAWSON
VBS19249	WA-0199	09/01/2017	Obuasi	Ghana	1244:VO-GH-YAWSON
VBS19250	WA-0200	09/01/2017	Obuasi	Ghana	1244:VO-GH-YAWSON
VBS19251	WA-0201	09/01/2017	Obuasi	Ghana	1244:VO-GH-YAWSON
VBS19252	WA-0202	09/01/2017	Obuasi	Ghana	1244:VO-GH-YAWSON
VBS19253	WA-0203	09/01/2017	Obuasi	Ghana	1244:VO-GH-YAWSON
VBS19254	WA-0204	09/01/2017	Obuasi	Ghana	1244:VO-GH-YAWSON
VBS19255	WA-0205	09/01/2017	Obuasi	Ghana	1244:VO-GH-YAWSON
VBS19256	WA-0206	09/01/2017	Obuasi	Ghana	1244:VO-GH-YAWSON
VBS19257	WA-0207	09/01/2017	Obuasi	Ghana	1244:VO-GH-YAWSON
VBS19258	WA-0208	09/01/2017	Obuasi	Ghana	1244:VO-GH-YAWSON
VBS19259	WA-0209	09/01/2017	Obuasi	Ghana	1244:VO-GH-YAWSON
VBS19260	WA-0210	09/01/2017	Obuasi	Ghana	1244:VO-GH-YAWSON
VBS19261	WA-0211	09/01/2017	Obuasi	Ghana	1244:VO-GH-YAWSON
VBS19262	WA-0212	09/01/2017	Obuasi	Ghana	1244:VO-GH-YAWSON
VBS19263	WA-0213	09/01/2017	Obuasi	Ghana	1244:VO-GH-YAWSON
VBS19264	WA-0214	09/01/2017	Obuasi	Ghana	1244:VO-GH-YAWSON
VBS19265	WA-0215	09/01/2017	Obuasi	Ghana	1244:VO-GH-YAWSON
VBS19266	WA-0216	09/01/2017	Obuasi	Ghana	1244:VO-GH-YAWSON
VBS19267	WA-0217	09/01/2017	Obuasi	Ghana	1244:VO-GH-YAWSON
VBS19268	WA-0218	09/01/2017	Obuasi	Ghana	1244:VO-GH-YAWSON
VBS19269	WA-0219	09/01/2017	Obuasi	Ghana	1244:VO-GH-YAWSON
VBS19270	WA-0220	09/01/2017	Obuasi	Ghana	1244:VO-GH-YAWSON
VBS19271	WA-0221	09/01/2017	Obuasi	Ghana	1244:VO-GH-YAWSON
VBS19272	WA-0222	09/01/2017	Obuasi	Ghana	1244:VO-GH-YAWSON
VBS19273	WA-0223	09/01/2017	Obuasi	Ghana	1244:VO-GH-YAWSON
VBS19274	WA-0224	09/01/2017	Obuasi	Ghana	1244:VO-GH-YAWSON
VBS19275	WA-0225	09/01/2017	Obuasi	Ghana	1244:VO-GH-YAWSON
VBS19276	WA-0226	09/01/2017	Obuasi	Ghana	1244:VO-GH-YAWSON
VBS19277	WA-0227	09/01/2017	Obuasi	Ghana	1244:VO-GH-YAWSON
VBS19278	WA-0228	09/01/2017	Obuasi	Ghana	1244:VO-GH-YAWSON
VBS19279	WA-0229	09/01/2017	Obuasi	Ghana	1244:VO-GH-YAWSON
VBS19280	WA-0230	09/01/2017	Obuasi	Ghana	1244:VO-GH-YAWSON
VBS19281	WA-0231	09/01/2017	Obuasi	Ghana	1244:VO-GH-YAWSON
VBS19282	WA-0232	09/01/2017	Obuasi	Ghana	1244:VO-GH-YAWSON
VBS19283	WA-0233	09/01/2017	Obuasi	Ghana	1244:VO-GH-YAWSON
VBS19284	WA-0234	09/01/2017	Obuasi	Ghana	1244:VO-GH-YAWSON
VBS19285	WA-0235	09/01/2017	Obuasi	Ghana	1244:VO-GH-YAWSON
VBS19286	WA-0236	09/01/2017	Obuasi	Ghana	1244:VO-GH-YAWSON
VBS19287	WA-0237	09/01/2017	Obuasi	Ghana	1244:VO-GH-YAWSON
VBS19288	WA-0238	09/01/2017	Obuasi	Ghana	1244:VO-GH-YAWSON
VBS19289	WA-0239	09/01/2017	Obuasi	Ghana	1244:VO-GH-YAWSON
VBS19290	WA-0240	09/01/2017	Obuasi	Ghana	1244:VO-GH-YAWSON
VBS19291	WA-0241	09/01/2017	Obuasi	Ghana	1244:VO-GH-YAWSON
VBS19292	WA-0242	09/01/2017	Obuasi	Ghana	1244:VO-GH-YAWSON
VBS19293	WA-0243	09/01/2017	Obuasi	Ghana	1244:VO-GH-YAWSON
VBS19294	WA-0244	09/01/2017	Obuasi	Ghana	1244:VO-GH-YAWSON
VBS19295	WA-0245	09/01/2017	Obuasi	Ghana	1244:VO-GH-YAWSON
VBS19296	WA-0246	09/01/2017	Obuasi	Ghana	1244:VO-GH-YAWSON
VBS19297	WA-0247	09/01/2017	Obuasi	Ghana	1244:VO-GH-YAWSON
VBS19298	WA-0248	09/01/2017	Obuasi	Ghana	1244:VO-GH-YAWSON
VBS19299	WA-0249	09/01/2017	Obuasi	Ghana	1244:VO-GH-YAWSON
VBS19300	WA-0250	09/01/2017	Obuasi	Ghana	1244:VO-GH-YAWSON
VBS19301	WA-0251	09/01/2017	Obuasi	Ghana	1244:VO-GH-YAWSON
VBS19302	WA-0252	09/01/2017	Obuasi	Ghana	1244:VO-GH-YAWSON
VBS19303	WA-0253	09/01/2017	Obuasi	Ghana	1244:VO-GH-YAWSON
VBS19304	WA-0254	09/01/2017	Obuasi	Ghana	1244:VO-GH-YAWSON
VBS19305	WA-0255	09/01/2017	Obuasi	Ghana	1244:VO-GH-YAWSON
VBS19306	WA-0256	09/01/2017	Obuasi	Ghana	1244:VO-GH-YAWSON
VBS19307	WA-0257	09/01/2017	Obuasi	Ghana	1244:VO-GH-YAWSON
VBS19308	WA-0258	09/01/2017	Obuasi	Ghana	1244:VO-GH-YAWSON
VBS19309	WA-0259	09/01/2017	Obuasi	Ghana	1244:VO-GH-YAWSON
VBS19310	WA-0260	09/01/2017	Obuasi	Ghana	1244:VO-GH-YAWSON
VBS19311	WA-0261	09/01/2017	Obuasi	Ghana	1244:VO-GH-YAWSON
VBS19312	WA-0262	09/01/2017	Obuasi	Ghana	1244:VO-GH-YAWSON
VBS19313	WA-0263	09/01/2017	Obuasi	Ghana	1244:VO-GH-YAWSON
VBS19314	WA-0264	09/01/2017	Obuasi	Ghana	1244:VO-GH-YAWSON
VBS19315	WA-0265	09/01/2017	Obuasi	Ghana	1244:VO-GH-YAWSON
VBS19316	WA-0266	09/01/2017	Obuasi	Ghana	1244:VO-GH-YAWSON
VBS19317	WA-0267	09/01/2017	Obuasi	Ghana	1244:VO-GH-YAWSON
VBS19318	WA-0268	09/01/2017	Obuasi	Ghana	1244:VO-GH-YAWSON
VBS19319	WA-0269	09/01/2017	Obuasi	Ghana	1244:VO-GH-YAWSON
VBS19320	WA-0270	09/01/2017	Obuasi	Ghana	1244:VO-GH-YAWSON
VBS19321	WA-0271	09/01/2017	Obuasi	Ghana	1244:VO-GH-YAWSON
VBS19322	WA-0272	09/01/2017	Obuasi	Ghana	1244:VO-GH-YAWSON
VBS19323	WA-0273	09/01/2017	Obuasi	Ghana	1244:VO-GH-YAWSON
VBS19324	WA-0274	09/01/2017	Obuasi	Ghana	1244:VO-GH-YAWSON
VBS19325	WA-0275	09/01/2017	Obuasi	Ghana	1244:VO-GH-YAWSON
VBS19326	WA-0276	09/01/2017	Obuasi	Ghana	1244:VO-GH-YAWSON
VBS19327	WA-0277	09/01/2017	Obuasi	Ghana	1244:VO-GH-YAWSON
VBS19328	WA-0278	09/01/2017	Obuasi	Ghana	1244:VO-GH-YAWSON
VBS19329	WA-0279	09/01/2017	Obuasi	Ghana	1244:VO-GH-YAWSON
VBS19330	WA-0280	09/01/2017	Obuasi	Ghana	1244:VO-GH-YAWSON
VBS19331	WA-0281	09/01/2017	Obuasi	Ghana	1244:VO-GH-YAWSON
VBS19332	WA-0282	09/01/2017	Obuasi	Ghana	1244:VO-GH-YAWSON
VBS19333	WA-0283	09/01/2017	Obuasi	Ghana	1244:VO-GH-YAWSON
VBS19334	WA-0284	09/01/2017	Obuasi	Ghana	1244:VO-GH-YAWSON
VBS19335	WA-0285	09/01/2017	Obuasi	Ghana	1244:VO-GH-YAWSON
VBS19336	WA-0286	09/01/2017	Obuasi	Ghana	1244:VO-GH-YAWSON
VBS19337	WA-0287	09/01/2017	Obuasi	Ghana	1244:VO-GH-YAWSON
VBS19338	WA-0288	09/01/2017	Obuasi	Ghana	1244:VO-GH-YAWSON
VBS19339	WA-0289	09/01/2017	Obuasi	Ghana	1244:VO-GH-YAWSON
VBS19340	WA-0290	09/01/2017	Obuasi	Ghana	1244:VO-GH-YAWSON
VBS19341	WA-0291	09/01/2017	Obuasi	Ghana	1244:VO-GH-YAWSON
VBS19342	WA-0292	09/01/2017	Obuasi	Ghana	1244:VO-GH-YAWSON
VBS19343	WA-0293	09/01/2017	Obuasi	Ghana	1244:VO-GH-YAWSON
VBS19344	WA-0294	09/01/2017	Obuasi	Ghana	1244:VO-GH-YAWSON
VBS19345	WA-0295	09/01/2017	Obuasi	Ghana	1244:VO-GH-YAWSON
VBS19346	WA-0296	09/01/2017	Obuasi	Ghana	1244:VO-GH-YAWSON
VBS19347	WA-0297	09/01/2017	Obuasi	Ghana	1244:VO-GH-YAWSON
VBS19348	WA-0298	09/01/2017	Obuasi	Ghana	1244:VO-GH-YAWSON
VBS19349	WA-0299	09/01/2017	Obuasi	Ghana	1244:VO-GH-YAWSON
VBS19350	WA-0300	09/01/2017	Obuasi	Ghana	1244:VO-GH-YAWSON
VBS19351	WA-0301	09/01/2017	Obuasi	Ghana	1244:VO-GH-YAWSON
VBS19352	WA-0302	09/01/2017	Obuasi	Ghana	1244:VO-GH-YAWSON
VBS19353	WA-0303	09/01/2017	Obuasi	Ghana	1244:VO-GH-YAWSON
VBS19354	WA-0304	09/01/2017	Obuasi	Ghana	1244:VO-GH-YAWSON
VBS19355	WA-0305	09/01/2017	Obuasi	Ghana	1244:VO-GH-YAWSON
VBS19356	WA-0306	09/01/2017	Obuasi	Ghana	1244:VO-GH-YAWSON
VBS19357	WA-0307	09/01/2017	Obuasi	Ghana	1244:VO-GH-YAWSON
VBS19358	WA-0308	09/01/2017	Obuasi	Ghana	1244:VO-GH-YAWSON
VBS19359	WA-0309	09/01/2017	Obuasi	Ghana	1244:VO-GH-YAWSON
VBS19360	WA-0310	09/01/2017	Obuasi	Ghana	1244:VO-GH-YAWSON
VBS19361	WA-0311	09/01/2017	Obuasi	Ghana	1244:VO-GH-YAWSON
VBS19362	WA-0312	09/01/2017	Obuasi	Ghana	1244:VO-GH-YAWSON
VBS19363	WA-0313	09/01/2017	Obuasi	Ghana	1244:VO-GH-YAWSON
VBS19364	WA-0314	09/01/2017	Obuasi	Ghana	1244:VO-GH-YAWSON
VBS19365	WA-0315	09/01/2017	Obuasi	Ghana	1244:VO-GH-YAWSON
VBS19366	WA-0316	09/01/2017	Obuasi	Ghana	1244:VO-GH-YAWSON
VBS19367	WA-0317	09/01/2017	Obuasi	Ghana	1244:VO-GH-YAWSON
VBS19368	WA-0318	09/01/2017	Obuasi	Ghana	1244:VO-GH-YAWSON
VBS19369	WA-0319	09/01/2017	Obuasi	Ghana	1244:VO-GH-YAWSON
VBS19370	WA-0320	09/01/2017	Obuasi	Ghana	1244:VO-GH-YAWSON
VBS19371	WA-0321	09/01/2017	Obuasi	Ghana	1244:VO-GH-YAWSON
VBS19372	WA-0322	09/01/2017	Obuasi	Ghana	1244:VO-GH-YAWSON
VBS19373	WA-0323	09/01/2017	Obuasi	Ghana	1244:VO-GH-YAWSON
VBS19374	WA-0324	09/01/2017	Obuasi	Ghana	1244:VO-GH-YAWSON
VBS19375	WA-0441	11/01/2017	Madina	Ghana	1244:VO-GH-YAWSON
VBS19376	WA-0442	11/01/2017	Madina	Ghana	1244:VO-GH-YAWSON
VBS19377	WA-0443	11/01/2017	Madina	Ghana	1244:VO-GH-YAWSON
VBS19378	WA-0444	11/01/2017	Madina	Ghana	1244:VO-GH-YAWSON
VBS19379	WA-0445	11/01/2017	Madina	Ghana	1244:VO-GH-YAWSON
VBS19380	WA-0446	11/01/2017	Madina	Ghana	1244:VO-GH-YAWSON
VBS19381	WA-0447	11/01/2017	Madina	Ghana	1244:VO-GH-YAWSON
VBS19382	WA-0448	11/01/2017	Madina	Ghana	1244:VO-GH-YAWSON
VBS19383	WA-0449	11/01/2017	Madina	Ghana	1244:VO-GH-YAWSON
VBS19384	WA-0450	11/01/2017	Madina	Ghana	1244:VO-GH-YAWSON
VBS19385	WA-0451	11/01/2017	Madina	Ghana	1244:VO-GH-YAWSON
VBS19386	WA-0452	11/01/2017	Madina	Ghana	1244:VO-GH-YAWSON
VBS19387	WA-0453	11/01/2017	Madina	Ghana	1244:VO-GH-YAWSON
VBS19388	WA-0454	11/01/2017	Madina	Ghana	1244:VO-GH-YAWSON
VBS19389	WA-0455	11/01/2017	Madina	Ghana	1244:VO-GH-YAWSON
VBS19390	WA-0456	11/01/2017	Madina	Ghana	1244:VO-GH-YAWSON
VBS19391	WA-0457	11/01/2017	Madina	Ghana	1244:VO-GH-YAWSON
VBS19392	WA-0458	11/01/2017	Madina	Ghana	1244:VO-GH-YAWSON
VBS19393	WA-0459	11/01/2017	Madina	Ghana	1244:VO-GH-YAWSON
VBS19394	WA-0460	11/01/2017	Madina	Ghana	1244:VO-GH-YAWSON
VBS19395	WA-0461	11/01/2017	Madina	Ghana	1244:VO-GH-YAWSON
VBS19396	WA-0462	11/01/2017	Madina	Ghana	1244:VO-GH-YAWSON
VBS19397	WA-0463	11/01/2017	Madina	Ghana	1244:VO-GH-YAWSON
VBS19398	WA-0464	11/01/2017	Madina	Ghana	1244:VO-GH-YAWSON
VBS19399	WA-0465	11/01/2017	Madina	Ghana	1244:VO-GH-YAWSON
VBS19400	WA-0466	11/01/2017	Madina	Ghana	1244:VO-GH-YAWSON
VBS19401	WA-0467	11/01/2017	Madina	Ghana	1244:VO-GH-YAWSON
VBS19402	WA-0468	11/01/2017	Madina	Ghana	1244:VO-GH-YAWSON
VBS19403	WA-0469	11/01/2017	Madina	Ghana	1244:VO-GH-YAWSON
VBS19404	WA-0470	11/01/2017	Madina	Ghana	1244:VO-GH-YAWSON
VBS19405	WA-0471	11/01/2017	Madina	Ghana	1244:VO-GH-YAWSON
VBS19406	WA-0472	11/01/2017	Madina	Ghana	1244:VO-GH-YAWSON
VBS19407	WA-0473	11/01/2017	Madina	Ghana	1244:VO-GH-YAWSON
VBS19408	WA-0474	11/01/2017	Madina	Ghana	1244:VO-GH-YAWSON
VBS19409	WA-0475	11/01/2017	Madina	Ghana	1244:VO-GH-YAWSON
VBS19410	WA-0476	11/01/2017	Madina	Ghana	1244:VO-GH-YAWSON
VBS19411	WA-0477	11/01/2017	Madina	Ghana	1244:VO-GH-YAWSON
VBS19412	WA-0478	11/01/2017	Madina	Ghana	1244:VO-GH-YAWSON
VBS19413	WA-0479	11/01/2017	Madina	Ghana	1244:VO-GH-YAWSON
VBS19414	WA-0480	11/01/2017	Madina	Ghana	1244:VO-GH-YAWSON
VBS19415	WA-0481	11/01/2017	Madina	Ghana	1244:VO-GH-YAWSON
VBS19416	WA-0482	11/01/2017	Madina	Ghana	1244:VO-GH-YAWSON
VBS19417	WA-0483	11/01/2017	Madina	Ghana	1244:VO-GH-YAWSON
VBS19418	WA-0484	11/01/2017	Madina	Ghana	1244:VO-GH-YAWSON
VBS19419	WA-0485	11/01/2017	Madina	Ghana	1244:VO-GH-YAWSON
VBS19420	WA-0486	11/01/2017	Madina	Ghana	1244:VO-GH-YAWSON
VBS19421	WA-0487	11/01/2017	Madina	Ghana	1244:VO-GH-YAWSON
VBS19422	WA-0488	11/01/2017	Madina	Ghana	1244:VO-GH-YAWSON
VBS19423	WA-0489	11/01/2017	Madina	Ghana	1244:VO-GH-YAWSON
VBS19424	WA-0490	11/01/2017	Madina	Ghana	1244:VO-GH-YAWSON
VBS19425	WA-0491	11/01/2017	Madina	Ghana	1244:VO-GH-YAWSON
VBS19426	WA-0492	11/01/2017	Madina	Ghana	1244:VO-GH-YAWSON
VBS19427	WA-0493	11/01/2017	Madina	Ghana	1244:VO-GH-YAWSON
VBS19428	WA-0494	11/01/2017	Madina	Ghana	1244:VO-GH-YAWSON
VBS19429	WA-0495	11/01/2017	Madina	Ghana	1244:VO-GH-YAWSON
VBS19430	WA-0496	11/01/2017	Madina	Ghana	1244:VO-GH-YAWSON
VBS19431	WA-0497	11/01/2017	Madina	Ghana	1244:VO-GH-YAWSON
VBS20385	WA-0726	09/01/2017	Aboisso	Cote_Ivoire	1245:VO-CI-CONSTANT
VBS20386	WA-0727	09/01/2017	Aboisso	Cote_Ivoire	1245:VO-CI-CONSTANT
VBS20387	WA-0728	09/01/2017	Aboisso	Cote_Ivoire	1245:VO-CI-CONSTANT
VBS20388	WA-0729	09/01/2017	Aboisso	Cote_Ivoire	1245:VO-CI-CONSTANT
VBS20389	WA-0730	09/01/2017	Aboisso	Cote_Ivoire	1245:VO-CI-CONSTANT
VBS20390	WA-0731	09/01/2017	Aboisso	Cote_Ivoire	1245:VO-CI-CONSTANT
VBS20391	WA-0732	09/01/2017	Aboisso	Cote_Ivoire	1245:VO-CI-CONSTANT
VBS20392	WA-0733	09/01/2017	Aboisso	Cote_Ivoire	1245:VO-CI-CONSTANT
VBS20393	WA-0734	09/01/2017	Aboisso	Cote_Ivoire	1245:VO-CI-CONSTANT
VBS20394	WA-0735	09/01/2017	Aboisso	Cote_Ivoire	1245:VO-CI-CONSTANT
VBS20395	WA-0736	09/01/2017	Aboisso	Cote_Ivoire	1245:VO-CI-CONSTANT
VBS20396	WA-0737	09/01/2017	Aboisso	Cote_Ivoire	1245:VO-CI-CONSTANT
VBS20397	WA-0738	09/01/2017	Aboisso	Cote_Ivoire	1245:VO-CI-CONSTANT
VBS20398	WA-0739	09/01/2017	Aboisso	Cote_Ivoire	1245:VO-CI-CONSTANT
VBS20399	WA-0740	09/01/2017	Aboisso	Cote_Ivoire	1245:VO-CI-CONSTANT
VBS20400	WA-0741	09/01/2017	Aboisso	Cote_Ivoire	1245:VO-CI-CONSTANT
VBS20401	WA-0742	09/01/2017	Aboisso	Cote_Ivoire	1245:VO-CI-CONSTANT
VBS20402	WA-0743	09/01/2017	Aboisso	Cote_Ivoire	1245:VO-CI-CONSTANT
VBS20403	WA-0744	09/01/2017	Aboisso	Cote_Ivoire	1245:VO-CI-CONSTANT
VBS20404	WA-0745	09/01/2017	Aboisso	Cote_Ivoire	1245:VO-CI-CONSTANT
VBS20405	WA-0746	09/01/2017	Aboisso	Cote_Ivoire	1245:VO-CI-CONSTANT
VBS20406	WA-0747	09/01/2017	Aboisso	Cote_Ivoire	1245:VO-CI-CONSTANT
VBS20407	WA-0748	09/01/2017	Aboisso	Cote_Ivoire	1245:VO-CI-CONSTANT
VBS20408	WA-0749	09/01/2017	Aboisso	Cote_Ivoire	1245:VO-CI-CONSTANT
VBS20409	WA-0750	09/01/2017	Aboisso	Cote_Ivoire	1245:VO-CI-CONSTANT
VBS20410	WA-0751	09/01/2017	Aboisso	Cote_Ivoire	1245:VO-CI-CONSTANT
VBS20411	WA-0752	09/01/2017	Aboisso	Cote_Ivoire	1245:VO-CI-CONSTANT
VBS20412	WA-0753	09/01/2017	Aboisso	Cote_Ivoire	1245:VO-CI-CONSTANT
VBS20413	WA-0754	09/01/2017	Aboisso	Cote_Ivoire	1245:VO-CI-CONSTANT
VBS20414	WA-0755	09/01/2017	Aboisso	Cote_Ivoire	1245:VO-CI-CONSTANT
VBS20415	WA-0756	09/01/2017	Aboisso	Cote_Ivoire	1245:VO-CI-CONSTANT
VBS20416	WA-0757	09/01/2017	Aboisso	Cote_Ivoire	1245:VO-CI-CONSTANT
VBS20417	WA-0758	09/01/2017	Aboisso	Cote_Ivoire	1245:VO-CI-CONSTANT
VBS20418	WA-0759	09/01/2017	Aboisso	Cote_Ivoire	1245:VO-CI-CONSTANT
VBS20419	WA-0760	09/01/2017	Aboisso	Cote_Ivoire	1245:VO-CI-CONSTANT
VBS20420	WA-0761	09/01/2017	Aboisso	Cote_Ivoire	1245:VO-CI-CONSTANT
VBS20421	WA-0762	09/01/2017	Aboisso	Cote_Ivoire	1245:VO-CI-CONSTANT
VBS20422	WA-0763	09/01/2017	Aboisso	Cote_Ivoire	1245:VO-CI-CONSTANT
VBS20423	WA-0764	09/01/2017	Aboisso	Cote_Ivoire	1245:VO-CI-CONSTANT
VBS20424	WA-0765	09/01/2017	Aboisso	Cote_Ivoire	1245:VO-CI-CONSTANT
VBS20425	WA-0766	09/01/2017	Aboisso	Cote_Ivoire	1245:VO-CI-CONSTANT
VBS20426	WA-0767	09/01/2017	Aboisso	Cote_Ivoire	1245:VO-CI-CONSTANT
VBS20427	WA-0768	09/01/2017	Aboisso	Cote_Ivoire	1245:VO-CI-CONSTANT
VBS20428	WA-0769	09/01/2017	Aboisso	Cote_Ivoire	1245:VO-CI-CONSTANT
VBS20429	WA-0770	09/01/2017	Aboisso	Cote_Ivoire	1245:VO-CI-CONSTANT
VBS20430	WA-0771	09/01/2017	Aboisso	Cote_Ivoire	1245:VO-CI-CONSTANT
VBS20431	WA-0772	09/01/2017	Aboisso	Cote_Ivoire	1245:VO-CI-CONSTANT
VBS20432	WA-0773	09/01/2017	Aboisso	Cote_Ivoire	1245:VO-CI-CONSTANT
VBS20433	WA-0774	09/01/2017	Aboisso	Cote_Ivoire	1245:VO-CI-CONSTANT
VBS20434	WA-0775	09/01/2017	Aboisso	Cote_Ivoire	1245:VO-CI-CONSTANT
VBS20435	WA-0776	09/01/2017	Aboisso	Cote_Ivoire	1245:VO-CI-CONSTANT
VBS20436	WA-0777	09/01/2017	Aboisso	Cote_Ivoire	1245:VO-CI-CONSTANT
VBS20437	WA-0778	09/01/2017	Aboisso	Cote_Ivoire	1245:VO-CI-CONSTANT
VBS20438	WA-0779	09/01/2017	Aboisso	Cote_Ivoire	1245:VO-CI-CONSTANT
VBS20439	WA-0780	09/01/2017	Aboisso	Cote_Ivoire	1245:VO-CI-CONSTANT
VBS20440	WA-0781	09/01/2017	Aboisso	Cote_Ivoire	1245:VO-CI-CONSTANT
VBS20016	WA-0325	10/01/2017	Baguida	Togo	1253:VO-TG-DJOGBENOU
VBS20017	WA-0326	10/01/2017	Baguida	Togo	1253:VO-TG-DJOGBENOU
VBS20018	WA-0327	10/01/2017	Baguida	Togo	1253:VO-TG-DJOGBENOU
VBS20019	WA-0328	10/01/2017	Baguida	Togo	1253:VO-TG-DJOGBENOU
VBS20020	WA-0329	10/01/2017	Baguida	Togo	1253:VO-TG-DJOGBENOU
VBS20021	WA-0330	10/01/2017	Baguida	Togo	1253:VO-TG-DJOGBENOU
VBS20022	WA-0331	10/01/2017	Baguida	Togo	1253:VO-TG-DJOGBENOU
VBS20023	WA-0332	10/01/2017	Baguida	Togo	1253:VO-TG-DJOGBENOU
VBS20024	WA-0333	10/01/2017	Baguida	Togo	1253:VO-TG-DJOGBENOU
VBS20025	WA-0334	10/01/2017	Baguida	Togo	1253:VO-TG-DJOGBENOU
VBS20026	WA-0335	10/01/2017	Baguida	Togo	1253:VO-TG-DJOGBENOU
VBS20027	WA-0336	10/01/2017	Baguida	Togo	1253:VO-TG-DJOGBENOU
VBS20028	WA-0337	10/01/2017	Baguida	Togo	1253:VO-TG-DJOGBENOU
VBS20029	WA-0338	10/01/2017	Baguida	Togo	1253:VO-TG-DJOGBENOU
VBS20030	WA-0339	10/01/2017	Baguida	Togo	1253:VO-TG-DJOGBENOU
VBS20031	WA-0340	10/01/2017	Baguida	Togo	1253:VO-TG-DJOGBENOU
VBS20032	WA-0341	10/01/2017	Baguida	Togo	1253:VO-TG-DJOGBENOU
VBS20033	WA-0342	10/01/2017	Baguida	Togo	1253:VO-TG-DJOGBENOU
VBS20034	WA-0343	10/01/2017	Baguida	Togo	1253:VO-TG-DJOGBENOU
VBS20035	WA-0344	10/01/2017	Baguida	Togo	1253:VO-TG-DJOGBENOU
VBS20036	WA-0345	10/01/2017	Baguida	Togo	1253:VO-TG-DJOGBENOU
VBS20037	WA-0346	10/01/2017	Baguida	Togo	1253:VO-TG-DJOGBENOU
VBS20038	WA-0347	10/01/2017	Baguida	Togo	1253:VO-TG-DJOGBENOU
VBS20039	WA-0348	10/01/2017	Baguida	Togo	1253:VO-TG-DJOGBENOU
VBS20040	WA-0349	10/01/2017	Baguida	Togo	1253:VO-TG-DJOGBENOU
VBS20041	WA-0350	10/01/2017	Baguida	Togo	1253:VO-TG-DJOGBENOU
VBS20042	WA-0351	10/01/2017	Baguida	Togo	1253:VO-TG-DJOGBENOU
VBS20043	WA-0352	10/01/2017	Baguida	Togo	1253:VO-TG-DJOGBENOU
VBS20044	WA-0353	10/01/2017	Baguida	Togo	1253:VO-TG-DJOGBENOU
VBS20045	WA-0354	10/01/2017	Baguida	Togo	1253:VO-TG-DJOGBENOU
VBS20046	WA-0355	10/01/2017	Baguida	Togo	1253:VO-TG-DJOGBENOU
VBS20047	WA-0356	10/01/2017	Baguida	Togo	1253:VO-TG-DJOGBENOU
VBS20048	WA-0357	10/01/2017	Baguida	Togo	1253:VO-TG-DJOGBENOU
VBS20049	WA-0358	10/01/2017	Baguida	Togo	1253:VO-TG-DJOGBENOU
VBS20050	WA-0359	10/01/2017	Baguida	Togo	1253:VO-TG-DJOGBENOU
VBS20051	WA-0360	10/01/2017	Baguida	Togo	1253:VO-TG-DJOGBENOU
VBS20052	WA-0361	10/01/2017	Baguida	Togo	1253:VO-TG-DJOGBENOU
VBS20053	WA-0362	10/01/2017	Baguida	Togo	1253:VO-TG-DJOGBENOU
VBS20054	WA-0363	10/01/2017	Baguida	Togo	1253:VO-TG-DJOGBENOU
VBS20055	WA-0364	10/01/2017	Baguida	Togo	1253:VO-TG-DJOGBENOU
VBS20056	WA-0365	10/01/2017	Baguida	Togo	1253:VO-TG-DJOGBENOU
VBS20057	WA-0366	10/01/2017	Baguida	Togo	1253:VO-TG-DJOGBENOU
VBS20058	WA-0367	10/01/2017	Baguida	Togo	1253:VO-TG-DJOGBENOU
VBS20059	WA-0368	10/01/2017	Baguida	Togo	1253:VO-TG-DJOGBENOU
VBS20060	WA-0369	10/01/2017	Baguida	Togo	1253:VO-TG-DJOGBENOU
VBS20132	WA-0782	12/01/2017	Baguida	Togo	1253:VO-TG-DJOGBENOU
VBS20133	WA-0783	12/01/2017	Baguida	Togo	1253:VO-TG-DJOGBENOU
VBS20134	WA-0784	12/01/2017	Baguida	Togo	1253:VO-TG-DJOGBENOU
VBS20135	WA-0785	12/01/2017	Baguida	Togo	1253:VO-TG-DJOGBENOU
VBS20136	WA-0786	12/01/2017	Baguida	Togo	1253:VO-TG-DJOGBENOU
VBS20137	WA-0787	12/01/2017	Baguida	Togo	1253:VO-TG-DJOGBENOU
VBS20138	WA-0788	12/01/2017	Baguida	Togo	1253:VO-TG-DJOGBENOU
VBS20139	WA-0789	12/01/2017	Baguida	Togo	1253:VO-TG-DJOGBENOU
VBS20140	WA-0790	12/01/2017	Baguida	Togo	1253:VO-TG-DJOGBENOU
VBS20141	WA-0791	12/01/2017	Baguida	Togo	1253:VO-TG-DJOGBENOU
VBS20142	WA-0792	12/01/2017	Baguida	Togo	1253:VO-TG-DJOGBENOU
VBS20143	WA-0793	12/01/2017	Baguida	Togo	1253:VO-TG-DJOGBENOU
VBS20144	WA-0794	12/01/2017	Baguida	Togo	1253:VO-TG-DJOGBENOU
VBS20145	WA-0795	12/01/2017	Baguida	Togo	1253:VO-TG-DJOGBENOU
VBS20146	WA-0796	12/01/2017	Baguida	Togo	1253:VO-TG-DJOGBENOU
VBS20147	WA-0797	12/01/2017	Baguida	Togo	1253:VO-TG-DJOGBENOU
VBS20148	WA-0798	12/01/2017	Baguida	Togo	1253:VO-TG-DJOGBENOU
VBS20149	WA-0799	12/01/2017	Baguida	Togo	1253:VO-TG-DJOGBENOU
VBS20150	WA-0800	12/01/2017	Baguida	Togo	1253:VO-TG-DJOGBENOU
VBS20151	WA-0801	12/01/2017	Baguida	Togo	1253:VO-TG-DJOGBENOU
VBS20152	WA-0802	12/01/2017	Baguida	Togo	1253:VO-TG-DJOGBENOU
VBS20153	WA-0803	12/01/2017	Baguida	Togo	1253:VO-TG-DJOGBENOU
VBS20154	WA-0804	12/01/2017	Baguida	Togo	1253:VO-TG-DJOGBENOU
VBS20155	WA-0805	12/01/2017	Baguida	Togo	1253:VO-TG-DJOGBENOU
VBS20156	WA-0806	12/01/2017	Baguida	Togo	1253:VO-TG-DJOGBENOU
VBS20157	WA-0807	12/01/2017	Baguida	Togo	1253:VO-TG-DJOGBENOU
VBS20158	WA-0808	12/01/2017	Baguida	Togo	1253:VO-TG-DJOGBENOU
VBS20159	WA-0809	12/01/2017	Baguida	Togo	1253:VO-TG-DJOGBENOU
VBS20160	WA-0810	12/01/2017	Baguida	Togo	1253:VO-TG-DJOGBENOU
VBS20161	WA-0811	12/01/2017	Baguida	Togo	1253:VO-TG-DJOGBENOU
VBS20162	WA-0812	12/01/2017	Baguida	Togo	1253:VO-TG-DJOGBENOU
VBS20163	WA-0813	12/01/2017	Baguida	Togo	1253:VO-TG-DJOGBENOU
VBS20164	WA-0814	12/01/2017	Baguida	Togo	1253:VO-TG-DJOGBENOU
VBS20165	WA-0815	12/01/2017	Baguida	Togo	1253:VO-TG-DJOGBENOU
VBS20166	WA-0816	12/01/2017	Baguida	Togo	1253:VO-TG-DJOGBENOU
VBS20167	WA-0817	12/01/2017	Baguida	Togo	1253:VO-TG-DJOGBENOU
VBS20168	WA-0818	12/01/2017	Baguida	Togo	1253:VO-TG-DJOGBENOU
VBS20169	WA-0819	12/01/2017	Baguida	Togo	1253:VO-TG-DJOGBENOU
VBS20170	WA-0820	12/01/2017	Baguida	Togo	1253:VO-TG-DJOGBENOU
VBS20171	WA-0821	12/01/2017	Baguida	Togo	1253:VO-TG-DJOGBENOU
VBS20172	WA-0822	12/01/2017	Baguida	Togo	1253:VO-TG-DJOGBENOU
