sample.id	species	location	insecticide	phenotype	Vgsc.1527T_C	Vgsc.1570Y_T	Vgsc.1597G_G	Vgsc.1603T_C	Vgsc.1746S_T	Vgsc.1853I_A	Vgsc.1868T_C	Vgsc.1874L_T	Vgsc.1934V_T	Vgsc.1940T_C	Vgsc.254K_A	Vgsc.402L_C	Vgsc.402L_T	Vgsc.791M_T	Vgsc.995F_T	Rdl.296G_G	Rdl.296S_T	Cyp4j5.43F_A	Ace1.280S_A	Gste2.114T_G	Gste2.119V_C	Gste2.119V_T	inv_2La
WA-0728	gambiae	Aboisso	PM	dead	0	1	0	0	0	0	0	1	0	0	0	0	0	0	2	0	0	1	1	0	2	0	0
WA-0729	gambiae	Aboisso	PM	dead	0	0	0	0	1	0	0	1	0	0	0	0	0	1	2	1	0	1	0	0	2	0	0
WA-0731	gambiae	Aboisso	PM	dead	0	0	0	0	1	0	0	1	0	0	0	0	0	1	2	0	0	0	1	1	1	0	0
WA-0732	gambiae	Aboisso	PM	dead	0	0	0	0	0	0	0	1	1	0	1	0	0	0	2	2	0	0	0	1	0	0	1
WA-0735	gambiae	Aboisso	PM	dead	0	1	0	0	0	1	0	0	0	0	0	0	0	0	2	2	0	0	1	0	2	0	0
WA-0737	gambiae	Aboisso	PM	alive	0	0	0	0	1	0	0	1	0	0	0	0	0	1	2	0	0	0	2	0	2	0	0
WA-0738	gambiae	Aboisso	PM	alive	0	0	0	0	0	0	0	2	0	0	0	0	0	0	2	0	0	0	2	0	2	0	0
WA-0739	gambiae	Aboisso	PM	alive	0	0	0	0	0	1	0	0	1	0	0	0	0	0	2	1	0	1	2	0	2	0	0
WA-0740	gambiae	Aboisso	PM	alive	0	0	0	0	1	0	0	1	0	0	0	0	0	1	2	2	0	1	1	0	2	0	1
WA-0741	gambiae	Aboisso	PM	alive	0	0	0	0	1	0	0	1	0	0	0	0	0	1	2	1	0	1	1	0	2	0	0
WA-0742	gambiae	Aboisso	PM	alive	0	1	0	0	1	0	0	0	0	0	0	0	0	1	2	0	0	1	1	0	1	0	1
WA-0743	gambiae	Aboisso	PM	alive	0	1	0	0	0	0	0	1	0	0	0	0	0	0	2	0	0	2	2	0	1	0	2
WA-0745	gambiae	Aboisso	PM	alive	0	1	0	0	0	0	0	1	0	0	0	0	0	0	2	0	0	0	2	0	1	0	0
WA-0746	gambiae	Aboisso	PM	alive	0	1	1	0	0	0	0	0	0	0	0	0	0	0	2	0	0	1	2	1	1	0	0
WA-0747	gambiae	Aboisso	PM	alive	0	0	0	0	2	0	0	0	0	0	0	0	0	2	2	1	0	0	1	0	2	0	0
WA-0748	gambiae	Aboisso	PM	alive	0	1	0	0	0	0	0	1	0	0	0	0	0	0	2	1	0	0	1	0	0	0	0
WA-0751	gambiae	Aboisso	PM	alive	0	1	0	0	0	0	0	1	0	0	0	0	0	0	2	0	0	0	2	0	1	0	0
WA-0753	gambiae	Aboisso	PM	alive	0	0	0	0	0	1	0	1	0	0	0	0	0	0	2	0	0	1	2	0	2	0	0
WA-0754	gambiae	Aboisso	PM	alive	0	0	1	0	0	0	0	1	0	0	0	0	0	0	2	1	0	1	2	0	0	0	0
WA-0755	gambiae	Aboisso	PM	alive	0	0	0	0	0	0	0	2	0	0	0	0	0	0	2	1	0	1	1	1	0	0	0
WA-0756	gambiae	Aboisso	PM	alive	0	0	0	0	1	1	0	0	0	0	0	0	0	1	2	0	0	0	1	0	1	0	0
WA-0757	gambiae	Aboisso	PM	alive	0	1	0	0	0	0	0	1	0	0	0	0	0	0	2	0	0	0	2	0	2	0	0
WA-0758	gambiae	Aboisso	PM	alive	0	0	1	0	0	0	0	1	0	0	0	0	0	0	2	0	0	1	1	0	2	0	1
WA-0759	gambiae	Aboisso	PM	alive	0	1	0	0	0	0	1	0	0	0	0	0	0	0	2	0	0	0	2	0	1	0	0
WA-0760	gambiae	Aboisso	PM	alive	0	1	0	0	0	0	0	1	0	0	0	0	0	0	2	0	0	0	1	0	1	0	1
WA-0761	gambiae	Aboisso	PM	alive	0	0	0	0	1	0	0	1	0	0	0	0	0	1	2	0	0	0	2	0	0	0	0
WA-0762	gambiae	Aboisso	PM	alive	0	0	0	0	0	0	1	1	0	0	0	0	0	0	2	0	0	0	2	0	1	0	0
WA-0763	gambiae	Aboisso	PM	alive	0	0	0	0	0	0	1	1	0	0	0	0	0	0	2	0	0	0	1	0	1	0	0
WA-0766	gambiae	Aboisso	PM	alive	0	0	0	0	1	0	0	0	0	0	0	0	0	1	2	1	0	0	1	0	1	0	0
WA-0767	gambiae	Aboisso	PM	alive	0	1	0	0	1	0	0	0	0	0	0	0	0	1	2	0	0	1	2	0	1	0	1
WA-0769	gambiae	Aboisso	PM	alive	0	0	0	0	0	0	0	2	0	0	0	0	0	0	2	1	0	1	1	1	1	0	0
WA-0770	gambiae	Aboisso	PM	alive	0	0	0	0	0	0	0	2	0	0	0	0	0	0	2	0	0	0	2	0	1	0	0
WA-0771	gambiae	Aboisso	PM	alive	0	0	0	0	0	1	0	1	0	0	0	0	0	0	2	0	0	1	1	0	1	0	2
WA-0774	gambiae	Aboisso	PM	alive	0	1	0	0	0	0	0	1	0	0	0	0	0	0	2	0	0	0	2	0	1	0	0
WA-0777	gambiae	Aboisso	PM	alive	0	1	0	0	0	0	0	1	0	0	0	0	0	0	2	1	0	0	1	0	2	0	0
WA-0778	gambiae	Aboisso	PM	alive	0	0	0	0	0	0	1	0	1	0	0	0	0	0	2	1	0	0	2	0	2	0	0
WA-0779	gambiae	Aboisso	PM	alive	0	0	0	0	0	0	0	2	0	0	0	0	0	0	2	1	0	0	2	0	2	0	0
WA-1044	coluzzii	Avrankou	Delta	dead	0	0	0	0	0	0	0	0	0	0	0	0	0	0	2	1	0	0	0	2	0	0	0
WA-1045	coluzzii	Avrankou	Delta	dead	0	0	0	0	0	0	0	0	0	0	0	0	0	0	2	2	0	0	0	2	0	0	0
WA-1046	coluzzii	Avrankou	Delta	dead	0	0	0	0	0	0	0	0	0	2	0	0	0	0	2	1	0	1	0	2	0	0	1
WA-1047	coluzzii	Avrankou	Delta	dead	0	0	0	0	0	0	0	0	0	0	0	0	0	0	2	1	0	1	0	2	0	0	1
WA-1048	coluzzii	Avrankou	Delta	dead	0	0	0	0	0	0	0	0	0	0	0	0	0	0	2	2	0	0	0	1	0	0	0
WA-1050	coluzzii	Avrankou	Delta	dead	0	0	0	0	0	0	0	0	0	0	0	0	0	0	2	0	0	1	0	2	0	0	1
WA-1054	coluzzii	Avrankou	Delta	dead	0	0	0	0	0	0	0	0	0	0	0	0	0	0	2	2	0	0	0	1	0	0	0
WA-1055	coluzzii	Avrankou	Delta	dead	0	0	0	0	0	0	0	0	0	0	0	0	0	0	2	1	0	1	0	2	0	0	1
WA-1056	coluzzii	Avrankou	Delta	dead	0	0	0	0	0	0	0	0	0	0	0	0	0	0	2	1	0	1	0	2	0	0	1
WA-1057	coluzzii	Avrankou	Delta	dead	0	0	0	0	0	0	0	0	0	0	0	0	0	0	2	0	0	1	0	2	0	0	1
WA-1058	coluzzii	Avrankou	Delta	dead	0	0	0	0	0	0	0	0	0	0	0	0	0	0	2	1	0	0	0	1	0	0	0
WA-1060	coluzzii	Avrankou	Delta	dead	0	0	0	0	0	0	0	0	0	0	0	0	0	0	2	2	0	0	0	1	0	0	0
WA-1061	coluzzii	Avrankou	Delta	dead	0	0	0	0	0	0	0	0	0	0	0	0	0	0	2	0	0	1	0	2	0	0	1
WA-1063	coluzzii	Avrankou	Delta	dead	0	0	0	0	0	0	0	0	0	0	0	0	0	0	2	1	0	0	0	1	0	0	0
WA-1064	coluzzii	Avrankou	Delta	dead	0	0	0	0	0	0	0	0	0	1	0	0	0	0	2	1	0	1	0	2	0	0	1
WA-1065	coluzzii	Avrankou	Delta	dead	0	0	0	0	0	0	0	0	0	0	0	0	0	0	2	2	0	0	0	1	0	0	0
WA-1066	coluzzii	Avrankou	Delta	dead	0	0	0	0	0	0	0	0	0	1	0	0	0	0	2	1	0	1	0	2	0	0	1
WA-1067	coluzzii	Avrankou	Delta	dead	0	0	0	0	0	0	0	0	0	0	0	0	0	0	2	1	0	1	0	1	0	0	1
WA-1069	coluzzii	Avrankou	Delta	dead	0	0	0	0	0	0	0	0	0	0	0	0	0	0	2	1	0	1	0	1	0	0	1
WA-1070	coluzzii	Avrankou	Delta	dead	0	0	0	0	0	0	0	0	0	0	0	0	0	0	2	0	0	1	0	2	0	0	1
WA-1071	coluzzii	Avrankou	Delta	dead	0	0	0	0	0	0	0	0	0	0	0	0	0	0	2	1	0	0	0	1	0	0	0
WA-1072	coluzzii	Avrankou	Delta	dead	0	0	0	0	0	0	0	0	0	0	0	0	0	0	2	1	0	1	1	2	0	0	1
WA-1073	coluzzii	Avrankou	Delta	dead	0	0	0	0	0	0	0	0	0	0	0	0	0	0	2	2	0	0	0	1	0	0	0
WA-1075	coluzzii	Avrankou	Delta	dead	0	0	0	0	0	0	0	0	0	0	0	0	0	0	2	1	0	0	0	1	0	0	0
WA-1076	coluzzii	Avrankou	Delta	dead	0	0	0	0	0	0	0	0	0	0	0	0	0	0	2	2	0	0	1	2	0	0	0
WA-1077	coluzzii	Avrankou	Delta	dead	0	0	0	0	0	0	0	0	0	0	0	0	0	0	2	2	0	0	0	2	0	0	0
WA-1078	coluzzii	Avrankou	Delta	dead	1	0	0	0	0	0	0	0	0	0	0	0	1	0	1	2	0	0	0	1	0	0	0
WA-1079	coluzzii	Avrankou	Delta	dead	0	0	0	0	0	0	0	0	0	0	0	0	0	0	2	2	0	0	0	1	0	0	0
WA-1080	coluzzii	Avrankou	Delta	dead	0	0	0	1	0	0	0	0	0	0	0	0	0	0	2	1	0	1	0	1	0	0	1
WA-1082	coluzzii	Avrankou	Delta	dead	0	0	0	0	0	0	0	0	0	0	0	0	0	0	2	2	0	0	0	1	0	0	0
WA-1084	coluzzii	Avrankou	Delta	dead	0	0	0	0	0	0	0	0	0	0	0	0	0	0	2	2	0	0	0	1	0	0	0
WA-1086	coluzzii	Avrankou	Delta	dead	1	0	0	0	0	0	0	0	0	0	0	0	1	0	1	0	0	1	0	2	0	0	1
WA-1087	coluzzii	Avrankou	Delta	dead	1	0	0	0	0	0	0	0	0	0	0	0	1	0	1	1	0	1	0	1	0	0	0
WA-1088	coluzzii	Avrankou	Delta	dead	0	0	0	0	0	0	0	0	0	0	0	0	0	0	2	1	0	0	0	1	0	0	0
WA-1090	coluzzii	Avrankou	Delta	alive	0	0	0	0	0	0	0	0	0	0	0	0	0	0	2	1	0	1	0	2	0	0	1
WA-1091	coluzzii	Avrankou	Delta	alive	0	0	0	0	0	0	0	0	0	0	0	0	0	0	2	2	0	0	0	1	0	0	0
WA-1093	coluzzii	Avrankou	Delta	alive	1	0	0	0	0	0	0	0	0	0	0	0	1	0	1	2	0	0	0	2	0	0	0
WA-1094	coluzzii	Avrankou	Delta	alive	0	0	0	0	0	0	0	0	0	0	0	0	0	0	2	1	0	1	0	2	0	0	1
WA-1095	coluzzii	Avrankou	Delta	alive	0	0	0	1	0	0	0	0	0	0	0	0	0	0	2	1	0	1	0	2	0	0	1
WA-1097	coluzzii	Avrankou	Delta	alive	0	0	0	0	0	0	0	0	0	0	0	0	0	0	2	1	0	1	0	1	0	0	1
WA-1099	coluzzii	Avrankou	Delta	alive	1	0	0	0	0	0	0	0	0	1	0	0	1	0	1	1	0	1	0	1	0	0	1
WA-1100	coluzzii	Avrankou	Delta	alive	0	0	0	1	0	0	0	0	0	0	0	0	0	0	2	0	0	2	0	1	0	0	2
WA-1102	coluzzii	Avrankou	Delta	alive	0	0	0	0	0	0	0	0	0	0	0	0	0	0	2	1	0	1	0	1	0	0	1
WA-1103	coluzzii	Avrankou	Delta	alive	0	0	0	0	0	0	0	0	0	0	0	0	0	0	2	1	0	0	0	2	0	0	0
WA-1104	coluzzii	Avrankou	Delta	alive	0	0	0	0	0	0	0	0	0	0	0	0	0	0	2	0	0	2	0	2	0	0	2
WA-1105	coluzzii	Avrankou	Delta	alive	0	0	0	0	0	0	0	0	0	0	0	0	0	0	2	1	0	1	0	2	0	0	1
WA-1106	coluzzii	Avrankou	Delta	alive	0	0	0	1	0	0	0	0	0	0	0	0	0	0	2	0	0	0	0	2	0	0	0
WA-1107	coluzzii	Avrankou	Delta	alive	0	0	0	0	0	0	0	0	0	1	0	0	0	0	2	0	0	2	0	2	0	0	2
WA-1110	coluzzii	Avrankou	Delta	alive	0	0	0	0	0	0	0	0	0	0	0	0	0	0	2	1	0	1	0	1	0	0	1
WA-1112	coluzzii	Avrankou	Delta	alive	0	0	0	1	0	0	0	0	0	0	0	0	0	0	2	1	0	1	0	2	0	0	1
WA-1113	coluzzii	Avrankou	Delta	alive	1	0	0	0	0	0	0	0	0	0	0	0	1	0	1	1	0	1	0	2	0	0	1
WA-1114	coluzzii	Avrankou	Delta	alive	0	0	0	0	0	0	0	0	0	1	0	0	0	0	2	0	0	2	0	1	0	0	2
WA-1115	coluzzii	Avrankou	Delta	alive	0	0	0	0	0	0	0	0	0	0	0	0	0	0	2	2	0	0	0	1	0	0	0
WA-1116	coluzzii	Avrankou	Delta	alive	0	0	0	0	0	0	0	0	0	0	0	0	0	0	2	2	0	0	0	2	0	0	0
WA-1117	coluzzii	Avrankou	Delta	alive	0	0	0	0	0	0	0	0	0	1	0	0	0	0	2	0	0	2	0	2	0	0	2
WA-1118	coluzzii	Avrankou	Delta	alive	0	0	0	1	0	0	0	0	0	0	0	0	0	0	2	1	0	1	0	1	0	0	1
WA-1119	coluzzii	Avrankou	Delta	alive	0	0	0	0	0	0	0	0	0	0	0	0	0	0	2	1	0	1	0	1	0	0	1
WA-1120	coluzzii	Avrankou	Delta	alive	0	0	0	0	0	0	0	0	0	0	0	0	0	0	2	1	0	1	0	2	0	0	1
WA-1121	coluzzii	Avrankou	Delta	alive	0	0	0	0	0	0	0	0	0	1	0	0	0	0	2	2	0	0	0	1	0	0	0
WA-1122	coluzzii	Avrankou	Delta	alive	1	0	0	0	0	0	0	0	0	0	0	0	1	0	1	0	0	2	0	1	0	0	2
WA-1123	coluzzii	Avrankou	Delta	alive	2	0	0	0	0	0	0	0	0	0	0	0	2	0	0	0	0	2	0	2	0	0	2
WA-1124	coluzzii	Avrankou	Delta	alive	1	0	0	0	0	0	0	0	0	0	0	0	1	0	1	2	0	0	0	2	0	0	0
WA-1125	coluzzii	Avrankou	Delta	alive	1	0	0	0	0	0	0	0	0	0	0	0	1	0	1	2	0	0	0	1	0	0	0
WA-1126	coluzzii	Avrankou	Delta	alive	0	0	0	0	0	0	0	0	0	0	0	0	0	0	2	0	1	2	0	2	0	0	2
WA-1129	coluzzii	Avrankou	Delta	alive	0	0	0	0	0	0	0	0	0	0	0	0	0	0	2	1	0	0	0	2	0	0	0
WA-1130	coluzzii	Avrankou	Delta	alive	1	0	0	0	0	0	0	0	0	0	0	0	1	0	1	0	0	1	0	1	0	0	1
WA-1132	coluzzii	Avrankou	Delta	alive	0	0	0	0	0	0	0	0	0	0	0	0	0	0	2	2	0	0	0	1	1	0	0
WA-1133	coluzzii	Avrankou	Delta	alive	1	0	0	0	0	0	0	0	0	0	0	0	1	0	1	2	0	0	1	2	0	0	0
WA-1134	coluzzii	Avrankou	Delta	alive	0	0	0	2	0	0	0	0	0	0	0	0	0	0	2	1	0	1	0	1	0	0	1
WA-1136	coluzzii	Avrankou	Delta	alive	0	0	0	0	0	0	0	0	0	0	0	0	0	0	2	1	0	1	0	1	0	0	1
WA-1137	coluzzii	Avrankou	Delta	alive	0	0	0	0	0	0	0	0	0	0	0	0	0	0	2	0	0	1	0	1	0	0	1
WA-1138	coluzzii	Avrankou	Delta	alive	1	0	0	0	0	0	0	0	0	0	0	0	1	0	1	1	0	1	0	1	0	0	1
WA-1139	coluzzii	Avrankou	Delta	alive	0	0	0	1	0	0	0	0	0	0	0	0	0	0	2	1	0	1	0	1	0	0	1
WA-1140	coluzzii	Avrankou	Delta	alive	0	0	0	0	0	0	0	0	0	0	0	0	0	0	2	1	0	0	0	1	0	0	2
WA-1141	coluzzii	Avrankou	Delta	alive	0	0	0	0	0	0	0	0	0	0	0	0	0	0	2	0	0	2	0	2	0	0	2
WA-1142	coluzzii	Avrankou	Delta	alive	1	0	0	0	0	0	0	0	0	0	0	0	1	0	1	1	0	1	0	1	0	0	1
WA-1143	coluzzii	Avrankou	Delta	alive	0	0	0	0	0	0	0	0	0	0	0	0	0	0	2	1	0	1	0	1	0	0	0
WA-1144	coluzzii	Avrankou	Delta	alive	0	0	0	0	0	0	0	0	0	1	0	0	0	0	2	2	0	0	1	1	0	0	0
WA-1145	coluzzii	Avrankou	Delta	alive	2	0	0	0	0	0	0	0	0	0	0	0	2	0	0	1	0	0	0	2	0	0	0
WA-0325	gambiae	Baguida	Delta	dead	0	1	0	0	1	0	0	0	0	0	0	0	0	1	2	0	0	1	2	1	1	0	0
WA-0326	gambiae	Baguida	Delta	dead	0	2	0	0	0	0	0	0	0	0	0	0	0	0	2	2	0	1	2	0	1	0	2
WA-0328	gambiae	Baguida	Delta	dead	0	1	0	0	0	1	0	0	0	0	0	0	0	0	2	1	0	1	2	1	1	0	1
WA-0331	gambiae	Baguida	Delta	dead	0	0	0	0	1	0	1	0	0	0	0	0	0	1	2	2	0	1	2	1	0	0	0
WA-0332	gambiae	Baguida	Delta	dead	0	1	0	0	0	1	0	0	0	0	0	0	0	0	2	1	0	1	1	0	0	0	1
WA-0334	gambiae	Baguida	Delta	dead	0	0	0	0	1	1	0	0	0	0	0	0	0	1	2	0	0	0	2	1	0	0	0
WA-0335	gambiae	Baguida	Delta	dead	0	0	0	0	0	2	0	0	0	0	0	0	0	0	2	1	0	0	2	1	1	0	1
WA-0336	gambiae	Baguida	Delta	dead	0	1	0	0	1	0	0	0	0	0	0	0	0	1	2	2	0	2	1	1	1	0	0
WA-0337	gambiae	Baguida	Delta	dead	0	2	0	0	0	0	0	0	0	0	0	0	0	0	2	2	0	1	2	1	0	0	0
WA-0340	gambiae	Baguida	Delta	dead	0	0	0	0	2	0	0	0	0	0	0	0	0	2	2	1	0	1	2	1	0	0	1
WA-0341	gambiae	Baguida	Delta	dead	0	0	0	0	1	1	0	0	0	0	0	0	0	1	2	1	0	1	2	2	0	0	0
WA-0342	gambiae	Baguida	Delta	dead	0	0	0	0	0	2	0	0	0	0	0	0	0	0	2	0	0	0	2	1	0	0	0
WA-0343	gambiae	Baguida	Delta	dead	0	0	0	0	0	2	0	0	0	0	0	0	0	0	2	2	0	1	1	0	1	0	1
WA-0344	gambiae	Baguida	Delta	dead	0	1	0	0	0	1	0	0	0	0	0	0	0	0	2	1	0	1	2	0	0	0	0
WA-0345	gambiae	Baguida	Delta	dead	0	0	0	0	1	1	0	0	0	0	0	0	0	1	2	2	0	2	2	2	0	0	1
WA-0346	gambiae	Baguida	Delta	dead	0	0	0	0	1	0	1	0	0	0	0	0	0	1	2	2	0	2	2	1	0	0	0
WA-0347	gambiae	Baguida	Delta	dead	0	0	0	0	1	0	1	0	0	0	0	0	0	1	2	2	0	1	2	0	0	0	2
WA-0349	gambiae	Baguida	Delta	dead	0	0	0	0	2	0	0	0	0	0	0	0	0	2	2	1	0	2	1	2	0	0	2
WA-0350	gambiae	Baguida	Delta	dead	0	1	0	0	1	0	0	0	0	0	0	0	0	1	2	0	0	2	2	0	1	0	1
WA-0351	gambiae	Baguida	Delta	dead	0	0	0	0	1	1	0	0	0	0	0	0	0	1	2	2	0	2	1	1	0	0	0
WA-0352	gambiae	Baguida	Delta	dead	0	1	0	0	1	0	0	0	0	0	0	0	0	1	2	1	0	1	2	1	0	0	0
WA-0353	gambiae	Baguida	Delta	dead	0	0	0	0	1	0	1	0	0	0	0	0	0	1	2	2	0	1	2	1	0	0	1
WA-0354	gambiae	Baguida	Delta	dead	0	0	0	0	1	1	0	0	0	0	0	0	0	1	2	1	0	0	1	1	0	0	0
WA-0355	gambiae	Baguida	Delta	dead	0	0	0	0	1	1	0	0	0	0	0	0	0	1	2	2	0	1	2	0	0	0	2
WA-0356	gambiae	Baguida	Delta	dead	0	0	0	0	0	0	2	0	0	0	0	0	0	0	2	1	0	1	1	1	0	0	1
WA-0358	gambiae	Baguida	Delta	dead	0	0	0	0	0	1	0	1	0	0	0	0	0	0	2	0	0	0	2	0	0	0	0
WA-0362	gambiae	Baguida	Delta	dead	0	0	0	0	1	1	0	0	0	0	0	0	0	1	2	2	0	2	2	2	0	0	1
WA-0363	gambiae	Baguida	Delta	dead	0	0	0	0	2	0	0	0	0	0	0	0	0	2	2	1	0	0	2	0	0	0	0
WA-0364	gambiae	Baguida	Delta	dead	0	0	0	0	1	1	0	0	0	0	0	0	0	1	2	2	0	0	2	0	0	0	0
WA-0365	gambiae	Baguida	Delta	dead	0	1	0	0	0	1	0	0	0	0	0	0	0	0	2	1	0	2	2	0	1	0	1
WA-0366	gambiae	Baguida	Delta	dead	0	0	0	0	0	0	2	0	0	0	0	0	0	0	2	2	0	2	1	0	0	0	1
WA-0367	gambiae	Baguida	Delta	dead	0	0	0	0	1	0	0	0	0	0	0	0	0	2	2	0	0	1	2	0	1	0	0
WA-0368	gambiae	Baguida	Delta	dead	0	0	0	0	0	2	0	0	0	0	0	0	0	0	2	2	0	1	2	2	0	0	2
WA-0369	gambiae	Baguida	Delta	dead	0	0	0	0	1	0	1	0	0	0	0	0	0	1	2	1	0	1	2	0	1	0	1
WA-0370	gambiae	Baguida	Delta	alive	0	0	0	0	2	0	0	0	0	0	0	0	0	2	2	1	0	1	2	1	1	0	1
WA-0371	gambiae	Baguida	Delta	alive	0	1	0	0	1	0	0	0	0	0	0	0	0	1	2	0	0	2	2	1	0	0	1
WA-0372	gambiae	Baguida	Delta	alive	0	1	0	0	1	0	0	0	0	0	0	0	0	1	2	2	0	1	2	2	0	0	0
WA-0374	gambiae	Baguida	Delta	alive	0	0	0	0	1	0	0	1	0	0	0	0	0	1	2	1	0	0	1	1	1	0	0
WA-0375	gambiae	Baguida	Delta	alive	0	0	0	0	0	1	1	0	0	0	0	0	0	0	2	1	0	1	2	0	0	0	1
WA-0376	gambiae	Baguida	Delta	alive	0	1	0	0	1	0	0	0	0	0	0	0	0	1	2	2	0	2	1	1	1	0	2
WA-0377	gambiae	Baguida	Delta	alive	0	0	0	0	0	2	0	0	0	0	0	0	0	0	2	2	0	0	2	1	0	0	1
WA-0378	gambiae	Baguida	Delta	alive	0	2	0	0	0	0	0	0	0	0	0	0	0	0	2	1	0	1	2	2	0	0	1
WA-0379	gambiae	Baguida	Delta	alive	0	1	0	0	0	1	0	0	0	0	0	0	0	0	2	2	0	2	2	0	2	0	2
WA-0383	gambiae	Baguida	Delta	alive	0	0	0	0	2	0	0	0	0	0	0	0	0	2	2	1	0	2	2	1	0	0	0
WA-0384	gambiae	Baguida	Delta	alive	0	0	0	0	1	1	0	0	0	0	0	0	0	1	2	1	0	0	2	1	0	0	1
WA-0386	gambiae	Baguida	Delta	alive	0	0	0	0	2	0	0	0	0	0	0	0	0	2	2	1	0	1	2	1	1	0	0
WA-0387	gambiae	Baguida	Delta	alive	0	0	0	0	0	1	0	1	0	0	0	0	0	0	2	1	0	0	2	0	1	0	0
WA-0389	gambiae	Baguida	Delta	alive	0	1	0	0	0	1	0	0	0	0	0	0	0	0	2	2	0	1	1	1	0	0	0
WA-0390	gambiae	Baguida	Delta	alive	0	1	0	0	1	0	0	0	0	0	0	0	0	1	2	0	0	0	2	0	0	0	0
WA-0391	gambiae	Baguida	Delta	alive	0	2	0	0	0	0	0	0	0	0	0	0	0	0	2	2	0	0	2	1	0	0	1
WA-0392	gambiae	Baguida	Delta	alive	0	0	0	0	1	1	0	0	0	0	0	0	0	1	2	1	0	1	2	2	0	0	1
WA-0393	gambiae	Baguida	Delta	alive	0	0	0	0	1	1	0	0	0	0	0	0	0	1	2	0	0	1	1	0	0	0	0
WA-0394	gambiae	Baguida	Delta	alive	0	1	0	0	0	1	0	0	0	0	0	0	0	0	2	0	0	1	2	1	1	0	0
WA-0395	gambiae	Baguida	Delta	alive	0	0	0	0	2	0	0	0	0	0	0	0	0	2	2	1	0	1	2	1	0	0	1
WA-0396	gambiae	Baguida	Delta	alive	0	2	0	0	0	0	0	0	0	0	0	0	0	0	2	2	0	2	2	1	0	0	1
WA-0398	gambiae	Baguida	Delta	alive	0	0	0	0	2	0	0	0	0	0	0	0	0	2	2	1	0	2	2	0	0	0	1
WA-0399	gambiae	Baguida	Delta	alive	0	1	0	0	1	0	0	0	0	0	0	0	0	1	2	1	0	2	2	0	1	0	0
WA-0400	gambiae	Baguida	Delta	alive	0	1	0	0	0	1	0	0	0	0	0	0	0	0	2	1	0	1	2	0	0	0	1
WA-0401	gambiae	Baguida	Delta	alive	0	0	0	0	1	1	0	0	0	0	0	0	0	1	2	1	0	1	2	1	0	0	1
WA-0402	gambiae	Baguida	Delta	alive	0	1	0	0	0	1	0	0	0	0	0	0	0	0	2	1	0	2	2	0	1	0	1
WA-0403	gambiae	Baguida	Delta	alive	0	0	0	0	1	1	0	0	0	0	0	0	0	1	2	0	0	0	2	0	1	0	0
WA-0404	gambiae	Baguida	Delta	alive	0	0	0	0	2	0	0	0	0	0	0	0	0	2	2	1	0	2	2	0	0	0	0
WA-0405	gambiae	Baguida	Delta	alive	0	1	0	0	1	0	0	0	0	0	0	0	0	1	2	1	0	1	2	0	1	0	1
WA-0406	gambiae	Baguida	Delta	alive	0	0	0	0	0	1	1	0	0	0	0	0	0	0	2	2	0	1	2	2	0	0	1
WA-0407	gambiae	Baguida	Delta	alive	0	0	0	0	1	0	0	0	0	0	0	0	0	2	2	1	0	1	1	0	1	0	0
WA-0408	gambiae	Baguida	Delta	alive	0	1	0	0	0	0	0	1	0	0	0	0	0	0	2	1	0	0	2	0	0	0	0
WA-0409	gambiae	Baguida	Delta	alive	0	1	0	0	0	1	0	0	0	0	0	0	0	0	2	2	0	1	2	0	0	0	0
WA-0410	gambiae	Baguida	Delta	alive	0	2	0	0	0	0	0	0	0	0	0	0	0	0	2	1	0	1	1	1	0	0	0
WA-0411	gambiae	Baguida	Delta	alive	0	0	0	0	1	0	0	0	0	0	0	0	0	2	2	0	0	1	2	1	1	0	0
WA-0412	gambiae	Baguida	Delta	alive	0	0	0	0	1	1	0	0	0	0	0	0	0	1	2	1	0	1	2	2	0	0	1
WA-0413	gambiae	Baguida	Delta	alive	0	1	0	0	0	1	0	0	0	0	0	0	0	0	2	1	0	0	2	0	0	0	0
WA-0415	gambiae	Baguida	Delta	alive	0	0	0	0	1	1	0	0	0	0	0	0	0	1	2	2	0	2	2	2	0	0	1
WA-0416	gambiae	Baguida	Delta	alive	0	0	0	0	2	0	0	0	0	0	0	0	0	2	2	2	0	2	2	1	1	0	1
WA-0417	gambiae	Baguida	Delta	alive	0	0	0	0	1	1	0	0	0	0	0	0	0	1	2	1	0	0	2	0	0	0	0
WA-0418	gambiae	Baguida	Delta	alive	0	1	0	0	0	0	1	0	0	0	0	0	0	0	2	1	0	1	2	2	0	0	0
WA-0419	gambiae	Baguida	Delta	alive	0	0	0	0	1	1	0	0	0	0	0	0	0	1	2	1	0	1	2	0	0	0	0
WA-0420	gambiae	Baguida	Delta	alive	0	0	0	0	0	1	1	0	0	0	0	0	0	0	2	2	0	2	2	1	0	0	2
WA-0421	gambiae	Baguida	Delta	alive	0	0	0	0	1	1	0	0	0	0	0	0	0	1	2	2	0	1	2	1	0	0	1
WA-0425	gambiae	Baguida	Delta	alive	0	1	0	0	1	0	0	0	0	0	0	0	0	1	2	0	0	1	2	1	1	0	1
WA-0428	gambiae	Baguida	Delta	alive	0	0	0	0	0	2	0	0	0	0	0	0	0	0	2	0	0	2	1	1	0	0	0
WA-0429	gambiae	Baguida	Delta	alive	0	1	0	0	1	0	0	0	0	0	0	0	0	1	2	1	0	2	2	1	0	0	0
WA-0431	gambiae	Baguida	Delta	alive	0	1	0	0	0	1	0	0	0	0	0	0	0	0	2	1	0	0	2	0	1	0	0
WA-0432	gambiae	Baguida	Delta	alive	0	0	0	0	2	0	0	0	0	0	0	0	0	2	2	1	0	1	2	1	0	0	0
WA-0433	gambiae	Baguida	Delta	alive	0	0	0	0	1	0	0	1	0	0	0	0	0	1	2	1	0	1	2	1	0	0	0
WA-0434	gambiae	Baguida	Delta	alive	0	1	0	0	1	0	0	0	0	0	0	0	0	1	2	2	0	1	2	1	0	0	1
WA-0435	gambiae	Baguida	Delta	alive	0	0	0	0	1	1	0	0	0	0	0	0	0	1	2	1	0	0	2	1	0	0	0
WA-0436	gambiae	Baguida	Delta	alive	0	2	0	0	0	0	0	0	0	0	0	0	0	0	2	2	0	2	2	0	0	0	1
WA-0438	gambiae	Baguida	Delta	alive	0	0	0	0	1	0	1	0	0	0	0	0	0	1	2	2	0	2	2	0	0	0	1
WA-0782	gambiae	Baguida	PM	dead	0	0	0	0	2	0	0	0	0	0	0	0	0	2	2	1	0	1	1	0	0	0	0
WA-0783	gambiae	Baguida	PM	dead	0	1	0	0	0	1	0	0	0	0	0	0	0	0	2	1	0	1	1	1	1	0	1
WA-0784	gambiae	Baguida	PM	dead	0	1	0	0	1	0	0	0	0	0	0	0	0	1	2	2	0	2	1	2	0	0	2
WA-0785	gambiae	Baguida	PM	dead	0	0	0	0	1	1	0	0	0	0	0	0	0	1	2	2	0	0	2	1	1	0	1
WA-0786	gambiae	Baguida	PM	dead	0	0	0	0	0	2	0	0	0	0	0	0	0	0	2	0	0	0	2	1	0	0	0
WA-0789	gambiae	Baguida	PM	dead	0	1	0	0	0	1	0	0	0	0	0	0	0	0	2	2	0	2	2	0	0	0	2
WA-0790	gambiae	Baguida	PM	dead	0	0	0	0	0	2	0	0	0	0	0	0	0	0	2	1	0	0	2	1	0	0	1
WA-0792	gambiae	Baguida	PM	dead	0	1	0	0	0	1	0	0	0	0	0	0	0	0	2	1	0	1	1	2	0	0	2
WA-0795	gambiae	Baguida	PM	dead	0	1	0	0	1	0	0	0	0	0	0	0	0	1	2	2	0	1	2	0	0	0	0
WA-0796	gambiae	Baguida	PM	dead	0	0	0	0	2	0	0	0	0	0	0	0	0	2	2	1	0	1	2	0	0	0	0
WA-0797	gambiae	Baguida	PM	dead	0	0	0	0	0	0	1	1	0	0	0	0	0	0	2	2	0	1	2	1	1	0	2
WA-0798	gambiae	Baguida	PM	dead	0	0	0	0	0	1	0	0	0	0	0	0	0	1	2	0	0	0	2	0	0	0	0
WA-0799	gambiae	Baguida	PM	dead	0	1	0	0	0	1	0	0	0	0	0	0	0	0	2	1	0	1	2	1	0	0	1
WA-0800	gambiae	Baguida	PM	dead	0	1	0	0	1	0	0	0	0	0	0	0	0	1	2	1	0	1	2	1	1	0	0
WA-0801	gambiae	Baguida	PM	dead	0	0	0	0	2	0	0	0	0	0	0	0	0	2	2	0	0	0	2	1	1	0	0
WA-0802	gambiae	Baguida	PM	dead	0	0	0	0	1	1	0	0	0	0	0	0	0	1	2	2	0	1	2	1	1	0	1
WA-0803	gambiae	Baguida	PM	dead	0	0	0	0	1	1	0	0	0	0	0	0	0	1	2	2	0	1	2	2	0	0	1
WA-0804	gambiae	Baguida	PM	dead	0	2	0	0	0	0	0	0	0	0	0	0	0	0	2	1	0	1	2	1	1	0	1
WA-0808	gambiae	Baguida	PM	dead	0	1	0	0	0	1	0	0	0	0	0	0	0	0	2	2	0	2	2	2	0	0	1
WA-0811	gambiae	Baguida	PM	dead	0	0	0	0	0	1	1	0	0	0	0	0	0	0	2	1	0	0	2	1	0	0	1
WA-0812	gambiae	Baguida	PM	dead	0	0	0	0	1	1	0	0	0	0	0	0	0	1	2	0	0	0	2	0	1	0	1
WA-0814	gambiae	Baguida	PM	dead	0	0	0	0	0	0	2	0	0	0	0	0	0	0	2	1	0	1	2	1	0	0	1
WA-0815	gambiae	Baguida	PM	dead	0	0	0	0	2	0	0	0	0	0	0	0	0	2	2	0	0	1	2	2	0	0	0
WA-0816	gambiae	Baguida	PM	dead	0	0	0	0	2	0	0	0	0	0	0	0	0	2	2	1	0	2	2	1	1	0	0
WA-0817	gambiae	Baguida	PM	dead	0	1	0	0	1	0	0	0	0	0	0	0	0	1	2	0	0	1	2	2	0	0	0
WA-0818	gambiae	Baguida	PM	dead	0	1	0	0	0	1	0	0	0	0	0	0	0	0	2	1	0	1	2	2	0	0	1
WA-0819	gambiae	Baguida	PM	dead	0	0	0	0	1	1	0	0	0	0	0	0	0	1	2	0	0	0	1	0	0	0	1
WA-0820	gambiae	Baguida	PM	dead	0	0	0	0	0	2	0	0	0	0	0	0	0	0	2	1	0	2	2	2	0	0	0
WA-0821	gambiae	Baguida	PM	dead	0	0	0	0	1	1	0	0	0	0	0	0	0	1	2	1	0	0	2	1	1	0	0
WA-0822	gambiae	Baguida	PM	dead	0	0	0	0	1	1	0	0	0	0	0	0	0	1	2	1	0	1	2	0	2	0	1
WA-0823	gambiae	Baguida	PM	alive	0	1	0	0	0	1	0	0	0	0	0	0	0	0	2	1	0	0	2	2	0	0	0
WA-0824	gambiae	Baguida	PM	alive	0	1	0	0	1	0	0	0	0	0	0	0	0	1	2	2	0	1	2	1	0	0	2
WA-0825	gambiae	Baguida	PM	alive	0	1	0	0	0	1	0	0	0	0	0	0	0	0	2	0	0	1	2	1	0	0	0
WA-0826	gambiae	Baguida	PM	alive	0	0	0	0	2	0	0	0	0	0	0	0	0	2	2	0	0	0	1	0	1	0	1
WA-0830	gambiae	Baguida	PM	alive	0	2	0	0	0	0	0	0	0	0	0	0	0	0	2	1	0	1	1	1	1	0	2
WA-0831	gambiae	Baguida	PM	alive	0	1	0	0	1	0	0	0	0	0	0	0	0	1	2	1	0	2	1	0	1	0	1
WA-0833	gambiae	Baguida	PM	alive	0	1	0	0	1	0	0	0	0	0	0	0	0	1	2	0	0	0	2	1	0	0	0
WA-0834	gambiae	Baguida	PM	alive	0	1	0	0	1	0	0	0	0	0	0	0	0	1	2	1	0	1	2	2	0	0	1
WA-0838	gambiae	Baguida	PM	alive	0	2	0	0	0	0	0	0	0	0	0	0	0	0	2	2	0	1	2	2	0	0	2
WA-0840	gambiae	Baguida	PM	alive	0	2	0	0	0	0	0	0	0	0	0	0	0	0	2	2	0	2	2	0	0	0	1
WA-0842	gambiae	Baguida	PM	alive	0	0	0	0	1	0	1	0	0	0	0	0	0	1	2	1	0	1	2	2	0	0	1
WA-0844	gambiae	Baguida	PM	alive	0	1	0	0	0	0	1	0	0	0	0	0	0	0	2	2	0	0	2	0	0	0	0
WA-0847	gambiae	Baguida	PM	alive	0	0	0	0	1	1	0	0	0	0	0	0	0	1	2	1	0	2	2	0	0	0	1
WA-0848	gambiae	Baguida	PM	alive	0	1	0	0	1	0	0	0	0	0	0	0	0	1	2	1	0	1	2	0	0	0	1
WA-0849	gambiae	Baguida	PM	alive	0	1	0	0	0	1	0	0	0	0	0	0	0	0	2	1	0	1	1	2	0	0	0
WA-0850	gambiae	Baguida	PM	alive	0	2	0	0	0	0	0	0	0	0	0	0	0	0	2	2	0	1	1	2	0	0	1
WA-0852	gambiae	Baguida	PM	alive	0	1	0	0	0	1	0	0	0	0	0	0	0	0	2	2	0	0	2	0	0	0	2
WA-0853	gambiae	Baguida	PM	alive	0	1	0	0	0	0	1	0	0	0	0	0	0	0	2	2	0	2	2	1	0	0	2
WA-0854	gambiae	Baguida	PM	alive	0	0	0	0	2	0	0	0	0	0	0	0	0	2	2	2	0	1	2	1	0	0	0
WA-0855	gambiae	Baguida	PM	alive	0	1	0	0	1	0	0	0	0	0	0	0	0	1	2	1	0	1	2	1	1	0	1
WA-0857	gambiae	Baguida	PM	alive	0	1	0	0	1	0	0	0	0	0	0	0	0	1	2	1	0	0	2	1	0	0	1
WA-0858	gambiae	Baguida	PM	alive	0	0	0	0	1	1	0	0	0	0	0	0	0	1	2	2	0	2	2	1	1	0	1
WA-0860	gambiae	Baguida	PM	alive	0	1	0	0	1	0	0	0	0	0	0	0	0	1	2	1	0	2	2	1	0	0	1
WA-0861	gambiae	Baguida	PM	alive	0	2	0	0	0	0	0	0	0	0	0	0	0	0	2	1	0	1	2	1	0	0	1
WA-0863	gambiae	Baguida	PM	alive	0	0	0	0	0	2	0	0	0	0	0	0	0	0	2	1	0	1	1	1	1	0	1
WA-0864	gambiae	Baguida	PM	alive	0	1	0	0	1	0	0	0	0	0	0	0	0	1	2	1	0	0	2	0	1	0	0
WA-0865	gambiae	Baguida	PM	alive	0	0	0	0	0	2	0	0	0	0	0	0	0	0	2	1	0	1	2	1	0	0	1
WA-0868	gambiae	Baguida	PM	alive	0	0	0	0	2	0	0	0	0	0	0	0	0	2	2	2	0	2	2	2	0	0	1
WA-0869	gambiae	Baguida	PM	alive	0	1	0	0	0	1	0	0	0	0	0	0	0	0	2	2	0	2	2	1	0	0	1
WA-0871	gambiae	Baguida	PM	alive	0	0	0	0	2	0	0	0	0	0	0	0	0	2	2	0	0	1	2	2	0	0	0
WA-0872	gambiae	Baguida	PM	alive	0	0	0	0	0	2	0	0	0	0	0	0	0	0	2	1	0	1	2	2	0	0	1
WA-0873	gambiae	Baguida	PM	alive	0	1	0	0	0	0	1	0	0	0	0	0	0	0	2	1	0	2	2	0	0	0	0
WA-0874	gambiae	Baguida	PM	alive	0	1	0	0	1	0	0	0	0	0	0	0	0	1	2	1	0	1	2	0	0	0	0
WA-0875	gambiae	Baguida	PM	alive	0	0	0	0	2	0	0	0	0	0	0	0	0	2	2	1	0	2	2	2	0	0	0
WA-0877	gambiae	Baguida	PM	alive	0	0	0	0	0	2	0	0	0	0	0	0	0	0	2	0	0	1	2	1	0	0	1
WA-0878	coluzzii	Korle-Bu	Delta	dead	0	0	0	0	0	0	0	0	0	0	0	0	0	0	2	2	0	1	1	1	0	0	1
WA-0879	coluzzii	Korle-Bu	Delta	dead	1	0	0	0	0	0	0	0	0	0	0	1	0	0	1	2	0	0	1	1	0	0	0
WA-0880	coluzzii	Korle-Bu	Delta	dead	0	0	0	0	0	0	0	0	0	0	0	0	0	0	2	2	0	0	1	1	0	0	0
WA-0881	coluzzii	Korle-Bu	Delta	dead	1	0	0	0	0	0	0	0	0	0	0	1	0	0	1	2	0	0	1	1	0	0	0
WA-0882	coluzzii	Korle-Bu	Delta	dead	0	0	0	0	0	0	0	0	0	0	0	0	0	0	2	2	0	1	1	0	0	0	1
WA-0883	coluzzii	Korle-Bu	Delta	dead	0	0	0	0	0	0	0	0	0	0	0	0	0	0	2	2	0	0	1	1	0	0	0
WA-0884	coluzzii	Korle-Bu	Delta	dead	1	0	0	0	0	0	0	0	0	0	0	0	1	0	1	2	0	0	0	1	0	0	0
WA-0885	coluzzii	Korle-Bu	Delta	dead	0	0	0	0	0	0	0	0	0	0	0	0	0	0	2	2	0	0	1	1	0	0	0
WA-0886	coluzzii	Korle-Bu	Delta	dead	0	0	0	0	0	0	0	0	0	0	0	0	0	0	2	2	0	0	0	1	0	0	0
WA-0887	coluzzii	Korle-Bu	Delta	dead	0	0	0	0	0	0	0	0	0	0	0	0	0	0	2	1	0	1	1	2	0	0	1
WA-0890	coluzzii	Korle-Bu	Delta	dead	0	0	0	0	0	0	0	0	0	0	0	0	0	0	2	2	0	0	1	0	0	0	1
WA-0891	coluzzii	Korle-Bu	Delta	dead	0	0	0	0	0	0	0	0	0	0	0	0	0	0	2	2	0	0	1	1	0	0	0
WA-0892	coluzzii	Korle-Bu	Delta	dead	0	0	0	2	0	0	0	0	0	0	0	0	0	0	2	2	0	0	1	0	0	0	0
WA-0893	coluzzii	Korle-Bu	Delta	dead	1	0	0	0	0	0	0	0	0	0	0	1	0	0	1	2	0	0	1	1	0	0	0
WA-0894	coluzzii	Korle-Bu	Delta	dead	0	0	0	0	0	0	0	0	0	1	0	0	0	0	2	2	0	0	1	0	0	0	0
WA-0895	coluzzii	Korle-Bu	Delta	dead	0	0	0	0	0	0	0	0	0	0	0	0	0	0	2	1	0	1	1	1	0	0	1
WA-0896	coluzzii	Korle-Bu	Delta	dead	0	0	0	0	0	0	0	0	0	0	0	0	0	0	2	2	0	0	1	1	0	0	0
WA-0897	coluzzii	Korle-Bu	Delta	dead	0	0	0	0	0	0	0	0	0	0	0	0	0	0	2	2	0	2	1	0	0	0	1
WA-0898	coluzzii	Korle-Bu	Delta	dead	0	0	0	0	0	0	0	0	0	0	0	0	0	0	2	2	0	0	1	2	0	0	0
WA-0899	coluzzii	Korle-Bu	Delta	dead	0	0	0	0	0	0	0	0	0	0	0	0	0	0	2	2	0	0	1	1	0	0	0
WA-0900	coluzzii	Korle-Bu	Delta	dead	0	0	0	0	0	0	0	0	0	0	0	0	0	0	2	2	0	1	0	1	0	0	1
WA-0901	coluzzii	Korle-Bu	Delta	dead	0	0	0	0	0	0	0	0	0	0	0	0	0	0	2	2	0	0	1	1	0	0	0
WA-0902	coluzzii	Korle-Bu	Delta	dead	1	0	0	0	0	0	0	0	0	0	0	1	0	0	1	2	0	0	1	2	0	0	0
WA-0903	coluzzii	Korle-Bu	Delta	dead	0	0	0	0	0	0	0	0	0	0	0	0	0	0	2	2	0	1	1	2	0	0	1
WA-0904	coluzzii	Korle-Bu	Delta	dead	1	0	0	0	0	0	0	0	0	0	0	1	0	0	1	2	0	0	1	1	0	0	0
WA-0905	coluzzii	Korle-Bu	Delta	dead	1	0	0	0	0	0	0	0	0	0	0	0	1	0	1	2	0	0	1	1	0	0	0
WA-0906	coluzzii	Korle-Bu	Delta	dead	1	0	0	0	0	0	0	0	0	0	0	1	0	0	1	2	0	0	1	1	0	0	0
WA-0907	coluzzii	Korle-Bu	Delta	dead	1	0	0	0	0	0	0	0	0	0	0	0	1	0	1	2	0	0	1	0	0	0	0
WA-0908	coluzzii	Korle-Bu	Delta	dead	0	0	0	0	0	0	0	0	0	0	0	0	0	0	2	2	0	0	1	2	0	0	0
WA-0909	coluzzii	Korle-Bu	Delta	dead	0	0	0	0	0	0	0	0	0	0	0	0	0	0	2	2	0	0	1	0	0	0	0
WA-0910	coluzzii	Korle-Bu	Delta	dead	0	0	0	0	0	0	0	0	0	0	0	0	0	0	2	2	0	1	0	1	0	0	0
WA-0912	coluzzii	Korle-Bu	Delta	dead	1	0	0	0	0	0	0	0	0	0	0	1	0	0	1	2	0	1	1	1	0	0	0
WA-0913	coluzzii	Korle-Bu	Delta	dead	0	0	0	0	0	0	0	0	0	0	0	0	0	0	2	2	0	0	1	1	0	0	0
WA-0914	coluzzii	Korle-Bu	Delta	dead	0	0	0	0	0	0	0	0	0	0	0	0	0	0	2	2	0	0	0	2	0	0	0
WA-0915	coluzzii	Korle-Bu	Delta	dead	0	0	0	0	0	0	0	0	0	0	0	0	0	0	2	2	0	0	1	1	0	0	0
WA-0916	coluzzii	Korle-Bu	Delta	dead	0	0	0	0	0	0	0	0	0	0	0	0	0	0	2	2	0	1	1	2	0	0	0
WA-0918	coluzzii	Korle-Bu	Delta	dead	0	0	0	0	0	0	0	0	0	0	0	0	0	0	2	2	0	1	1	1	0	0	1
WA-0919	coluzzii	Korle-Bu	Delta	dead	0	0	0	0	0	0	0	0	0	0	0	0	0	0	2	2	0	0	1	0	0	0	0
WA-0920	coluzzii	Korle-Bu	Delta	dead	0	0	0	0	0	0	0	0	0	0	0	0	0	0	2	2	0	1	1	1	0	0	1
WA-0922	coluzzii	Korle-Bu	Delta	dead	1	0	0	0	0	0	0	0	0	0	0	0	1	0	1	1	0	2	1	0	0	0	1
WA-0923	coluzzii	Korle-Bu	Delta	dead	0	0	0	0	0	0	0	0	0	0	0	0	0	0	2	2	0	0	2	1	0	0	0
WA-0924	coluzzii	Korle-Bu	Delta	dead	0	0	0	0	0	0	0	0	0	0	0	0	0	0	2	2	0	0	2	0	0	0	0
WA-0925	coluzzii	Korle-Bu	Delta	dead	0	0	0	0	0	0	0	0	0	0	0	0	0	0	2	1	0	1	1	1	0	0	1
WA-0926	coluzzii	Korle-Bu	Delta	dead	0	0	0	0	0	0	0	0	0	0	0	0	0	0	2	2	0	1	0	1	0	0	0
WA-0928	coluzzii	Korle-Bu	Delta	dead	0	0	0	0	0	0	0	0	0	0	0	0	0	0	2	2	0	1	1	1	0	0	1
WA-0929	coluzzii	Korle-Bu	Delta	dead	0	0	0	0	0	0	0	0	0	0	0	0	0	0	2	2	0	1	1	0	0	0	0
WA-0930	coluzzii	Korle-Bu	Delta	dead	1	0	0	0	0	0	0	0	0	0	0	1	0	0	1	2	0	0	2	0	0	0	0
WA-0931	coluzzii	Korle-Bu	Delta	dead	0	0	0	0	0	0	0	0	0	0	0	0	0	0	2	2	0	0	1	1	0	0	0
WA-0932	coluzzii	Korle-Bu	Delta	dead	0	0	0	0	0	0	0	0	0	0	0	0	0	0	2	2	0	1	1	1	0	0	1
WA-0933	coluzzii	Korle-Bu	Delta	dead	0	0	0	0	0	0	0	0	0	0	0	0	0	0	2	2	0	0	2	1	0	0	0
WA-0934	coluzzii	Korle-Bu	Delta	dead	1	0	0	0	0	0	0	0	0	0	0	1	0	0	1	2	0	0	1	2	0	0	0
WA-0935	coluzzii	Korle-Bu	Delta	dead	0	0	0	0	0	0	0	0	0	0	0	0	0	0	2	2	0	0	1	1	0	0	0
WA-0936	coluzzii	Korle-Bu	Delta	dead	1	0	0	0	0	0	0	0	0	0	0	1	0	0	1	2	0	0	1	2	0	0	0
WA-0938	coluzzii	Korle-Bu	Delta	dead	0	0	0	1	0	0	0	0	0	0	0	0	0	0	2	2	0	0	1	1	0	0	0
WA-0939	coluzzii	Korle-Bu	Delta	dead	1	0	0	0	0	0	0	0	0	0	0	1	0	0	1	2	0	0	1	1	0	0	0
WA-0940	coluzzii	Korle-Bu	Delta	dead	0	0	0	0	0	0	0	0	0	0	0	0	0	0	2	2	0	0	1	2	0	0	0
WA-0941	coluzzii	Korle-Bu	Delta	dead	1	0	0	0	0	0	0	0	0	0	0	1	0	0	1	2	0	0	1	1	0	0	0
WA-0943	coluzzii	Korle-Bu	Delta	dead	0	0	0	0	0	0	0	0	0	1	0	0	0	0	2	2	0	0	1	1	0	0	0
WA-0944	coluzzii	Korle-Bu	Delta	dead	0	0	0	0	0	0	0	0	0	0	0	0	0	0	2	2	0	0	0	1	0	0	0
WA-0945	coluzzii	Korle-Bu	Delta	dead	0	0	0	0	0	0	0	0	0	0	0	0	0	0	2	2	0	0	1	0	0	0	0
WA-0946	coluzzii	Korle-Bu	Delta	dead	0	0	0	0	0	0	0	0	0	0	0	0	0	0	2	2	0	0	1	1	0	0	0
WA-0947	coluzzii	Korle-Bu	Delta	dead	0	0	0	1	0	0	0	0	0	0	0	0	0	0	2	2	0	0	1	1	0	0	0
WA-0949	coluzzii	Korle-Bu	Delta	dead	0	0	0	0	0	0	0	0	0	0	0	0	0	0	2	2	0	0	1	1	0	0	0
WA-0950	coluzzii	Korle-Bu	Delta	dead	0	0	0	0	0	0	0	0	0	0	0	0	0	0	2	2	0	0	1	1	0	0	1
WA-0951	coluzzii	Korle-Bu	Delta	dead	0	0	0	0	0	0	0	0	0	0	0	0	0	0	2	1	0	1	0	1	0	0	1
WA-0952	coluzzii	Korle-Bu	Delta	dead	1	0	0	0	0	0	0	0	0	0	0	1	0	0	1	2	0	0	0	0	0	0	0
WA-0953	coluzzii	Korle-Bu	Delta	dead	1	0	0	0	0	0	0	0	0	0	0	1	0	0	1	2	0	0	1	1	0	0	0
WA-0954	coluzzii	Korle-Bu	Delta	dead	0	0	0	0	0	0	0	0	0	0	0	0	0	0	2	2	0	1	0	2	0	0	1
WA-0955	coluzzii	Korle-Bu	Delta	dead	0	0	0	0	0	0	0	0	0	0	0	0	0	0	2	2	0	0	1	0	0	0	0
WA-0957	coluzzii	Korle-Bu	Delta	dead	0	0	0	0	0	0	0	0	0	0	0	0	0	0	2	2	0	0	1	0	0	0	0
WA-0958	coluzzii	Korle-Bu	Delta	dead	0	0	0	0	0	0	0	0	0	0	0	0	0	0	2	2	0	1	1	1	0	0	1
WA-0959	coluzzii	Korle-Bu	Delta	dead	1	0	0	0	0	0	0	0	0	0	0	0	1	0	1	2	0	0	0	1	0	0	0
WA-0960	coluzzii	Korle-Bu	Delta	dead	0	0	0	0	0	0	0	0	0	0	0	0	0	0	2	2	0	0	1	0	0	0	0
WA-0961	coluzzii	Korle-Bu	Delta	dead	0	0	0	0	0	0	0	0	0	0	0	0	0	0	2	2	0	0	1	2	0	0	0
WA-0962	coluzzii	Korle-Bu	Delta	dead	0	0	0	0	0	0	0	0	0	0	0	0	0	0	2	2	0	0	1	1	0	0	0
WA-0963	coluzzii	Korle-Bu	Delta	dead	0	0	0	0	0	0	0	0	0	0	0	0	0	0	2	2	0	0	1	1	0	0	0
WA-0964	coluzzii	Korle-Bu	Delta	dead	0	0	0	0	0	0	0	0	0	0	0	0	0	0	2	2	0	0	1	1	0	0	1
WA-0965	coluzzii	Korle-Bu	Delta	dead	0	0	0	0	0	0	0	0	0	0	0	0	0	0	2	1	0	0	0	0	0	0	0
WA-0968	coluzzii	Korle-Bu	Delta	dead	0	0	0	0	0	0	0	0	0	0	0	0	0	0	2	1	0	1	1	2	0	0	1
WA-0969	coluzzii	Korle-Bu	Delta	dead	0	0	0	0	0	0	0	0	0	0	0	0	0	0	2	2	0	0	1	1	0	0	0
WA-0970	coluzzii	Korle-Bu	Delta	dead	0	0	0	0	0	0	0	0	0	0	0	0	0	0	2	2	0	0	1	1	0	0	1
WA-0971	coluzzii	Korle-Bu	Delta	dead	1	0	0	0	0	0	0	0	0	0	0	1	0	0	1	2	0	0	0	1	0	0	0
WA-0972	coluzzii	Korle-Bu	Delta	dead	0	0	0	0	0	0	0	0	0	0	0	0	0	0	2	2	0	0	1	2	0	0	0
WA-0973	coluzzii	Korle-Bu	Delta	alive	0	0	0	0	0	0	0	0	0	0	0	0	0	0	2	2	0	0	1	1	0	0	0
WA-0974	coluzzii	Korle-Bu	Delta	alive	0	0	0	0	0	0	0	0	0	0	0	0	0	0	2	2	0	1	1	1	0	0	0
WA-0975	coluzzii	Korle-Bu	Delta	alive	0	0	0	0	0	0	0	0	0	0	0	0	0	0	2	2	0	0	0	1	0	0	0
WA-0976	coluzzii	Korle-Bu	Delta	alive	0	0	0	0	0	0	0	0	0	0	0	0	0	0	2	2	0	0	0	1	0	0	0
WA-0977	coluzzii	Korle-Bu	Delta	alive	0	0	0	0	0	0	0	0	0	0	0	0	0	0	2	2	0	0	1	1	0	0	0
WA-0979	coluzzii	Korle-Bu	Delta	alive	0	0	0	0	0	0	0	0	0	0	0	0	0	0	2	2	0	0	1	2	0	0	0
WA-0980	coluzzii	Korle-Bu	Delta	alive	0	0	0	0	0	0	0	0	0	0	0	0	0	0	2	2	0	0	1	2	0	0	0
WA-0981	coluzzii	Korle-Bu	Delta	alive	0	0	0	0	0	0	0	0	0	0	0	0	0	0	2	1	0	2	1	2	0	0	2
WA-0982	coluzzii	Korle-Bu	Delta	alive	0	0	0	1	0	0	0	0	0	0	0	0	0	0	2	2	0	0	1	1	0	0	0
WA-0985	coluzzii	Korle-Bu	Delta	alive	0	0	0	1	0	0	0	0	0	0	0	0	0	0	2	2	0	1	1	1	0	0	1
WA-0986	coluzzii	Korle-Bu	Delta	alive	0	0	0	0	0	0	0	0	0	0	0	0	0	0	2	2	0	0	1	1	0	0	0
WA-0987	coluzzii	Korle-Bu	Delta	alive	1	0	0	0	0	0	0	0	0	0	0	0	1	0	1	2	0	1	2	2	0	0	1
WA-0988	coluzzii	Korle-Bu	Delta	alive	0	0	0	1	0	0	0	0	0	0	0	0	0	0	2	2	0	1	1	1	0	0	1
WA-0991	coluzzii	Korle-Bu	Delta	alive	0	0	0	0	0	0	0	0	0	0	0	0	0	0	2	2	0	0	1	2	0	0	0
WA-0993	coluzzii	Korle-Bu	Delta	alive	0	0	0	0	0	0	0	0	0	0	0	0	0	0	2	2	0	0	2	1	0	0	0
WA-0994	coluzzii	Korle-Bu	Delta	alive	0	0	0	0	0	0	0	0	0	0	0	0	0	0	2	2	0	1	1	0	0	0	1
WA-0995	coluzzii	Korle-Bu	Delta	alive	0	0	0	0	0	0	0	0	0	0	0	0	0	1	2	2	0	0	0	0	0	0	0
WA-0996	coluzzii	Korle-Bu	Delta	alive	0	0	0	0	0	0	0	0	0	0	0	0	0	0	2	2	0	0	0	1	0	0	0
WA-0997	coluzzii	Korle-Bu	Delta	alive	0	0	0	0	0	0	0	0	0	0	0	0	0	0	2	2	0	0	1	1	0	0	0
WA-0998	coluzzii	Korle-Bu	Delta	alive	0	0	0	0	0	0	0	0	0	0	0	0	0	0	2	2	0	1	1	1	0	0	1
WA-0999	coluzzii	Korle-Bu	Delta	alive	0	0	0	0	0	0	0	0	0	0	0	0	0	0	2	2	0	0	2	0	0	0	0
WA-1000	coluzzii	Korle-Bu	Delta	alive	1	0	0	0	0	0	0	0	0	0	0	1	0	0	1	2	0	0	1	0	0	0	0
WA-1001	coluzzii	Korle-Bu	Delta	alive	0	0	0	0	0	0	0	0	0	0	0	0	0	0	2	1	0	1	1	0	0	0	1
WA-1002	coluzzii	Korle-Bu	Delta	alive	1	0	0	0	0	0	0	0	0	0	0	1	0	0	1	2	0	0	1	0	0	0	0
WA-1003	coluzzii	Korle-Bu	Delta	alive	0	0	0	0	0	0	0	0	0	0	0	0	0	0	2	2	0	1	1	1	0	0	1
WA-1004	coluzzii	Korle-Bu	Delta	alive	0	0	0	0	0	0	0	0	0	0	0	0	0	0	2	2	0	0	1	1	0	0	0
WA-1005	coluzzii	Korle-Bu	Delta	alive	0	0	0	0	0	0	0	0	0	0	0	0	0	0	2	2	0	0	0	0	0	0	0
WA-1006	coluzzii	Korle-Bu	Delta	alive	0	0	0	0	0	0	0	0	0	0	0	0	0	0	2	2	0	0	1	1	0	0	0
WA-1007	coluzzii	Korle-Bu	Delta	alive	0	0	0	0	0	0	0	0	0	0	0	0	0	0	2	2	0	0	1	0	0	0	0
WA-1009	coluzzii	Korle-Bu	Delta	alive	0	0	0	0	0	0	0	0	0	0	0	0	0	0	2	2	0	0	2	0	0	0	0
WA-1010	coluzzii	Korle-Bu	Delta	alive	0	0	0	0	0	0	0	0	0	0	0	0	0	0	2	2	0	0	1	1	0	0	0
WA-1011	coluzzii	Korle-Bu	Delta	alive	1	0	0	0	0	0	0	0	0	0	0	1	0	0	1	2	0	0	1	1	0	0	0
WA-1012	coluzzii	Korle-Bu	Delta	alive	0	0	0	0	0	0	0	0	0	0	0	0	0	0	2	2	0	0	1	1	0	0	0
WA-1015	coluzzii	Korle-Bu	Delta	alive	1	0	0	0	0	0	0	0	0	0	0	0	1	0	1	2	0	0	1	1	0	0	0
WA-1017	coluzzii	Korle-Bu	Delta	alive	0	0	0	1	0	0	0	0	0	0	0	0	0	0	2	2	0	0	1	0	0	0	0
WA-1018	coluzzii	Korle-Bu	Delta	alive	1	0	0	0	0	0	0	0	0	0	0	1	0	0	1	2	0	0	1	1	0	0	0
WA-1019	coluzzii	Korle-Bu	Delta	alive	0	0	0	0	0	0	0	0	0	1	0	0	0	0	2	2	0	0	1	0	0	0	0
WA-1020	coluzzii	Korle-Bu	Delta	alive	0	0	0	0	0	0	0	0	0	0	0	0	0	0	2	2	0	0	1	0	0	0	0
WA-1021	coluzzii	Korle-Bu	Delta	alive	0	0	0	0	0	0	0	0	0	0	0	0	0	0	2	2	0	0	1	1	0	0	0
WA-1022	coluzzii	Korle-Bu	Delta	alive	0	0	0	0	0	0	0	0	0	0	0	0	0	0	2	2	0	0	2	0	0	0	0
WA-1023	coluzzii	Korle-Bu	Delta	alive	0	0	0	0	0	0	0	0	0	0	0	0	0	0	2	2	0	0	1	0	0	0	0
WA-1024	coluzzii	Korle-Bu	Delta	alive	0	0	0	1	0	0	0	0	0	0	0	0	0	0	2	1	0	0	1	2	0	0	1
WA-1025	coluzzii	Korle-Bu	Delta	alive	0	0	0	0	0	0	0	0	0	0	0	0	0	1	2	2	0	0	1	0	0	0	0
WA-1026	coluzzii	Korle-Bu	Delta	alive	0	0	0	0	0	0	0	0	0	0	0	0	0	0	2	1	0	0	1	0	0	0	1
WA-1027	coluzzii	Korle-Bu	Delta	alive	0	0	0	0	0	0	0	0	0	0	0	0	0	0	2	1	0	1	1	2	0	0	1
WA-1028	coluzzii	Korle-Bu	Delta	alive	1	0	0	0	0	0	0	0	0	0	0	1	0	0	1	2	0	0	1	1	0	0	0
WA-1029	coluzzii	Korle-Bu	Delta	alive	0	0	0	0	0	0	0	0	0	0	0	0	0	0	2	2	0	0	1	1	0	0	0
WA-1030	coluzzii	Korle-Bu	Delta	alive	1	0	0	0	0	0	0	0	0	0	0	0	1	1	1	2	0	1	1	1	0	0	1
WA-1031	coluzzii	Korle-Bu	Delta	alive	0	0	0	0	0	0	0	0	0	0	0	0	0	0	2	2	0	0	1	1	0	0	0
WA-1032	coluzzii	Korle-Bu	Delta	alive	1	0	0	0	0	0	0	0	0	0	0	1	0	0	1	2	0	0	1	1	0	0	0
WA-1033	coluzzii	Korle-Bu	Delta	alive	0	0	0	0	0	0	0	0	0	0	0	0	0	0	2	2	0	0	1	1	0	0	0
WA-1034	coluzzii	Korle-Bu	Delta	alive	0	0	0	0	0	0	0	0	0	0	0	0	0	0	2	2	0	0	1	1	0	0	0
WA-1035	coluzzii	Korle-Bu	Delta	alive	0	0	0	0	0	0	0	0	0	0	0	0	0	0	2	2	0	0	1	0	0	0	0
WA-1036	coluzzii	Korle-Bu	Delta	alive	0	0	0	0	0	0	0	0	0	0	0	0	0	0	2	2	0	0	2	1	0	0	0
WA-1037	coluzzii	Korle-Bu	Delta	alive	0	0	0	0	0	0	0	0	0	0	0	0	0	0	2	2	0	0	1	1	0	0	0
WA-1039	coluzzii	Korle-Bu	Delta	alive	1	0	0	0	0	0	0	0	0	0	0	1	0	0	1	2	0	0	1	1	0	0	0
WA-1041	coluzzii	Korle-Bu	Delta	alive	0	0	0	0	0	0	0	0	0	0	0	0	0	0	2	2	0	1	1	0	0	0	1
WA-1042	coluzzii	Korle-Bu	Delta	alive	0	0	0	0	0	0	0	0	0	0	0	0	0	0	2	2	0	0	1	2	0	0	0
WA-1043	coluzzii	Korle-Bu	Delta	alive	0	0	0	0	0	0	0	0	0	0	0	0	0	0	2	2	0	0	1	2	0	0	0
WA-1147	coluzzii	Korle-Bu	PM	dead	0	0	0	0	0	0	0	0	0	0	0	0	0	0	2	2	0	0	0	1	0	0	0
WA-1153	coluzzii	Korle-Bu	PM	dead	0	0	0	0	0	0	0	0	0	0	0	0	0	0	2	1	0	1	1	1	0	0	1
WA-1158	coluzzii	Korle-Bu	PM	dead	0	0	0	0	0	0	0	0	0	0	0	0	0	0	2	2	0	1	1	0	0	0	1
WA-1159	coluzzii	Korle-Bu	PM	dead	0	0	0	0	0	0	0	0	0	0	0	0	0	0	2	2	0	1	1	1	0	0	1
WA-1162	coluzzii	Korle-Bu	PM	dead	0	0	0	0	0	0	0	0	0	1	0	0	0	0	2	2	0	0	0	2	0	0	0
WA-1164	coluzzii	Korle-Bu	PM	dead	0	0	0	0	0	0	0	0	0	0	0	0	0	0	2	2	0	0	1	2	0	0	0
WA-1165	coluzzii	Korle-Bu	PM	dead	0	0	0	0	0	0	0	0	0	0	0	0	0	0	2	2	0	0	1	1	0	0	0
WA-1166	coluzzii	Korle-Bu	PM	dead	0	0	0	0	0	0	0	0	0	0	0	0	0	0	2	2	0	0	1	1	0	0	0
WA-1169	coluzzii	Korle-Bu	PM	dead	0	0	0	1	0	0	0	0	0	0	0	0	0	0	2	2	0	0	1	1	0	0	0
WA-1171	coluzzii	Korle-Bu	PM	dead	0	0	0	0	0	0	0	0	0	0	0	0	0	0	2	2	0	0	0	1	0	0	0
WA-1172	coluzzii	Korle-Bu	PM	dead	0	0	0	0	0	0	0	0	0	0	0	0	0	0	2	2	0	0	1	2	0	0	0
WA-1173	coluzzii	Korle-Bu	PM	dead	0	0	0	0	0	0	0	0	0	0	0	0	0	0	2	1	0	0	0	0	0	0	1
WA-1174	coluzzii	Korle-Bu	PM	dead	0	0	0	0	0	0	0	0	0	0	0	0	0	0	2	1	0	1	1	1	0	0	1
WA-1181	coluzzii	Korle-Bu	PM	dead	0	0	0	0	0	0	0	0	0	0	0	0	0	0	2	2	0	1	0	1	0	0	1
WA-1182	coluzzii	Korle-Bu	PM	dead	1	0	0	0	0	0	0	0	0	0	0	1	0	0	1	2	0	0	0	2	0	0	0
WA-1183	coluzzii	Korle-Bu	PM	dead	0	0	0	0	0	0	0	0	0	0	0	0	0	0	2	1	0	1	1	1	0	0	2
WA-1184	coluzzii	Korle-Bu	PM	dead	0	0	0	0	0	0	0	0	0	0	0	0	0	0	2	2	0	0	1	0	0	0	0
WA-1188	coluzzii	Korle-Bu	PM	dead	0	0	0	0	0	0	0	0	0	0	0	0	0	0	2	2	0	0	1	1	0	0	0
WA-1189	coluzzii	Korle-Bu	PM	dead	0	0	0	0	0	0	0	0	0	0	0	0	0	0	2	2	0	0	1	1	0	0	0
WA-1190	coluzzii	Korle-Bu	PM	dead	1	0	0	0	0	0	0	0	0	0	0	1	0	0	1	2	0	0	0	1	0	0	0
WA-1192	coluzzii	Korle-Bu	PM	dead	0	0	0	2	0	0	0	0	0	0	0	0	0	0	2	2	0	0	0	1	0	0	1
WA-1193	coluzzii	Korle-Bu	PM	dead	0	0	0	0	0	0	0	0	0	0	0	0	0	0	2	2	0	0	1	1	0	0	0
WA-1196	coluzzii	Korle-Bu	PM	dead	1	0	0	0	0	0	0	0	0	0	0	0	1	0	1	2	0	0	1	1	0	0	1
WA-1199	coluzzii	Korle-Bu	PM	dead	0	0	0	1	0	0	0	0	0	0	0	0	0	0	2	2	0	0	1	1	0	0	0
WA-1200	coluzzii	Korle-Bu	PM	dead	0	0	0	0	0	0	0	0	0	0	0	0	0	0	2	2	0	1	1	1	0	0	1
WA-1201	coluzzii	Korle-Bu	PM	dead	0	0	0	0	0	0	0	0	0	0	0	0	0	0	2	2	0	0	0	0	0	0	0
WA-1202	coluzzii	Korle-Bu	PM	dead	0	0	0	0	0	0	0	0	0	0	0	0	0	1	2	2	0	0	1	0	0	0	0
WA-1204	coluzzii	Korle-Bu	PM	dead	1	0	0	0	0	0	0	0	0	0	0	1	0	0	1	2	0	0	1	1	0	0	0
WA-1206	coluzzii	Korle-Bu	PM	dead	0	0	0	0	0	0	0	0	0	0	0	0	0	0	2	2	0	1	1	1	0	0	0
WA-1207	coluzzii	Korle-Bu	PM	dead	0	0	0	0	0	0	0	0	0	0	0	0	0	0	2	2	0	0	1	2	0	0	1
WA-1208	coluzzii	Korle-Bu	PM	dead	0	0	0	1	0	0	0	0	0	0	0	0	0	0	2	2	0	0	1	2	0	0	0
WA-1209	coluzzii	Korle-Bu	PM	dead	0	0	0	0	0	0	0	0	0	0	0	0	0	0	2	2	0	0	1	1	0	0	0
WA-1210	coluzzii	Korle-Bu	PM	dead	0	0	0	0	0	0	0	0	0	0	0	0	0	0	2	2	0	0	0	0	0	0	0
WA-1212	coluzzii	Korle-Bu	PM	dead	0	0	0	0	0	0	0	0	0	1	0	0	0	0	2	2	0	0	1	1	0	0	0
WA-1214	coluzzii	Korle-Bu	PM	dead	1	0	0	0	0	0	0	0	0	0	0	0	1	0	1	2	0	0	1	1	0	0	1
WA-1215	coluzzii	Korle-Bu	PM	dead	0	0	0	0	0	0	0	0	0	0	0	0	0	0	2	2	0	0	0	0	0	0	0
WA-1217	coluzzii	Korle-Bu	PM	dead	0	0	0	1	0	0	0	0	0	0	0	0	0	0	2	1	0	1	1	0	0	0	1
WA-1220	coluzzii	Korle-Bu	PM	dead	0	0	0	0	0	0	0	0	0	0	0	0	0	0	2	2	0	0	0	1	0	0	1
WA-1221	coluzzii	Korle-Bu	PM	dead	0	0	0	1	0	0	0	0	0	0	0	0	0	0	2	2	0	0	1	1	0	0	0
WA-1222	coluzzii	Korle-Bu	PM	dead	0	0	0	0	0	0	0	0	0	0	0	0	0	0	2	2	0	0	2	1	0	0	0
WA-1226	coluzzii	Korle-Bu	PM	dead	0	0	0	0	0	0	0	0	0	0	0	0	0	0	2	2	0	1	1	2	0	0	1
WA-1228	coluzzii	Korle-Bu	PM	dead	2	0	0	0	0	0	0	0	0	0	0	1	0	0	1	2	0	1	1	2	0	0	1
WA-1229	coluzzii	Korle-Bu	PM	dead	0	0	0	2	0	0	0	0	0	0	0	0	0	0	2	2	0	0	1	1	0	0	0
WA-1230	coluzzii	Korle-Bu	PM	dead	0	0	0	0	0	0	0	0	0	0	0	0	0	0	2	2	0	0	1	1	0	0	0
WA-1231	coluzzii	Korle-Bu	PM	dead	2	0	0	0	0	0	0	0	0	0	0	2	0	0	0	2	0	0	1	2	0	0	0
WA-1235	coluzzii	Korle-Bu	PM	dead	0	0	0	0	0	0	0	0	0	0	0	0	0	0	2	2	0	1	1	1	0	0	2
WA-1236	coluzzii	Korle-Bu	PM	dead	0	0	0	0	0	0	0	0	0	0	0	0	0	0	2	2	0	0	1	2	0	0	0
WA-1240	coluzzii	Korle-Bu	PM	dead	0	0	0	0	0	0	0	0	0	0	0	0	0	0	2	2	0	1	0	1	0	0	1
WA-1241	coluzzii	Korle-Bu	PM	alive	1	0	0	0	0	0	0	0	0	0	0	1	0	0	1	1	0	0	1	1	0	0	1
WA-1242	coluzzii	Korle-Bu	PM	alive	0	0	0	0	0	0	0	0	0	0	0	0	0	0	2	2	0	0	1	1	0	0	0
WA-1244	coluzzii	Korle-Bu	PM	alive	1	0	0	0	0	0	0	0	0	0	0	0	1	0	1	2	0	0	1	1	0	0	1
WA-1245	coluzzii	Korle-Bu	PM	alive	0	0	0	0	0	0	0	0	0	0	0	0	0	1	2	2	0	0	1	1	0	0	0
WA-1246	coluzzii	Korle-Bu	PM	alive	0	0	0	0	0	0	0	0	0	0	0	0	0	0	2	2	0	1	1	1	0	0	0
WA-1247	coluzzii	Korle-Bu	PM	alive	0	0	0	2	0	0	0	0	0	0	0	0	0	0	2	2	0	0	0	0	0	0	0
WA-1248	coluzzii	Korle-Bu	PM	alive	0	0	0	0	0	0	0	0	0	0	0	0	0	0	2	2	0	0	0	1	0	0	0
WA-1249	coluzzii	Korle-Bu	PM	alive	1	0	0	0	0	0	0	0	0	0	0	0	1	0	1	2	0	0	1	1	0	0	0
WA-1250	coluzzii	Korle-Bu	PM	alive	0	0	0	0	0	0	0	0	0	0	0	0	0	0	2	2	0	0	2	1	0	0	0
WA-1252	coluzzii	Korle-Bu	PM	alive	1	0	0	1	0	0	0	0	0	0	0	1	0	0	1	2	0	1	1	1	0	0	0
WA-1253	coluzzii	Korle-Bu	PM	alive	1	0	0	0	0	0	0	0	0	0	0	1	0	0	1	2	0	0	1	0	0	0	0
WA-1254	coluzzii	Korle-Bu	PM	alive	0	0	0	0	0	0	0	0	0	0	0	0	0	0	2	2	0	0	1	1	0	0	0
WA-1257	coluzzii	Korle-Bu	PM	alive	0	0	0	0	0	0	0	0	0	0	0	0	0	0	2	2	0	1	2	1	0	0	0
WA-1259	coluzzii	Korle-Bu	PM	alive	0	0	0	0	0	0	0	0	0	0	0	0	0	0	2	1	0	1	2	0	0	0	1
WA-1260	coluzzii	Korle-Bu	PM	alive	1	0	0	1	0	0	0	0	0	0	0	0	1	0	1	2	0	0	1	2	0	0	0
WA-1261	coluzzii	Korle-Bu	PM	alive	1	0	0	0	0	0	0	0	0	0	0	1	0	0	1	2	0	0	1	1	0	0	0
WA-1262	coluzzii	Korle-Bu	PM	alive	2	0	0	0	0	0	0	0	0	0	0	2	0	0	0	2	0	0	1	0	0	0	0
WA-1264	coluzzii	Korle-Bu	PM	alive	2	0	0	0	0	0	0	0	0	0	0	2	0	0	0	2	0	0	1	1	0	0	0
WA-1267	coluzzii	Korle-Bu	PM	alive	0	0	0	0	0	0	0	0	0	0	0	0	0	1	2	2	0	0	1	1	0	0	0
WA-1268	coluzzii	Korle-Bu	PM	alive	1	0	0	0	0	0	0	0	0	0	0	1	0	0	1	2	0	0	2	1	0	0	0
WA-1271	coluzzii	Korle-Bu	PM	alive	1	0	0	0	0	0	0	0	0	0	0	1	0	0	1	2	0	0	1	0	0	0	0
WA-1272	coluzzii	Korle-Bu	PM	alive	0	0	0	0	0	0	0	0	0	0	0	0	0	0	2	2	0	0	1	1	0	0	0
WA-1273	coluzzii	Korle-Bu	PM	alive	1	0	0	0	0	0	0	0	0	0	0	0	1	0	1	2	0	0	2	1	0	0	1
WA-1274	coluzzii	Korle-Bu	PM	alive	0	0	0	0	0	0	0	0	0	0	0	0	0	0	2	2	0	0	1	1	0	0	0
WA-1275	coluzzii	Korle-Bu	PM	alive	0	0	0	0	0	0	0	0	0	0	0	0	0	0	2	2	0	1	2	0	0	0	1
WA-1276	coluzzii	Korle-Bu	PM	alive	1	0	0	1	0	0	0	0	0	0	0	0	1	0	1	2	0	0	1	1	0	0	0
WA-1277	coluzzii	Korle-Bu	PM	alive	1	0	0	0	0	0	0	0	0	0	0	1	0	0	1	2	0	0	1	1	0	0	0
WA-1278	coluzzii	Korle-Bu	PM	alive	0	0	0	0	0	0	0	0	0	0	0	0	0	0	2	2	0	0	1	1	0	0	0
WA-1283	coluzzii	Korle-Bu	PM	alive	0	0	0	0	0	0	0	0	0	0	0	0	0	0	2	2	0	0	1	0	0	0	0
WA-1284	coluzzii	Korle-Bu	PM	alive	0	0	0	0	0	0	0	0	0	0	0	0	0	0	2	2	0	0	1	1	0	0	0
WA-1285	coluzzii	Korle-Bu	PM	alive	0	0	0	0	0	0	0	0	0	1	0	0	0	0	2	2	0	0	1	1	0	0	0
WA-1291	coluzzii	Korle-Bu	PM	alive	1	0	0	0	0	0	0	0	0	0	0	1	0	0	1	2	0	0	1	1	0	0	0
WA-1293	coluzzii	Korle-Bu	PM	alive	0	0	0	0	0	0	0	0	0	0	0	0	0	0	2	2	0	0	1	2	0	0	0
WA-1297	coluzzii	Korle-Bu	PM	alive	1	0	0	0	0	0	0	0	0	0	0	1	0	0	1	2	0	0	1	1	0	0	0
WA-1299	coluzzii	Korle-Bu	PM	alive	0	0	0	0	0	0	0	0	0	0	0	0	0	0	2	2	0	0	1	1	0	0	0
WA-1300	coluzzii	Korle-Bu	PM	alive	0	0	0	0	0	0	0	0	0	0	0	0	0	0	2	2	0	0	1	1	0	0	0
WA-1301	coluzzii	Korle-Bu	PM	alive	0	0	0	0	0	0	0	0	0	0	0	0	0	0	2	2	0	0	1	2	0	0	0
WA-1302	coluzzii	Korle-Bu	PM	alive	1	0	0	0	0	0	0	0	0	0	0	1	0	0	1	2	0	0	1	1	0	0	0
WA-1308	coluzzii	Korle-Bu	PM	alive	0	0	0	0	0	0	0	0	0	0	0	0	0	0	2	2	0	1	1	1	0	0	1
WA-1309	coluzzii	Korle-Bu	PM	alive	0	0	0	0	0	0	0	0	0	0	0	0	0	0	2	2	0	0	1	2	0	0	0
WA-1310	coluzzii	Korle-Bu	PM	alive	0	0	0	0	0	0	0	0	0	0	0	0	0	0	2	2	0	0	2	1	0	0	0
WA-1311	coluzzii	Korle-Bu	PM	alive	0	0	0	0	0	0	0	0	0	0	0	0	0	0	2	2	0	0	1	0	0	0	0
WA-1312	coluzzii	Korle-Bu	PM	alive	0	0	0	1	0	0	0	0	0	0	0	0	0	0	2	2	0	1	1	0	0	0	1
WA-1316	coluzzii	Korle-Bu	PM	alive	0	0	0	0	0	0	0	0	0	0	0	0	0	0	2	2	0	1	1	1	0	0	0
WA-1317	coluzzii	Korle-Bu	PM	alive	0	0	0	0	0	0	0	0	0	0	0	0	0	0	2	2	0	0	1	1	0	0	0
WA-1318	coluzzii	Korle-Bu	PM	alive	0	0	0	0	0	0	0	0	0	0	0	0	0	0	2	2	0	0	1	0	0	0	0
WA-1319	coluzzii	Korle-Bu	PM	alive	0	0	0	0	0	0	0	0	0	0	0	0	0	0	2	2	0	1	1	1	0	0	0
WA-1320	coluzzii	Korle-Bu	PM	alive	0	0	0	0	0	0	0	0	0	0	0	0	0	0	2	2	0	0	1	0	0	0	0
WA-1323	coluzzii	Korle-Bu	PM	alive	1	0	0	0	0	0	0	0	0	0	0	0	1	0	1	2	0	0	1	0	0	0	0
WA-1324	coluzzii	Korle-Bu	PM	alive	0	0	0	0	0	0	0	0	0	0	0	0	0	0	2	2	0	0	1	0	0	0	0
WA-1325	coluzzii	Korle-Bu	PM	alive	0	0	0	1	0	0	0	0	0	0	0	0	0	0	2	2	0	0	1	1	0	0	0
WA-1326	coluzzii	Korle-Bu	PM	alive	0	0	0	0	0	0	0	0	0	0	0	0	0	0	2	2	0	0	1	1	0	0	0
WA-1327	coluzzii	Korle-Bu	PM	alive	0	0	0	0	0	0	0	0	0	0	0	0	0	0	2	2	0	0	1	1	0	0	0
WA-1328	coluzzii	Korle-Bu	PM	alive	0	0	0	0	0	0	0	0	0	0	0	0	0	0	2	2	0	0	1	0	0	0	0
WA-1333	coluzzii	Korle-Bu	PM	alive	0	0	0	0	0	0	0	0	0	0	0	0	0	0	2	2	0	0	2	1	0	0	0
WA-1334	coluzzii	Korle-Bu	PM	alive	0	0	0	0	0	0	0	0	0	0	0	0	0	0	2	1	0	1	2	1	0	0	1
WA-1335	coluzzii	Korle-Bu	PM	alive	1	0	0	0	0	0	0	0	0	0	0	1	0	0	1	2	0	0	1	1	0	0	0
WA-0001	gambiae	Madina	Delta	dead	0	0	0	0	0	2	0	0	0	0	0	0	0	0	2	2	0	1	2	0	1	0	1
WA-0002	gambiae	Madina	Delta	dead	0	0	0	0	0	1	1	0	0	0	0	0	0	0	2	2	0	0	2	0	2	0	1
WA-0006	gambiae	Madina	Delta	dead	0	0	0	0	1	1	0	0	0	0	0	0	0	1	2	2	0	1	1	0	1	0	1
WA-0007	gambiae	Madina	Delta	dead	0	1	0	0	0	1	0	0	0	0	0	0	0	0	2	2	0	1	1	0	2	0	1
WA-0008	gambiae	Madina	Delta	dead	0	0	0	0	0	1	1	0	0	0	0	0	0	0	2	2	0	1	1	0	2	0	2
WA-0009	gambiae	Madina	Delta	dead	0	0	0	0	1	0	1	0	0	0	0	0	0	1	2	2	0	1	2	0	2	0	1
WA-0010	gambiae	Madina	Delta	dead	0	0	0	0	1	1	0	0	0	0	0	0	0	1	2	2	0	0	2	0	1	0	0
WA-0012	gambiae	Madina	Delta	dead	0	0	0	0	1	1	0	0	0	0	0	0	0	1	2	2	0	2	1	0	1	0	2
WA-0013	gambiae	Madina	Delta	dead	0	1	0	0	0	0	1	0	0	0	0	0	0	0	2	2	0	1	2	0	2	0	1
WA-0014	gambiae	Madina	Delta	dead	0	0	0	0	1	0	0	1	0	0	0	0	0	1	2	2	0	1	2	0	0	0	1
WA-0015	gambiae	Madina	Delta	dead	0	0	0	0	1	1	0	0	0	0	0	0	0	1	2	2	0	1	1	1	1	0	1
WA-0016	gambiae	Madina	Delta	dead	0	1	0	0	0	0	0	1	0	0	0	0	0	0	2	2	0	0	1	0	1	0	0
WA-0017	gambiae	Madina	Delta	dead	0	0	0	0	0	2	0	0	0	0	0	0	0	0	2	2	0	1	1	0	2	0	1
WA-0018	gambiae	Madina	Delta	dead	0	1	0	0	0	1	0	1	0	0	0	0	0	0	2	2	0	1	2	0	1	0	1
WA-0020	gambiae	Madina	Delta	dead	0	1	0	0	0	1	0	0	0	0	0	0	0	0	2	2	0	0	1	1	0	0	1
WA-0021	gambiae	Madina	Delta	dead	0	0	0	0	1	0	0	1	0	0	0	0	0	1	2	2	0	2	2	0	2	0	2
WA-0024	gambiae	Madina	Delta	dead	0	0	0	0	0	2	0	0	0	0	0	0	0	0	2	2	0	2	1	0	1	0	2
WA-0029	gambiae	Madina	Delta	dead	0	0	0	0	0	2	0	0	0	0	0	0	0	0	2	2	0	0	2	0	1	0	0
WA-0031	gambiae	Madina	Delta	dead	0	0	0	0	2	0	0	0	0	0	0	0	0	2	2	2	0	1	1	0	0	0	0
WA-0036	gambiae	Madina	Delta	dead	0	0	0	0	1	1	0	0	0	0	0	0	0	1	2	2	0	0	1	0	1	0	1
WA-0037	gambiae	Madina	Delta	dead	0	0	0	0	1	1	0	0	0	0	0	0	0	1	2	2	0	0	1	0	1	0	0
WA-0041	gambiae	Madina	Delta	dead	0	1	0	0	0	1	0	0	0	0	0	0	0	0	2	2	0	1	2	0	2	0	0
WA-0044	gambiae	Madina	Delta	dead	0	0	0	0	1	1	0	0	0	0	0	0	0	1	2	2	0	1	2	0	2	0	0
WA-0046	gambiae	Madina	Delta	dead	0	0	0	0	0	2	0	0	0	0	0	0	0	0	2	2	0	1	1	0	2	0	0
WA-0048	gambiae	Madina	Delta	dead	0	0	0	0	1	1	0	0	0	0	0	0	0	1	2	2	0	0	1	0	1	0	0
WA-0050	gambiae	Madina	Delta	dead	0	0	0	0	1	1	0	0	0	0	0	0	0	1	2	2	0	0	1	0	1	0	0
WA-0052	gambiae	Madina	Delta	dead	0	0	0	0	0	1	0	1	0	0	0	0	0	0	2	2	0	1	1	0	1	0	2
WA-0053	gambiae	Madina	Delta	dead	0	0	0	0	1	1	0	0	0	0	0	0	0	1	2	2	0	0	1	0	2	0	0
WA-0055	gambiae	Madina	Delta	dead	0	0	0	0	0	1	0	0	0	0	0	0	0	0	2	2	0	1	1	0	1	0	2
WA-0056	gambiae	Madina	Delta	dead	0	2	0	0	0	0	0	0	0	0	0	0	0	0	2	2	0	1	1	0	2	0	1
WA-0057	gambiae	Madina	Delta	dead	0	0	0	0	1	1	0	0	0	0	0	0	0	1	2	2	0	0	2	0	0	0	0
WA-0060	gambiae	Madina	Delta	dead	0	0	0	0	1	1	0	0	0	0	0	0	0	1	2	2	0	1	1	0	0	0	2
WA-0061	gambiae	Madina	Delta	dead	0	1	0	0	1	0	0	0	0	0	0	0	0	1	2	2	0	1	1	0	1	0	2
WA-0062	gambiae	Madina	Delta	dead	0	0	0	0	0	2	0	0	0	0	0	0	0	0	2	2	0	0	0	0	0	0	0
WA-0064	gambiae	Madina	Delta	dead	0	0	0	0	0	2	0	0	0	0	0	0	0	0	2	2	0	1	1	0	1	1	0
WA-0066	gambiae	Madina	Delta	dead	0	0	0	0	1	1	0	0	0	0	0	0	0	1	2	2	0	0	2	0	0	0	2
WA-0071	gambiae	Madina	Delta	dead	0	0	0	0	0	1	1	0	0	0	0	0	0	0	2	2	0	2	2	0	1	0	2
WA-0073	gambiae	Madina	Delta	alive	0	0	0	0	0	1	0	1	0	0	0	0	0	0	2	2	0	0	0	0	1	0	0
WA-0074	gambiae	Madina	Delta	alive	0	1	0	0	0	1	0	0	0	0	0	0	0	0	2	2	0	1	1	0	1	0	0
WA-0075	gambiae	Madina	Delta	alive	0	0	0	0	1	1	0	0	0	0	0	0	0	1	2	2	0	2	1	0	1	0	1
WA-0076	gambiae	Madina	Delta	alive	0	0	0	0	1	1	0	0	0	0	0	0	0	1	2	2	0	1	0	0	0	0	2
WA-0077	gambiae	Madina	Delta	alive	0	0	0	0	1	1	0	0	0	0	0	0	0	1	2	2	0	2	1	0	1	0	2
WA-0079	gambiae	Madina	Delta	alive	0	0	0	0	1	0	0	0	0	0	0	0	0	2	2	2	0	0	1	0	1	0	1
WA-0081	gambiae	Madina	Delta	alive	0	0	0	0	1	1	0	0	0	0	0	0	0	1	2	2	0	2	1	0	1	0	2
WA-0082	gambiae	Madina	Delta	alive	0	0	0	0	1	1	0	0	0	0	0	0	0	1	2	2	0	2	0	0	1	0	2
WA-0083	gambiae	Madina	Delta	alive	0	0	0	0	0	2	0	0	0	0	0	0	0	0	2	2	0	1	1	0	0	0	2
WA-0084	gambiae	Madina	Delta	alive	0	1	0	0	0	0	0	1	0	0	0	0	0	0	2	2	0	0	1	0	1	0	0
WA-0085	gambiae	Madina	Delta	alive	0	0	0	0	0	2	0	0	0	0	0	0	0	0	2	2	0	2	2	0	1	0	2
WA-0086	gambiae	Madina	Delta	alive	0	0	0	0	1	1	0	0	0	0	0	0	0	1	2	2	0	1	2	0	0	0	1
WA-0088	gambiae	Madina	Delta	alive	0	0	0	0	0	2	0	0	0	0	0	0	0	0	2	2	0	0	1	0	2	0	2
WA-0089	gambiae	Madina	Delta	alive	0	1	0	0	1	0	0	0	0	0	0	0	0	1	2	2	0	0	1	0	2	0	0
WA-0091	gambiae	Madina	Delta	alive	0	0	0	0	0	2	0	0	0	0	0	0	0	0	2	2	0	2	2	0	1	0	2
WA-0092	gambiae	Madina	Delta	alive	0	0	0	0	0	1	1	0	0	0	0	0	0	0	2	2	0	2	1	0	2	0	1
WA-0094	gambiae	Madina	Delta	alive	0	0	0	0	0	1	0	1	0	0	0	0	0	0	2	2	0	0	1	0	0	0	1
WA-0095	gambiae	Madina	Delta	alive	0	1	0	0	0	0	0	1	0	0	0	0	0	0	2	2	0	1	1	0	1	0	1
WA-0099	gambiae	Madina	Delta	alive	0	0	0	0	1	0	0	1	0	0	0	0	0	1	2	2	0	1	1	0	1	0	2
WA-0102	gambiae	Madina	Delta	alive	0	0	0	0	0	1	0	1	0	0	0	0	0	0	2	2	0	0	1	1	1	0	0
WA-0104	gambiae	Madina	Delta	alive	0	0	0	0	2	0	0	0	0	0	0	0	0	2	2	2	0	1	0	0	1	0	1
WA-0106	gambiae	Madina	Delta	alive	0	0	0	0	2	0	0	0	0	0	0	0	0	2	2	1	0	1	2	0	1	0	2
WA-0107	gambiae	Madina	Delta	alive	0	0	0	0	1	1	0	0	0	0	0	0	0	1	2	2	0	1	1	1	1	0	1
WA-0108	gambiae	Madina	Delta	alive	0	1	0	0	1	0	0	0	0	0	0	0	0	1	2	2	0	1	1	0	1	0	2
WA-0109	gambiae	Madina	Delta	alive	0	0	0	0	1	1	0	0	0	0	0	0	0	1	2	2	0	1	1	0	2	0	1
WA-0110	gambiae	Madina	Delta	alive	0	0	0	0	0	1	0	0	0	0	0	0	0	0	2	1	0	0	1	1	0	0	1
WA-0111	gambiae	Madina	Delta	alive	0	0	0	0	2	0	0	0	0	0	0	0	0	2	2	2	0	0	2	0	1	0	0
WA-0112	gambiae	Madina	Delta	alive	0	0	0	0	1	1	0	0	0	0	0	0	0	1	2	2	0	0	1	0	2	0	1
WA-0117	gambiae	Madina	Delta	alive	0	2	0	0	0	0	0	0	0	0	0	0	0	0	2	2	0	1	1	0	2	0	2
WA-0118	gambiae	Madina	Delta	alive	0	0	0	0	2	0	0	0	0	0	0	0	0	2	2	2	0	2	1	0	0	0	2
WA-0120	gambiae	Madina	Delta	alive	0	0	0	0	1	1	0	0	0	0	0	0	0	1	2	2	0	1	1	0	1	0	1
WA-0123	gambiae	Madina	Delta	alive	0	1	0	0	0	1	0	0	0	0	0	0	0	0	2	2	0	2	1	0	1	0	2
WA-0124	gambiae	Madina	Delta	alive	0	0	0	0	1	1	0	0	0	0	0	0	0	1	2	1	0	0	1	0	0	0	2
WA-0125	gambiae	Madina	Delta	alive	0	0	0	0	0	2	0	0	0	0	0	0	0	0	2	2	0	2	2	0	2	0	2
WA-0126	gambiae	Madina	Delta	alive	0	0	0	0	0	2	0	0	0	0	0	0	0	0	2	2	0	1	2	0	1	0	1
WA-0127	gambiae	Madina	Delta	alive	0	0	0	0	0	2	0	0	0	0	0	0	0	0	2	2	0	0	1	0	1	0	0
WA-0131	gambiae	Madina	Delta	alive	0	0	0	0	1	1	0	0	0	0	0	0	0	1	2	2	0	1	1	0	1	0	1
WA-0132	gambiae	Madina	Delta	alive	0	0	0	0	0	2	0	0	0	0	0	0	0	0	2	2	0	0	1	0	0	0	1
WA-0133	gambiae	Madina	Delta	alive	0	0	0	0	1	1	0	0	0	0	0	0	0	1	2	2	0	1	2	0	2	0	0
WA-0134	gambiae	Madina	Delta	alive	0	0	0	0	2	0	0	0	0	0	0	0	0	2	2	2	0	0	1	0	2	0	0
WA-0135	gambiae	Madina	Delta	alive	0	0	0	0	1	1	0	0	0	0	0	0	0	1	2	2	0	1	2	0	1	0	1
WA-0136	gambiae	Madina	Delta	alive	0	0	0	0	0	1	0	1	0	0	0	0	0	0	2	2	0	1	1	0	1	0	2
WA-0137	gambiae	Madina	Delta	alive	0	1	0	0	0	1	0	0	0	0	0	0	0	0	2	2	0	1	2	0	1	0	1
WA-0138	gambiae	Madina	Delta	alive	0	0	0	0	0	2	0	0	0	0	0	0	0	0	2	2	0	0	2	0	1	0	0
WA-0140	gambiae	Madina	Delta	alive	0	0	0	0	1	1	0	0	0	0	0	0	0	1	2	2	0	0	1	0	1	0	0
WA-0141	gambiae	Madina	Delta	alive	0	0	0	0	1	1	0	0	0	0	0	0	0	1	2	2	0	1	1	0	1	0	2
WA-0142	gambiae	Madina	Delta	alive	0	0	0	0	1	1	0	0	0	0	0	0	0	1	2	2	0	2	1	0	0	0	2
WA-0143	gambiae	Madina	Delta	alive	0	0	0	0	0	2	0	0	0	0	0	0	0	0	2	2	0	2	1	0	0	0	1
WA-0146	gambiae	Madina	Delta	alive	0	0	0	0	0	2	0	0	0	0	0	0	0	0	2	2	0	2	1	0	2	0	2
WA-0148	gambiae	Madina	Delta	alive	0	0	0	0	0	2	0	0	0	0	0	0	0	0	2	2	0	2	2	0	1	0	2
WA-0149	gambiae	Madina	Delta	alive	0	0	0	0	2	0	0	0	0	0	0	0	0	2	2	2	0	0	1	0	2	0	1
WA-0150	gambiae	Madina	Delta	alive	0	0	0	0	0	1	0	0	0	0	0	0	0	1	2	2	0	0	2	0	2	0	0
WA-0151	gambiae	Madina	Delta	alive	0	0	0	0	1	1	0	0	0	0	0	0	0	1	2	2	0	0	1	0	1	0	1
WA-0152	gambiae	Madina	Delta	alive	0	0	0	0	2	0	0	0	0	0	0	0	0	2	2	2	0	0	2	0	0	0	2
WA-0153	gambiae	Madina	Delta	alive	0	0	0	0	0	2	0	0	0	0	0	0	0	0	2	2	0	1	1	0	1	0	1
WA-0154	gambiae	Madina	Delta	alive	0	0	0	0	2	0	0	0	0	0	0	0	0	2	2	2	0	0	1	0	0	0	1
WA-0155	gambiae	Madina	Delta	alive	0	0	0	0	1	1	0	0	0	0	0	0	0	1	2	2	0	2	2	0	2	0	1
WA-0157	gambiae	Madina	Delta	alive	0	0	0	0	2	0	0	0	0	0	0	0	0	2	2	2	0	2	1	0	2	0	2
WA-0158	gambiae	Madina	Delta	alive	0	0	0	0	0	1	1	0	0	0	0	0	0	0	2	2	0	0	1	0	2	0	0
WA-0159	gambiae	Madina	Delta	alive	0	0	0	0	1	0	0	0	0	0	0	0	0	1	2	2	0	0	1	0	0	0	1
WA-0160	gambiae	Madina	Delta	alive	0	0	0	0	1	1	0	0	0	0	0	0	0	1	2	2	0	2	1	0	1	0	1
WA-0162	gambiae	Madina	Delta	alive	0	0	0	0	0	2	0	0	0	0	0	0	0	0	2	2	0	1	2	0	2	0	1
WA-0165	gambiae	Madina	Delta	alive	0	0	0	0	0	2	0	0	0	0	0	0	0	0	2	2	0	0	2	0	2	0	1
WA-0167	gambiae	Madina	Delta	alive	0	0	0	0	1	1	0	0	0	0	0	0	0	1	2	2	0	1	2	1	0	0	2
WA-0442	gambiae	Madina	PM	dead	0	0	0	0	1	0	0	1	0	0	0	0	0	1	2	2	0	1	1	0	2	0	1
WA-0444	gambiae	Madina	PM	dead	0	0	0	0	1	1	0	0	0	0	0	0	0	1	2	2	0	1	1	0	0	0	1
WA-0451	gambiae	Madina	PM	dead	0	0	0	0	1	1	0	0	0	0	0	0	0	1	2	2	0	0	1	0	1	0	1
WA-0452	gambiae	Madina	PM	dead	0	1	0	0	1	0	0	0	0	0	0	0	0	1	2	2	0	0	0	0	1	0	2
WA-0455	gambiae	Madina	PM	dead	0	0	0	0	1	1	0	0	0	0	0	0	0	1	2	2	0	1	1	0	0	0	1
WA-0457	gambiae	Madina	PM	dead	0	0	0	0	0	1	1	0	0	0	0	0	0	0	2	2	0	1	1	0	0	0	1
WA-0458	gambiae	Madina	PM	dead	0	0	0	0	0	2	0	0	0	0	0	0	0	0	2	2	0	1	1	0	1	0	1
WA-0459	gambiae	Madina	PM	dead	0	0	0	0	0	2	0	0	0	0	0	0	0	0	2	2	0	0	1	0	2	0	1
WA-0460	gambiae	Madina	PM	dead	0	0	0	0	0	2	0	0	0	0	0	0	0	0	2	2	0	2	0	0	1	0	2
WA-0463	gambiae	Madina	PM	dead	0	0	0	0	2	0	0	0	0	0	0	0	0	2	2	2	0	0	1	0	1	0	1
WA-0464	gambiae	Madina	PM	dead	0	0	0	0	1	0	1	0	0	0	0	0	0	1	2	2	0	0	1	1	0	0	0
WA-0466	gambiae	Madina	PM	dead	0	0	0	0	0	2	0	0	0	0	0	0	0	0	2	2	0	0	1	0	0	0	2
WA-0468	gambiae	Madina	PM	dead	0	0	0	0	1	0	0	0	0	0	0	0	0	1	2	2	0	2	1	0	1	0	2
WA-0472	gambiae	Madina	PM	dead	0	0	0	0	0	2	0	0	0	0	0	0	0	0	2	2	0	1	0	0	1	0	2
WA-0473	gambiae	Madina	PM	dead	0	0	0	0	0	1	0	1	0	0	0	0	0	0	2	2	0	1	1	0	2	0	1
WA-0474	gambiae	Madina	PM	dead	0	0	0	0	1	1	0	0	0	0	0	0	0	1	2	2	0	2	1	0	1	0	1
WA-0477	gambiae	Madina	PM	dead	0	0	0	0	1	1	0	0	0	0	0	0	0	1	2	2	0	2	1	0	0	0	2
WA-0479	gambiae	Madina	PM	dead	0	0	0	0	0	2	0	0	0	0	0	0	0	0	2	2	0	0	1	1	1	0	0
WA-0480	gambiae	Madina	PM	dead	0	1	0	0	1	0	0	0	0	0	0	0	0	1	2	2	0	1	1	0	1	0	2
WA-0483	gambiae	Madina	PM	dead	0	0	0	0	1	1	0	0	0	0	0	0	0	1	2	2	0	0	0	1	1	0	2
WA-0484	gambiae	Madina	PM	dead	0	1	0	0	0	1	0	0	0	0	0	0	0	0	2	2	0	2	1	0	1	0	2
WA-0485	gambiae	Madina	PM	dead	0	1	0	0	0	1	0	0	0	0	0	0	0	0	2	2	0	1	1	0	1	0	1
WA-0486	gambiae	Madina	PM	dead	0	0	0	0	2	0	0	0	0	0	0	0	0	2	2	2	0	1	1	1	1	0	0
WA-0487	gambiae	Madina	PM	dead	0	0	0	0	1	1	0	0	0	0	0	0	0	1	2	2	0	1	0	0	0	0	0
WA-0488	gambiae	Madina	PM	dead	0	0	0	0	2	0	0	0	0	0	0	0	0	2	2	2	0	2	1	0	1	0	2
WA-0489	gambiae	Madina	PM	dead	0	0	0	0	1	1	0	0	0	0	0	0	0	1	2	2	0	1	0	0	1	0	0
WA-0492	gambiae	Madina	PM	dead	0	1	0	0	0	1	0	0	0	0	0	0	0	0	2	2	0	0	0	0	0	0	1
WA-0498	gambiae	Madina	PM	alive	0	0	0	0	1	1	0	0	0	0	0	0	0	1	2	2	0	1	2	0	0	0	2
WA-0503	gambiae	Madina	PM	alive	0	0	0	0	1	1	0	0	0	0	0	0	0	1	2	2	0	2	2	0	2	0	2
WA-0506	gambiae	Madina	PM	alive	0	0	0	0	1	0	0	1	0	0	0	0	0	1	2	2	0	2	2	0	1	0	1
WA-0510	gambiae	Madina	PM	alive	0	0	0	0	1	1	0	0	0	0	0	0	0	1	2	2	0	1	2	0	0	0	1
WA-0515	gambiae	Madina	PM	alive	0	0	0	0	1	1	0	0	0	0	0	0	0	1	2	2	0	0	2	0	1	0	1
WA-0517	gambiae	Madina	PM	alive	0	0	0	0	1	0	1	0	0	0	0	0	0	1	2	2	0	1	2	0	2	0	1
WA-0518	gambiae	Madina	PM	alive	0	0	0	0	1	1	0	0	0	0	0	0	0	1	2	2	0	1	1	1	0	0	1
WA-0519	gambiae	Madina	PM	alive	0	0	0	0	2	0	0	0	0	0	0	0	0	2	2	2	0	2	2	0	1	0	2
WA-0521	gambiae	Madina	PM	alive	0	0	0	0	1	1	0	0	0	0	0	0	0	1	2	2	0	1	2	0	1	0	1
WA-0523	gambiae	Madina	PM	alive	0	2	0	0	0	0	0	0	0	0	0	0	0	0	2	2	0	0	2	0	1	0	1
WA-0524	gambiae	Madina	PM	alive	0	0	0	0	0	2	0	0	0	0	0	0	0	0	2	2	0	1	2	0	1	0	1
WA-0525	gambiae	Madina	PM	alive	0	0	0	0	1	1	0	0	0	0	0	0	0	1	2	2	0	1	1	0	2	0	1
WA-0526	gambiae	Madina	PM	alive	0	0	0	0	0	2	0	0	0	0	0	0	0	0	2	2	0	1	2	0	1	0	2
WA-0528	gambiae	Madina	PM	alive	0	1	0	0	1	0	0	0	0	0	0	0	0	1	2	2	0	1	2	0	2	0	1
WA-0529	gambiae	Madina	PM	alive	0	1	0	0	1	0	0	0	0	0	0	0	0	1	2	1	0	0	1	0	1	0	1
WA-0530	gambiae	Madina	PM	alive	0	1	0	0	1	0	0	0	0	0	0	0	0	1	2	2	0	1	2	1	1	0	1
WA-0531	gambiae	Madina	PM	alive	0	0	0	0	1	1	0	0	0	0	0	0	0	1	2	2	0	1	2	0	2	0	1
WA-0532	gambiae	Madina	PM	alive	0	0	0	0	1	1	0	0	0	0	0	0	0	1	2	2	0	1	2	0	2	0	2
WA-0533	gambiae	Madina	PM	alive	0	0	0	0	1	0	1	0	0	0	0	0	0	1	2	2	0	0	1	0	1	0	0
WA-0534	gambiae	Madina	PM	alive	0	0	0	0	1	0	0	1	0	0	0	0	0	1	2	2	0	1	1	0	2	0	2
WA-0537	gambiae	Madina	PM	alive	0	0	0	0	1	1	0	0	0	0	0	0	0	1	2	2	0	1	2	0	0	0	2
WA-0540	gambiae	Madina	PM	alive	0	0	0	0	1	0	0	0	0	0	0	0	0	1	2	2	0	1	2	0	1	0	1
WA-0550	gambiae	Madina	PM	alive	0	0	0	0	0	1	0	1	0	0	0	0	0	0	2	2	0	2	1	0	1	0	1
WA-0563	gambiae	Madina	PM	alive	0	0	0	0	0	2	0	0	0	0	0	0	0	0	2	2	0	2	2	0	0	0	2
WA-0572	gambiae	Madina	PM	alive	0	1	0	0	0	0	0	0	0	0	0	0	0	1	2	2	0	1	1	0	1	0	1
WA-0573	gambiae	Madina	PM	alive	0	0	0	0	2	0	0	0	0	0	0	0	0	2	2	2	0	1	1	0	2	0	1
WA-0575	gambiae	Madina	PM	alive	0	0	0	0	1	1	0	0	0	0	0	0	0	1	2	2	0	2	2	0	1	0	2
WA-0576	gambiae	Madina	PM	alive	0	0	0	0	1	1	0	0	0	0	0	0	0	1	2	2	0	1	2	0	0	0	2
WA-0578	gambiae	Madina	PM	alive	0	1	0	0	0	1	0	0	0	0	0	0	0	0	2	2	0	0	1	0	2	0	2
WA-0579	gambiae	Madina	PM	alive	0	0	0	0	1	1	0	0	0	0	0	0	0	1	2	2	0	1	2	0	0	0	2
WA-0580	gambiae	Madina	PM	alive	0	1	0	0	1	0	0	0	0	0	0	0	0	1	2	2	0	2	2	0	1	0	2
WA-0581	gambiae	Madina	PM	alive	0	0	0	0	1	1	0	0	0	0	0	0	0	1	2	1	0	1	1	0	0	0	2
WA-0583	gambiae	Madina	PM	alive	0	0	0	0	1	1	0	0	0	0	0	0	0	1	2	2	0	2	1	0	1	0	2
WA-0585	gambiae	Madina	PM	alive	0	0	0	0	1	0	0	1	0	0	0	0	0	1	2	2	0	1	1	0	0	0	1
WA-0586	gambiae	Madina	PM	alive	0	0	0	0	0	2	0	0	0	0	0	0	0	0	2	2	0	1	2	0	1	0	2
WA-0587	gambiae	Madina	PM	alive	0	0	0	0	1	0	0	0	0	0	0	0	0	2	2	2	0	1	1	0	0	0	1
WA-0589	gambiae	Madina	PM	alive	0	0	0	0	2	0	0	0	0	0	0	0	0	2	2	2	0	1	2	1	1	0	2
WA-0592	gambiae	Madina	PM	alive	0	0	0	0	1	0	0	0	0	0	0	0	0	1	2	2	0	2	2	0	2	0	2
WA-0168	gambiae	Obuasi	Delta	dead	0	0	0	0	2	0	0	0	0	0	0	0	0	2	2	2	0	1	2	0	1	0	1
WA-0169	gambiae	Obuasi	Delta	dead	0	0	0	0	2	0	0	0	0	0	0	0	0	2	2	1	0	0	2	0	0	0	0
WA-0171	gambiae	Obuasi	Delta	dead	0	0	0	0	2	0	0	0	0	0	0	0	0	2	2	0	0	1	2	0	0	0	1
WA-0174	gambiae	Obuasi	Delta	dead	0	0	0	0	2	0	0	0	0	0	0	0	0	2	2	1	0	1	2	0	1	0	0
WA-0175	gambiae	Obuasi	Delta	dead	0	0	0	0	1	1	0	0	0	0	0	0	0	1	2	1	0	2	2	0	1	0	1
WA-0176	gambiae	Obuasi	Delta	dead	0	1	0	0	0	0	0	1	0	0	0	0	0	0	2	0	0	1	1	0	0	0	1
WA-0179	gambiae	Obuasi	Delta	dead	0	0	0	0	1	0	0	1	0	0	0	0	0	1	2	1	0	1	2	1	0	0	1
WA-0186	gambiae	Obuasi	Delta	dead	0	0	0	0	1	0	0	0	0	0	0	0	0	1	2	0	0	1	2	0	1	0	0
WA-0187	gambiae	Obuasi	Delta	dead	0	0	0	0	0	0	1	0	0	0	0	0	0	0	2	2	0	0	2	0	1	0	0
WA-0195	gambiae	Obuasi	Delta	dead	0	0	0	0	2	0	0	0	0	0	0	0	0	2	2	1	0	0	2	0	0	0	0
WA-0196	gambiae	Obuasi	Delta	dead	0	0	0	0	2	0	0	0	0	0	0	0	0	2	2	0	0	0	1	0	1	0	0
WA-0199	gambiae	Obuasi	Delta	dead	0	0	0	0	1	0	0	1	0	0	0	0	0	1	2	1	0	2	2	0	1	0	1
WA-0200	gambiae	Obuasi	Delta	dead	0	0	0	0	1	1	0	0	0	0	0	0	0	1	2	2	0	0	2	1	0	0	1
WA-0203	gambiae	Obuasi	Delta	dead	0	0	0	0	1	0	0	1	0	0	0	0	0	1	2	0	0	0	2	0	1	0	0
WA-0204	gambiae	Obuasi	Delta	dead	0	0	0	0	0	0	0	0	0	0	0	0	0	0	2	0	0	1	2	0	0	0	0
WA-0207	gambiae	Obuasi	Delta	dead	0	0	0	0	1	0	0	1	0	0	0	0	0	1	2	1	0	0	2	0	0	0	1
WA-0211	gambiae	Obuasi	Delta	dead	0	1	0	0	0	0	0	1	0	0	0	0	0	0	2	0	0	0	2	0	1	0	0
WA-0212	gambiae	Obuasi	Delta	dead	0	0	0	0	2	0	0	0	0	0	0	0	0	2	2	2	0	1	2	0	2	0	1
WA-0215	gambiae	Obuasi	Delta	dead	0	0	0	0	2	0	0	0	0	0	0	0	0	2	2	1	0	1	2	0	2	0	1
WA-0218	gambiae	Obuasi	Delta	dead	0	0	0	0	0	0	0	1	0	0	0	0	0	0	2	2	0	1	2	0	0	0	0
WA-0219	gambiae	Obuasi	Delta	dead	0	1	0	0	0	0	0	1	0	0	0	0	0	0	2	0	0	0	2	0	0	0	0
WA-0220	gambiae	Obuasi	Delta	dead	0	0	0	0	0	0	0	1	0	0	0	0	0	0	2	2	0	0	2	0	0	0	0
WA-0221	gambiae	Obuasi	Delta	dead	0	0	0	0	0	1	0	1	0	0	0	0	0	0	2	1	0	0	2	1	0	0	0
WA-0222	gambiae	Obuasi	Delta	dead	0	1	0	0	1	0	0	0	0	0	0	0	0	1	2	1	0	1	2	0	0	0	1
WA-0223	gambiae	Obuasi	Delta	dead	0	0	0	0	2	0	0	0	0	0	0	0	0	2	2	1	0	0	2	0	1	0	1
WA-0227	gambiae	Obuasi	Delta	dead	0	0	0	0	0	0	1	1	0	0	0	0	0	0	2	1	0	0	1	0	1	0	0
WA-0228	gambiae	Obuasi	Delta	dead	0	0	0	0	2	0	0	0	0	0	0	0	0	2	2	1	0	1	1	0	1	0	1
WA-0229	gambiae	Obuasi	Delta	dead	0	0	0	0	0	0	0	2	0	0	0	0	0	0	2	1	0	1	2	1	0	0	1
WA-0234	gambiae	Obuasi	Delta	dead	0	0	0	0	2	0	0	0	0	0	0	0	0	2	2	1	0	1	2	0	0	0	1
WA-0235	gambiae	Obuasi	Delta	dead	0	0	0	0	2	0	0	0	0	0	0	0	0	2	2	1	0	0	2	1	0	0	1
WA-0236	gambiae	Obuasi	Delta	dead	0	0	0	0	0	2	0	0	0	0	0	0	0	0	2	1	0	1	2	0	1	0	1
WA-0237	gambiae	Obuasi	Delta	dead	0	1	0	0	0	0	0	1	0	0	0	0	0	0	2	0	0	0	2	0	1	0	0
WA-0239	gambiae	Obuasi	Delta	dead	0	0	0	0	1	1	0	0	0	0	0	0	0	1	2	0	0	1	2	0	1	0	0
WA-0242	gambiae	Obuasi	Delta	dead	0	0	0	0	0	1	0	1	0	0	0	0	0	0	2	2	0	1	2	0	2	0	0
WA-0243	gambiae	Obuasi	Delta	dead	0	0	0	0	2	0	0	0	0	0	0	0	0	2	2	1	0	0	2	1	1	0	0
WA-0244	gambiae	Obuasi	Delta	dead	0	0	0	0	1	0	0	1	0	0	0	0	0	1	2	0	0	0	2	0	0	0	1
WA-0245	gambiae	Obuasi	Delta	dead	0	0	0	0	1	0	0	1	0	0	0	0	0	1	2	2	0	0	2	0	0	0	1
WA-0246	gambiae	Obuasi	Delta	dead	0	0	0	0	1	0	0	1	0	0	0	0	0	1	2	0	0	0	2	1	0	0	0
WA-0247	gambiae	Obuasi	Delta	dead	0	0	0	0	1	0	0	0	0	0	0	0	0	2	2	0	0	0	2	1	1	0	0
WA-0249	gambiae	Obuasi	Delta	dead	0	0	0	0	1	0	0	1	0	0	0	0	0	1	2	1	0	0	1	0	2	0	0
WA-0251	gambiae	Obuasi	Delta	dead	0	0	0	0	1	0	0	1	0	0	0	0	0	1	2	1	0	0	2	0	1	0	0
WA-0252	gambiae	Obuasi	Delta	dead	0	0	0	0	1	1	0	0	0	0	0	0	0	1	2	1	0	0	2	0	0	0	0
WA-0253	gambiae	Obuasi	Delta	dead	0	1	0	0	1	0	0	0	0	0	0	0	0	1	2	1	0	1	2	0	2	0	0
WA-0255	gambiae	Obuasi	Delta	dead	0	0	0	0	2	0	0	0	0	0	0	0	0	2	2	2	0	0	2	0	1	0	0
WA-0256	gambiae	Obuasi	Delta	dead	0	1	0	0	1	0	0	0	0	0	0	0	0	1	2	0	0	1	1	0	0	0	0
WA-0257	gambiae	Obuasi	Delta	dead	0	0	0	0	1	0	0	0	0	0	0	0	0	2	2	1	0	1	2	0	0	0	1
WA-0258	gambiae	Obuasi	Delta	dead	0	0	0	0	2	0	0	0	0	0	0	0	0	2	2	1	0	0	2	0	0	0	1
WA-0259	gambiae	Obuasi	Delta	dead	0	0	0	0	2	0	0	0	0	0	0	0	0	2	2	2	0	0	2	0	1	0	0
WA-0260	gambiae	Obuasi	Delta	dead	0	0	0	0	1	1	0	0	0	0	0	0	0	1	2	2	0	1	2	0	1	0	1
WA-0261	gambiae	Obuasi	Delta	dead	0	0	0	0	1	1	0	0	0	0	0	0	0	1	2	2	0	0	2	0	2	0	0
WA-0262	gambiae	Obuasi	Delta	dead	0	0	0	0	0	0	0	2	0	0	0	0	0	0	2	2	0	0	2	0	1	0	1
WA-0269	gambiae	Obuasi	Delta	alive	0	0	0	0	1	0	0	1	0	0	0	0	0	1	2	2	0	0	2	0	1	0	0
WA-0270	gambiae	Obuasi	Delta	alive	0	0	0	0	1	0	0	1	0	0	0	0	0	1	2	0	0	0	2	0	2	0	0
WA-0274	gambiae	Obuasi	Delta	alive	0	0	0	0	1	0	0	1	0	0	0	0	0	1	2	0	0	1	1	0	0	0	0
WA-0282	gambiae	Obuasi	Delta	alive	0	0	0	0	2	0	0	0	0	0	0	0	0	2	2	2	0	2	1	0	1	0	1
WA-0287	gambiae	Obuasi	Delta	alive	0	0	0	0	0	2	0	0	0	0	0	0	0	0	2	2	0	0	2	0	2	0	0
WA-0288	gambiae	Obuasi	Delta	alive	0	1	0	0	0	1	0	0	0	0	0	0	0	0	2	2	0	1	2	0	2	0	1
WA-0289	gambiae	Obuasi	Delta	alive	0	0	0	0	1	1	0	0	0	0	0	0	0	1	2	1	0	1	2	0	1	0	1
WA-0290	gambiae	Obuasi	Delta	alive	0	0	0	0	1	1	0	0	0	0	0	0	0	1	2	2	0	0	2	2	0	0	0
WA-0291	gambiae	Obuasi	Delta	alive	0	0	0	0	1	0	0	1	0	0	0	0	0	1	2	1	0	0	2	0	1	0	0
WA-0292	gambiae	Obuasi	Delta	alive	0	1	0	0	1	0	0	0	0	0	0	0	0	1	2	0	0	0	2	0	1	0	0
WA-0294	gambiae	Obuasi	Delta	alive	0	1	0	0	1	0	0	0	0	0	0	0	0	1	2	1	0	0	2	0	1	0	1
WA-0295	gambiae	Obuasi	Delta	alive	0	0	0	0	1	0	0	0	0	0	0	0	0	1	2	2	0	1	2	1	0	0	1
WA-0296	gambiae	Obuasi	Delta	alive	0	0	0	0	1	0	0	1	0	0	0	0	0	1	2	1	0	0	2	0	1	0	0
WA-0297	gambiae	Obuasi	Delta	alive	0	0	0	0	0	0	0	2	0	0	0	0	0	0	2	1	0	0	2	0	2	0	0
WA-0298	gambiae	Obuasi	Delta	alive	0	0	0	0	1	1	0	0	0	0	0	0	0	1	2	1	0	0	1	0	1	0	0
WA-0299	gambiae	Obuasi	Delta	alive	0	0	0	0	1	0	0	0	0	0	0	0	0	2	2	1	0	0	2	0	0	0	0
WA-0306	gambiae	Obuasi	Delta	alive	0	0	0	0	0	1	0	0	0	0	0	0	0	1	2	0	0	0	2	0	2	0	0
WA-0309	gambiae	Obuasi	Delta	alive	0	1	0	0	0	1	0	0	0	0	0	0	0	0	2	1	0	0	2	0	1	0	0
WA-0310	gambiae	Obuasi	Delta	alive	0	0	0	0	2	0	0	0	0	0	0	0	0	2	2	1	0	0	2	0	2	0	0
WA-0313	gambiae	Obuasi	Delta	alive	0	0	0	0	1	0	0	0	0	0	0	0	0	2	2	1	0	0	2	0	1	0	1
WA-0314	gambiae	Obuasi	Delta	alive	0	0	0	0	0	0	0	1	0	0	0	0	0	1	2	1	0	0	2	0	1	0	0
WA-0317	gambiae	Obuasi	Delta	alive	0	0	0	0	1	0	0	0	0	0	0	0	0	2	2	1	0	1	2	0	0	0	1
WA-0318	gambiae	Obuasi	Delta	alive	0	0	0	0	1	0	0	1	0	0	0	0	0	1	2	2	0	0	2	0	2	0	1
WA-0319	gambiae	Obuasi	Delta	alive	0	0	0	0	0	0	0	1	0	0	0	0	0	0	2	1	0	0	1	0	0	0	0
WA-0320	gambiae	Obuasi	Delta	alive	0	1	0	0	0	0	0	1	0	0	0	0	0	0	2	0	0	1	2	0	0	0	1
WA-0321	gambiae	Obuasi	Delta	alive	0	0	0	0	2	0	0	0	0	0	0	0	0	2	2	0	0	0	2	0	0	0	0
WA-0322	gambiae	Obuasi	Delta	alive	0	1	0	0	0	0	0	1	0	0	0	0	0	0	2	2	0	1	2	0	1	0	1
WA-0593	gambiae	Obuasi	PM	dead	0	0	0	0	1	1	0	0	0	0	0	0	0	1	2	2	0	1	2	0	0	0	0
WA-0594	gambiae	Obuasi	PM	dead	0	0	0	0	1	1	0	0	0	0	0	0	0	1	2	0	0	0	1	0	2	0	0
WA-0596	gambiae	Obuasi	PM	dead	0	0	0	0	1	1	0	0	0	0	0	0	0	1	2	0	0	0	1	0	0	0	0
WA-0597	gambiae	Obuasi	PM	dead	0	0	0	0	1	0	0	0	0	0	0	0	0	2	2	0	0	0	1	0	1	0	0
WA-0598	gambiae	Obuasi	PM	dead	0	0	0	0	1	0	0	1	0	0	0	0	0	1	2	1	0	0	1	0	1	0	0
WA-0599	gambiae	Obuasi	PM	dead	0	0	0	0	2	0	0	0	0	0	0	0	0	2	2	1	0	0	2	1	0	0	0
WA-0600	gambiae	Obuasi	PM	dead	0	1	0	0	1	0	0	0	0	0	0	0	0	1	2	2	0	2	1	0	1	0	2
WA-0601	gambiae	Obuasi	PM	dead	0	0	0	0	1	1	0	0	0	0	0	0	0	1	2	0	0	1	1	1	1	0	1
WA-0604	gambiae	Obuasi	PM	dead	0	0	0	0	0	1	0	1	0	0	0	0	0	0	2	1	0	0	2	0	0	0	0
WA-0605	gambiae	Obuasi	PM	dead	0	0	0	0	2	0	0	0	0	0	0	0	0	2	2	1	0	1	2	0	2	0	0
WA-0606	gambiae	Obuasi	PM	dead	0	0	0	0	1	0	1	0	0	0	0	0	0	1	2	1	0	0	2	0	2	0	0
WA-0608	gambiae	Obuasi	PM	dead	0	0	0	0	1	0	1	0	0	0	0	0	0	1	2	0	0	1	2	0	1	0	0
WA-0609	gambiae	Obuasi	PM	dead	0	0	0	0	2	0	0	0	0	0	0	0	0	2	2	0	0	1	2	0	1	0	0
WA-0610	gambiae	Obuasi	PM	dead	0	0	0	0	1	0	0	0	0	0	0	0	0	1	2	2	0	0	2	1	0	0	0
WA-0611	gambiae	Obuasi	PM	dead	0	0	0	0	1	1	0	0	0	0	0	0	0	1	2	2	0	0	2	0	1	0	0
WA-0612	gambiae	Obuasi	PM	dead	0	0	0	0	1	1	0	0	0	0	0	0	0	1	2	0	0	0	2	0	0	0	0
WA-0613	gambiae	Obuasi	PM	dead	0	0	0	0	2	0	0	0	0	0	0	0	0	2	2	1	0	0	1	1	0	0	0
WA-0614	gambiae	Obuasi	PM	dead	0	0	0	0	2	0	0	0	0	0	0	0	0	2	2	1	0	0	2	0	1	0	0
WA-0615	gambiae	Obuasi	PM	dead	0	0	0	0	1	1	0	0	0	0	0	0	0	1	2	1	0	1	1	0	1	0	1
WA-0616	gambiae	Obuasi	PM	dead	0	0	0	0	1	0	0	1	0	0	0	0	0	1	2	1	0	0	1	0	1	0	0
WA-0617	gambiae	Obuasi	PM	dead	0	0	0	0	1	0	0	1	0	0	0	0	0	1	2	1	0	1	2	0	1	0	1
WA-0618	gambiae	Obuasi	PM	dead	0	0	0	0	2	0	0	0	0	0	0	0	0	2	2	2	0	0	1	0	0	0	1
WA-0619	gambiae	Obuasi	PM	dead	0	0	0	0	1	1	0	0	0	0	0	0	0	1	2	1	0	0	1	1	0	0	0
WA-0620	gambiae	Obuasi	PM	dead	0	0	0	0	0	2	0	0	0	0	0	0	0	0	2	2	0	1	2	0	1	0	0
WA-0621	gambiae	Obuasi	PM	dead	0	0	0	0	2	0	0	0	0	0	0	0	0	2	2	1	0	2	1	0	0	0	2
WA-0623	gambiae	Obuasi	PM	dead	0	0	0	0	1	0	0	1	0	0	0	0	0	1	2	1	0	0	2	0	1	0	0
WA-0626	gambiae	Obuasi	PM	dead	0	0	0	0	1	0	0	0	0	0	0	0	0	1	2	1	0	1	2	0	1	0	0
WA-0627	gambiae	Obuasi	PM	dead	0	0	0	0	1	0	0	0	0	0	0	0	0	1	2	1	0	1	1	0	0	0	0
WA-0629	gambiae	Obuasi	PM	dead	0	0	0	0	1	1	0	0	0	0	0	0	0	1	2	1	0	1	2	0	0	0	1
WA-0630	gambiae	Obuasi	PM	dead	0	0	0	0	1	1	0	0	0	0	0	0	0	1	2	1	0	0	2	0	1	0	0
WA-0631	gambiae	Obuasi	PM	dead	0	0	0	0	0	0	0	2	0	0	0	0	0	0	2	2	0	1	2	0	1	0	0
WA-0632	gambiae	Obuasi	PM	dead	0	0	0	0	1	1	0	0	0	0	0	0	0	1	2	2	0	1	2	0	1	0	1
WA-0633	gambiae	Obuasi	PM	dead	0	0	0	0	0	0	0	2	0	0	0	0	0	0	2	2	0	1	2	0	0	0	0
WA-0635	gambiae	Obuasi	PM	dead	0	1	0	0	1	0	0	0	0	0	0	0	0	1	2	1	0	2	2	0	1	0	1
WA-0636	gambiae	Obuasi	PM	dead	0	0	0	0	1	0	0	1	0	0	0	0	0	1	2	1	0	0	2	0	1	0	0
WA-0637	gambiae	Obuasi	PM	dead	0	0	1	0	0	1	0	0	0	0	0	0	0	0	2	1	0	0	1	0	0	0	0
WA-0638	gambiae	Obuasi	PM	dead	0	0	0	0	1	0	0	0	0	0	0	0	0	1	2	1	0	0	2	0	0	0	0
WA-0639	gambiae	Obuasi	PM	dead	0	0	0	0	2	0	0	0	0	0	0	0	0	2	2	2	0	0	2	1	1	0	0
WA-0641	gambiae	Obuasi	PM	dead	0	0	0	0	2	0	0	0	0	0	0	0	0	2	2	2	0	1	2	0	0	0	1
WA-0642	gambiae	Obuasi	PM	dead	0	0	0	0	0	2	0	0	0	0	0	0	0	0	2	1	0	0	2	1	1	0	0
WA-0643	gambiae	Obuasi	PM	dead	0	0	0	0	2	0	0	0	0	0	0	0	0	2	2	2	0	1	1	0	2	0	1
WA-0644	gambiae	Obuasi	PM	dead	0	1	0	0	0	0	0	1	0	0	0	0	0	0	2	1	0	0	2	0	2	0	0
WA-0645	gambiae	Obuasi	PM	dead	0	0	0	0	1	0	0	1	0	0	0	0	0	1	2	0	0	1	2	0	1	0	0
WA-0646	gambiae	Obuasi	PM	dead	0	0	0	0	2	0	0	0	0	0	0	0	0	2	2	1	0	0	2	0	2	0	0
WA-0647	gambiae	Obuasi	PM	dead	0	0	0	0	2	0	0	0	0	0	0	0	0	2	2	1	0	1	2	0	1	0	1
WA-0649	gambiae	Obuasi	PM	dead	0	0	0	0	1	0	0	1	0	0	0	0	0	1	2	1	0	1	2	0	1	0	1
WA-0650	gambiae	Obuasi	PM	dead	0	0	0	0	1	0	0	1	0	0	0	0	0	1	2	1	0	0	2	0	1	0	0
WA-0651	gambiae	Obuasi	PM	dead	0	0	0	0	0	1	0	1	0	0	0	0	0	0	2	0	0	0	2	0	2	0	0
WA-0653	gambiae	Obuasi	PM	dead	0	0	0	0	0	0	0	1	0	0	0	0	0	0	2	1	0	1	2	0	1	0	1
WA-0655	gambiae	Obuasi	PM	dead	0	0	0	0	1	0	0	1	0	0	0	0	0	1	2	1	0	1	1	0	2	0	1
WA-0656	gambiae	Obuasi	PM	alive	0	0	0	0	1	0	0	1	0	0	0	0	0	1	2	1	0	1	1	1	1	0	0
WA-0657	gambiae	Obuasi	PM	alive	0	1	0	0	0	0	0	1	0	0	0	0	0	0	2	1	0	1	2	0	1	0	0
WA-0660	gambiae	Obuasi	PM	alive	0	0	0	0	2	0	0	0	0	0	0	0	0	2	2	2	0	0	2	0	2	0	0
WA-0662	gambiae	Obuasi	PM	alive	0	1	0	0	1	0	0	0	0	0	0	0	0	1	2	2	0	0	2	0	1	0	0
WA-0663	gambiae	Obuasi	PM	alive	0	0	0	0	2	0	0	0	0	0	0	0	0	2	2	1	0	0	2	0	2	0	0
WA-0665	gambiae	Obuasi	PM	alive	0	0	0	0	1	0	0	1	0	0	0	0	0	1	2	2	0	1	2	0	2	0	0
WA-0666	gambiae	Obuasi	PM	alive	0	0	0	0	1	0	1	0	0	0	0	0	0	1	2	2	0	0	2	0	1	0	0
WA-0667	gambiae	Obuasi	PM	alive	0	0	0	0	1	1	0	0	0	0	0	0	0	1	2	2	0	2	2	1	0	0	2
WA-0669	gambiae	Obuasi	PM	alive	0	0	0	0	0	0	0	2	0	0	0	0	0	0	2	1	0	1	2	0	0	0	1
WA-0670	gambiae	Obuasi	PM	alive	0	0	0	0	2	0	0	0	0	0	0	0	0	2	2	2	0	0	2	0	2	0	0
WA-0671	gambiae	Obuasi	PM	alive	0	0	0	0	1	0	0	0	0	0	0	0	0	1	2	1	0	0	2	0	0	0	0
WA-0674	gambiae	Obuasi	PM	alive	0	0	0	0	1	0	0	0	0	0	0	0	0	1	2	1	0	0	2	1	0	0	0
WA-0675	gambiae	Obuasi	PM	alive	0	0	0	0	1	1	0	0	0	0	0	0	0	1	2	0	0	2	1	1	1	0	1
WA-0676	gambiae	Obuasi	PM	alive	0	1	0	0	0	0	0	0	0	0	0	0	0	0	2	1	0	1	2	0	2	0	1
WA-0677	gambiae	Obuasi	PM	alive	0	0	0	0	1	0	0	0	0	0	0	0	0	2	2	1	0	0	2	0	2	0	0
WA-0678	gambiae	Obuasi	PM	alive	0	0	0	0	2	0	0	0	0	0	0	0	0	2	2	0	0	1	2	0	1	0	1
WA-0679	gambiae	Obuasi	PM	alive	0	0	0	0	1	1	0	0	0	0	0	0	0	1	2	2	0	1	2	0	1	0	1
WA-0680	gambiae	Obuasi	PM	alive	0	0	0	0	1	0	0	0	0	0	0	0	0	1	2	2	0	0	2	0	2	0	0
WA-0682	gambiae	Obuasi	PM	alive	0	1	0	0	1	0	0	0	0	0	0	0	0	1	2	2	0	0	2	0	0	0	0
WA-0685	gambiae	Obuasi	PM	alive	0	0	0	0	2	0	0	0	0	0	0	0	0	2	2	2	0	0	2	1	1	0	0
WA-0686	gambiae	Obuasi	PM	alive	0	0	0	0	1	0	0	1	0	0	0	0	0	1	2	1	0	0	2	0	0	0	0
WA-0687	gambiae	Obuasi	PM	alive	0	0	0	0	1	1	0	0	0	0	0	0	0	1	2	2	0	0	2	1	1	0	0
WA-0688	gambiae	Obuasi	PM	alive	0	0	0	0	0	1	0	1	0	0	0	0	0	0	2	2	0	1	2	0	2	0	1
WA-0689	gambiae	Obuasi	PM	alive	0	0	1	0	1	0	0	0	0	0	0	0	0	1	2	1	0	0	2	0	1	0	0
WA-0690	gambiae	Obuasi	PM	alive	0	0	0	0	1	0	0	0	0	0	0	0	0	1	2	1	0	2	2	0	1	0	0
WA-0691	gambiae	Obuasi	PM	alive	0	2	0	0	0	0	0	0	0	0	0	0	0	0	2	2	0	0	2	0	1	0	0
WA-0692	gambiae	Obuasi	PM	alive	0	0	0	0	1	0	0	0	0	0	0	0	0	2	2	1	0	0	2	0	1	0	0
WA-0693	gambiae	Obuasi	PM	alive	0	0	0	0	1	1	0	0	0	0	0	0	0	1	2	0	0	0	1	0	0	0	0
WA-0694	gambiae	Obuasi	PM	alive	0	1	0	0	0	0	0	1	0	0	0	0	0	0	2	1	0	0	2	0	1	0	0
WA-0695	gambiae	Obuasi	PM	alive	0	0	0	0	2	0	0	0	0	0	0	0	0	2	2	2	0	0	2	0	0	0	1
WA-0699	gambiae	Obuasi	PM	alive	0	0	0	0	1	0	0	1	0	0	0	0	0	1	2	1	0	0	2	0	1	0	0
WA-0701	gambiae	Obuasi	PM	alive	0	0	0	0	2	0	0	0	0	0	0	0	0	2	2	2	0	1	2	0	1	0	0
WA-0702	gambiae	Obuasi	PM	alive	0	1	0	0	1	0	0	0	0	0	0	0	0	1	2	0	0	1	2	2	0	0	1
WA-0703	gambiae	Obuasi	PM	alive	0	1	0	0	0	0	0	1	0	0	0	0	0	0	2	0	0	1	2	0	0	0	0
WA-0704	gambiae	Obuasi	PM	alive	0	0	0	0	1	0	0	0	0	0	0	0	0	1	2	1	0	0	2	0	0	0	0
WA-0705	gambiae	Obuasi	PM	alive	0	0	0	0	0	2	0	0	0	0	0	0	0	0	2	0	0	0	2	0	1	0	0
WA-0706	gambiae	Obuasi	PM	alive	0	0	0	0	2	0	0	0	0	0	0	0	0	2	2	1	0	0	2	0	1	0	1
WA-0707	gambiae	Obuasi	PM	alive	0	0	0	0	2	0	0	0	0	0	0	0	0	2	2	2	0	0	2	0	1	0	0
WA-0709	gambiae	Obuasi	PM	alive	0	0	0	0	1	0	0	1	0	0	0	0	0	1	2	0	0	0	2	0	0	0	0
WA-0710	gambiae	Obuasi	PM	alive	0	0	0	0	1	1	0	0	0	0	0	0	0	1	2	2	0	0	2	0	1	0	0
WA-0711	gambiae	Obuasi	PM	alive	0	0	0	0	2	0	0	0	0	0	0	0	0	2	2	1	0	0	2	0	0	0	1
WA-0712	gambiae	Obuasi	PM	alive	0	0	0	0	0	1	0	1	0	0	0	0	0	0	2	0	0	0	2	0	2	0	0
WA-0713	gambiae	Obuasi	PM	alive	0	0	0	0	2	0	0	0	0	0	0	0	0	2	2	2	0	0	2	0	0	0	0
WA-0714	gambiae	Obuasi	PM	alive	0	0	0	0	1	1	0	0	0	0	0	0	0	1	2	2	0	1	2	1	1	0	1
WA-0715	gambiae	Obuasi	PM	alive	0	0	0	0	2	0	0	0	0	0	0	0	0	2	2	2	0	0	2	1	1	0	0
WA-0716	gambiae	Obuasi	PM	alive	0	0	0	0	2	0	0	0	0	0	0	0	0	2	2	2	0	1	2	0	1	0	1
WA-0717	gambiae	Obuasi	PM	alive	0	0	0	0	1	1	0	0	0	0	0	0	0	1	2	0	0	1	2	1	0	0	0
WA-0718	gambiae	Obuasi	PM	alive	0	1	0	0	1	0	0	0	0	0	0	0	0	1	2	1	0	0	2	0	1	0	0
WA-0719	gambiae	Obuasi	PM	alive	0	0	0	0	1	1	0	0	0	0	0	0	0	1	2	1	0	0	2	0	0	0	0
WA-0720	gambiae	Obuasi	PM	alive	0	0	0	0	2	0	0	0	0	0	0	0	0	2	2	1	0	0	2	0	0	0	0
WA-0722	gambiae	Obuasi	PM	alive	0	0	0	0	1	0	0	1	0	0	0	0	0	1	2	1	0	0	2	0	0	0	0
WA-0723	gambiae	Obuasi	PM	alive	0	0	0	0	1	1	0	0	0	0	0	0	0	1	2	1	0	1	2	0	1	0	1
WA-0724	gambiae	Obuasi	PM	alive	0	0	0	0	2	0	0	0	0	0	0	0	0	2	2	1	0	1	2	0	0	0	1
WA-0725	gambiae	Obuasi	PM	alive	0	0	0	0	2	0	0	0	0	0	0	0	0	2	2	1	0	0	2	0	0	0	0
