Chrom	Pos	Ref	Alt	n_Ref_cluster_1	n_Alt_cluster_1	n_Ref_non_cluster	n_Alt_non_cluster	n_Ref_cluster_2	n_Alt_cluster_2	Info
2R	28401371	C	T	0	94	88	20			ANN=T|intron_variant|MODIFIER|AGAP002859|AGAP002859|transcript|AGAP002859-RA|protein_coding|1/8|c.-2227+3771C>T||||||
2R	28401412	C	T	0	94	38	70			ANN=T|intron_variant|MODIFIER|AGAP002859|AGAP002859|transcript|AGAP002859-RA|protein_coding|1/8|c.-2227+3812C>T||||||
2R	28401624	A	T	0	94	94	14			ANN=T|intron_variant|MODIFIER|AGAP002859|AGAP002859|transcript|AGAP002859-RA|protein_coding|1/8|c.-2227+4024A>T||||||
2R	28401932	A	T	0	94	0	108			ANN=T|intron_variant|MODIFIER|AGAP002859|AGAP002859|transcript|AGAP002859-RA|protein_coding|1/8|c.-2227+4332A>T||||||
2R	28401986	G	A	0	94	78	30			ANN=A|intron_variant|MODIFIER|AGAP002859|AGAP002859|transcript|AGAP002859-RA|protein_coding|1/8|c.-2227+4386G>A||||||
2R	28402128	C	T	0	94	50	58			ANN=T|intron_variant|MODIFIER|AGAP002859|AGAP002859|transcript|AGAP002859-RA|protein_coding|1/8|c.-2227+4528C>T||||||
2R	28402312	C	T	0	94	60	48			ANN=T|intron_variant|MODIFIER|AGAP002859|AGAP002859|transcript|AGAP002859-RA|protein_coding|1/8|c.-2227+4712C>T||||||
2R	28402448	T	G	0	94	103	5			ANN=G|intron_variant|MODIFIER|AGAP002859|AGAP002859|transcript|AGAP002859-RA|protein_coding|1/8|c.-2227+4848T>G||||||
2R	28402618	T	A	0	94	108	0			ANN=A|intron_variant|MODIFIER|AGAP002859|AGAP002859|transcript|AGAP002859-RA|protein_coding|1/8|c.-2227+5018T>A||||||
2R	28402696	A	G	0	94	108	0			ANN=G|intron_variant|MODIFIER|AGAP002859|AGAP002859|transcript|AGAP002859-RA|protein_coding|1/8|c.-2227+5096A>G||||||
2R	28402701	C	G	0	94	107	1			ANN=G|intron_variant|MODIFIER|AGAP002859|AGAP002859|transcript|AGAP002859-RA|protein_coding|1/8|c.-2227+5101C>G||||||
2R	28402741	C	T	91	3	102	6			ANN=T|intron_variant|MODIFIER|AGAP002859|AGAP002859|transcript|AGAP002859-RA|protein_coding|1/8|c.-2227+5141C>T||||||
2R	28402742	G	A	3	91	60	48			ANN=A|intron_variant|MODIFIER|AGAP002859|AGAP002859|transcript|AGAP002859-RA|protein_coding|1/8|c.-2227+5142G>A||||||
2R	28402775	T	C	0	94	0	108			ANN=C|intron_variant|MODIFIER|AGAP002859|AGAP002859|transcript|AGAP002859-RA|protein_coding|1/8|c.-2227+5175T>C||||||
2R	28402785	G	A	0	94	9	99			ANN=A|intron_variant|MODIFIER|AGAP002859|AGAP002859|transcript|AGAP002859-RA|protein_coding|1/8|c.-2227+5185G>A||||||
2R	28402861	G	A	0	94	101	7			ANN=A|intron_variant|MODIFIER|AGAP002859|AGAP002859|transcript|AGAP002859-RA|protein_coding|1/8|c.-2227+5261G>A||||||
2R	28403095	A	C	0	94	108	0			ANN=C|intron_variant|MODIFIER|AGAP002859|AGAP002859|transcript|AGAP002859-RA|protein_coding|1/8|c.-2227+5495A>C||||||
2R	28403176	G	C	0	94	17	91			ANN=C|intron_variant|MODIFIER|AGAP002859|AGAP002859|transcript|AGAP002859-RA|protein_coding|1/8|c.-2227+5576G>C||||||
2R	28403316	T	A	0	94	93	15			ANN=A|intron_variant|MODIFIER|AGAP002859|AGAP002859|transcript|AGAP002859-RA|protein_coding|1/8|c.-2227+5716T>A||||||
2R	28403383	T	C	0	94	0	108			ANN=C|intron_variant|MODIFIER|AGAP002859|AGAP002859|transcript|AGAP002859-RA|protein_coding|1/8|c.-2227+5783T>C||||||
2R	28403396	T	A	0	94	91	17			ANN=A|intron_variant|MODIFIER|AGAP002859|AGAP002859|transcript|AGAP002859-RA|protein_coding|1/8|c.-2227+5796T>A||||||
2R	28403398	T	C	0	94	14	94			ANN=C|intron_variant|MODIFIER|AGAP002859|AGAP002859|transcript|AGAP002859-RA|protein_coding|1/8|c.-2227+5798T>C||||||
2R	28403534	A	G	0	94	7	101			ANN=G|intron_variant|MODIFIER|AGAP002859|AGAP002859|transcript|AGAP002859-RA|protein_coding|1/8|c.-2227+5934A>G||||||
2R	28403642	C	T	0	94	104	4			ANN=T|intron_variant|MODIFIER|AGAP002859|AGAP002859|transcript|AGAP002859-RA|protein_coding|1/8|c.-2227+6042C>T||||||
2R	28403710	T	G	0	94	90	18			ANN=G|intron_variant|MODIFIER|AGAP002859|AGAP002859|transcript|AGAP002859-RA|protein_coding|1/8|c.-2227+6110T>G||||||
2R	28403909	A	G	0	94	6	102			ANN=G|intron_variant|MODIFIER|AGAP002859|AGAP002859|transcript|AGAP002859-RA|protein_coding|1/8|c.-2227+6309A>G||||||
2R	28404226	C	A	0	94	94	14			ANN=A|intron_variant|MODIFIER|AGAP002859|AGAP002859|transcript|AGAP002859-RA|protein_coding|1/8|c.-2227+6626C>A||||||
2R	28404316	T	A	0	94	107	1			ANN=A|intron_variant|MODIFIER|AGAP002859|AGAP002859|transcript|AGAP002859-RA|protein_coding|1/8|c.-2227+6716T>A||||||
2R	28404362	T	A	93	1	97	11			ANN=A|intron_variant|MODIFIER|AGAP002859|AGAP002859|transcript|AGAP002859-RA|protein_coding|1/8|c.-2227+6762T>A||||||
2R	28404374	A	C	0	94	12	96			ANN=C|intron_variant|MODIFIER|AGAP002859|AGAP002859|transcript|AGAP002859-RA|protein_coding|1/8|c.-2227+6774A>C||||||
2R	28404475	T	G	0	94	107	1			ANN=G|intron_variant|MODIFIER|AGAP002859|AGAP002859|transcript|AGAP002859-RA|protein_coding|1/8|c.-2227+6875T>G||||||
2R	28404593	G	A	0	94	106	2			ANN=A|intron_variant|MODIFIER|AGAP002859|AGAP002859|transcript|AGAP002859-RA|protein_coding|1/8|c.-2227+6993G>A||||||
2R	28404603	C	T	0	94	44	64			ANN=T|intron_variant|MODIFIER|AGAP002859|AGAP002859|transcript|AGAP002859-RA|protein_coding|1/8|c.-2227+7003C>T||||||
2R	28404619	T	C	0	94	76	32			ANN=C|intron_variant|MODIFIER|AGAP002859|AGAP002859|transcript|AGAP002859-RA|protein_coding|1/8|c.-2227+7019T>C||||||
2R	28404782	C	T	0	94	66	42			ANN=T|intron_variant|MODIFIER|AGAP002859|AGAP002859|transcript|AGAP002859-RA|protein_coding|1/8|c.-2227+7182C>T||||||
2R	28404894	A	T	0	94	105	3			ANN=T|intron_variant|MODIFIER|AGAP002859|AGAP002859|transcript|AGAP002859-RA|protein_coding|1/8|c.-2227+7294A>T||||||
2R	28404972	A	G	0	94	10	98			ANN=G|intron_variant|MODIFIER|AGAP002859|AGAP002859|transcript|AGAP002859-RA|protein_coding|1/8|c.-2227+7372A>G||||||
2R	28405090	C	T	0	94	89	19			ANN=T|intron_variant|MODIFIER|AGAP002859|AGAP002859|transcript|AGAP002859-RA|protein_coding|1/8|c.-2227+7490C>T||||||
2R	28405231	T	C	0	94	107	1			ANN=C|intron_variant|MODIFIER|AGAP002859|AGAP002859|transcript|AGAP002859-RA|protein_coding|1/8|c.-2227+7631T>C||||||
2R	28405248	G	C	0	94	13	95			ANN=C|intron_variant|MODIFIER|AGAP002859|AGAP002859|transcript|AGAP002859-RA|protein_coding|1/8|c.-2227+7648G>C||||||
2R	28405251	C	A	0	94	51	57			ANN=A|intron_variant|MODIFIER|AGAP002859|AGAP002859|transcript|AGAP002859-RA|protein_coding|1/8|c.-2227+7651C>A||||||
2R	28405347	T	C	0	94	0	108			ANN=C|intron_variant|MODIFIER|AGAP002859|AGAP002859|transcript|AGAP002859-RA|protein_coding|1/8|c.-2227+7747T>C||||||
2R	28405386	C	G	0	94	18	90			ANN=G|intron_variant|MODIFIER|AGAP002859|AGAP002859|transcript|AGAP002859-RA|protein_coding|1/8|c.-2227+7786C>G||||||
2R	28405677	A	G	0	94	6	102			ANN=G|intron_variant|MODIFIER|AGAP002859|AGAP002859|transcript|AGAP002859-RA|protein_coding|1/8|c.-2227+8077A>G||||||
2R	28405705	T	C	0	94	14	94			ANN=C|intron_variant|MODIFIER|AGAP002859|AGAP002859|transcript|AGAP002859-RA|protein_coding|1/8|c.-2227+8105T>C||||||
2R	28405788	C	T	0	94	59	49			ANN=T|intron_variant|MODIFIER|AGAP002859|AGAP002859|transcript|AGAP002859-RA|protein_coding|1/8|c.-2227+8188C>T||||||
2R	28405832	G	A	0	94	1	107			ANN=A|intron_variant|MODIFIER|AGAP002859|AGAP002859|transcript|AGAP002859-RA|protein_coding|1/8|c.-2227+8232G>A||||||
2R	28405838	A	G	0	94	7	101			ANN=G|intron_variant|MODIFIER|AGAP002859|AGAP002859|transcript|AGAP002859-RA|protein_coding|1/8|c.-2227+8238A>G||||||
2R	28405935	A	G	0	94	0	108			ANN=G|intron_variant|MODIFIER|AGAP002859|AGAP002859|transcript|AGAP002859-RA|protein_coding|1/8|c.-2227+8335A>G||||||
2R	28405963	T	C	0	94	90	18			ANN=C|intron_variant|MODIFIER|AGAP002859|AGAP002859|transcript|AGAP002859-RA|protein_coding|1/8|c.-2227+8363T>C||||||
2R	28406361	G	T	0	94	62	46			ANN=T|intron_variant|MODIFIER|AGAP002859|AGAP002859|transcript|AGAP002859-RA|protein_coding|1/8|c.-2227+8761G>T||||||
2R	28406444	A	C	0	94	66	42			ANN=C|intron_variant|MODIFIER|AGAP002859|AGAP002859|transcript|AGAP002859-RA|protein_coding|1/8|c.-2227+8844A>C||||||
2R	28406582	A	T	0	94	1	107			ANN=T|intron_variant|MODIFIER|AGAP002859|AGAP002859|transcript|AGAP002859-RA|protein_coding|1/8|c.-2227+8982A>T||||||
2R	28406856	G	A	0	94	98	10			ANN=A|intron_variant|MODIFIER|AGAP002859|AGAP002859|transcript|AGAP002859-RA|protein_coding|1/8|c.-2227+9256G>A||||||
2R	28407445	G	A	0	94	107	1			ANN=A|intron_variant|MODIFIER|AGAP002859|AGAP002859|transcript|AGAP002859-RA|protein_coding|1/8|c.-2227+9845G>A||||||
2R	28407454	A	G	0	94	0	108			ANN=G|intron_variant|MODIFIER|AGAP002859|AGAP002859|transcript|AGAP002859-RA|protein_coding|1/8|c.-2227+9854A>G||||||
2R	28407529	C	T	0	94	22	86			ANN=T|intron_variant|MODIFIER|AGAP002859|AGAP002859|transcript|AGAP002859-RA|protein_coding|1/8|c.-2227+9929C>T||||||
2R	28407557	T	A	0	94	102	6			ANN=A|intron_variant|MODIFIER|AGAP002859|AGAP002859|transcript|AGAP002859-RA|protein_coding|1/8|c.-2227+9957T>A||||||
2R	28407563	T	C	0	94	94	14			ANN=C|intron_variant|MODIFIER|AGAP002859|AGAP002859|transcript|AGAP002859-RA|protein_coding|1/8|c.-2227+9963T>C||||||
2R	28407576	A	T	0	94	0	108			ANN=T|intron_variant|MODIFIER|AGAP002859|AGAP002859|transcript|AGAP002859-RA|protein_coding|1/8|c.-2227+9976A>T||||||
2R	28407687	C	T	0	94	104	4			ANN=T|intron_variant|MODIFIER|AGAP002859|AGAP002859|transcript|AGAP002859-RA|protein_coding|1/8|c.-2227+10087C>T||||||
2R	28407688	C	T	0	94	104	4			ANN=T|intron_variant|MODIFIER|AGAP002859|AGAP002859|transcript|AGAP002859-RA|protein_coding|1/8|c.-2227+10088C>T||||||
2R	28407851	G	T	0	94	0	108			ANN=T|intron_variant|MODIFIER|AGAP002859|AGAP002859|transcript|AGAP002859-RA|protein_coding|1/8|c.-2227+10251G>T||||||
2R	28407859	A	C	0	94	86	22			ANN=C|intron_variant|MODIFIER|AGAP002859|AGAP002859|transcript|AGAP002859-RA|protein_coding|1/8|c.-2227+10259A>C||||||
2R	28407863	T	A	0	94	86	22			ANN=A|intron_variant|MODIFIER|AGAP002859|AGAP002859|transcript|AGAP002859-RA|protein_coding|1/8|c.-2227+10263T>A||||||
2R	28408068	C	T	0	94	106	2			ANN=T|intron_variant|MODIFIER|AGAP002859|AGAP002859|transcript|AGAP002859-RA|protein_coding|1/8|c.-2227+10468C>T||||||
2R	28408262	A	G	0	94	6	102			ANN=G|intron_variant|MODIFIER|AGAP002859|AGAP002859|transcript|AGAP002859-RA|protein_coding|1/8|c.-2226-10611A>G||||||
2R	28408379	T	C	0	94	0	108			ANN=C|intron_variant|MODIFIER|AGAP002859|AGAP002859|transcript|AGAP002859-RA|protein_coding|1/8|c.-2226-10494T>C||||||
2R	28408548	G	A	0	94	0	108			ANN=A|intron_variant|MODIFIER|AGAP002859|AGAP002859|transcript|AGAP002859-RA|protein_coding|1/8|c.-2226-10325G>A||||||
2R	28408552	C	A	0	94	9	99			ANN=A|intron_variant|MODIFIER|AGAP002859|AGAP002859|transcript|AGAP002859-RA|protein_coding|1/8|c.-2226-10321C>A||||||
2R	28408696	T	C	93	1	101	7			ANN=C|intron_variant|MODIFIER|AGAP002859|AGAP002859|transcript|AGAP002859-RA|protein_coding|1/8|c.-2226-10177T>C||||||
2R	28408747	T	C	93	1	108	0			ANN=C|intron_variant|MODIFIER|AGAP002859|AGAP002859|transcript|AGAP002859-RA|protein_coding|1/8|c.-2226-10126T>C||||||
2R	28408809	C	T	0	94	100	8			ANN=T|intron_variant|MODIFIER|AGAP002859|AGAP002859|transcript|AGAP002859-RA|protein_coding|1/8|c.-2226-10064C>T||||||
2R	28408962	T	G	93	1	108	0			ANN=G|intron_variant|MODIFIER|AGAP002859|AGAP002859|transcript|AGAP002859-RA|protein_coding|1/8|c.-2226-9911T>G||||||
2R	28408963	C	T	0	94	106	2			ANN=T|intron_variant|MODIFIER|AGAP002859|AGAP002859|transcript|AGAP002859-RA|protein_coding|1/8|c.-2226-9910C>T||||||
2R	28409204	G	A	87	7	104	4			ANN=A|intron_variant|MODIFIER|AGAP002859|AGAP002859|transcript|AGAP002859-RA|protein_coding|1/8|c.-2226-9669G>A||||||
2R	28409254	C	T	93	1	108	0			ANN=T|intron_variant|MODIFIER|AGAP002859|AGAP002859|transcript|AGAP002859-RA|protein_coding|1/8|c.-2226-9619C>T||||||
2R	28409367	T	C	2	92	0	108			ANN=C|intron_variant|MODIFIER|AGAP002859|AGAP002859|transcript|AGAP002859-RA|protein_coding|1/8|c.-2226-9506T>C||||||
2R	28409377	G	A	86	8	101	7			ANN=A|intron_variant|MODIFIER|AGAP002859|AGAP002859|transcript|AGAP002859-RA|protein_coding|1/8|c.-2226-9496G>A||||||
2R	28409554	T	C	74	20	78	30			ANN=C|intron_variant|MODIFIER|AGAP002859|AGAP002859|transcript|AGAP002859-RA|protein_coding|1/8|c.-2226-9319T>C||||||
2R	28409574	A	C	92	2	105	3			ANN=C|intron_variant|MODIFIER|AGAP002859|AGAP002859|transcript|AGAP002859-RA|protein_coding|1/8|c.-2226-9299A>C||||||
2R	28409584	A	T	92	2	105	3			ANN=T|intron_variant|MODIFIER|AGAP002859|AGAP002859|transcript|AGAP002859-RA|protein_coding|1/8|c.-2226-9289A>T||||||
2R	28409613	C	T	93	1	107	1			ANN=T|intron_variant|MODIFIER|AGAP002859|AGAP002859|transcript|AGAP002859-RA|protein_coding|1/8|c.-2226-9260C>T||||||
2R	28409643	A	T	93	1	107	1			ANN=T|intron_variant|MODIFIER|AGAP002859|AGAP002859|transcript|AGAP002859-RA|protein_coding|1/8|c.-2226-9230A>T||||||
2R	28409644	A	G	92	2	108	0			ANN=G|intron_variant|MODIFIER|AGAP002859|AGAP002859|transcript|AGAP002859-RA|protein_coding|1/8|c.-2226-9229A>G||||||
2R	28409686	G	A	67	27	64	44			ANN=A|intron_variant|MODIFIER|AGAP002859|AGAP002859|transcript|AGAP002859-RA|protein_coding|1/8|c.-2226-9187G>A||||||
2R	28409702	T	G	76	18	83	25			ANN=G|intron_variant|MODIFIER|AGAP002859|AGAP002859|transcript|AGAP002859-RA|protein_coding|1/8|c.-2226-9171T>G||||||
2R	28409706	G	A	93	1	108	0			ANN=A|intron_variant|MODIFIER|AGAP002859|AGAP002859|transcript|AGAP002859-RA|protein_coding|1/8|c.-2226-9167G>A||||||
2R	28409856	A	G	0	94	106	2			ANN=G|intron_variant|MODIFIER|AGAP002859|AGAP002859|transcript|AGAP002859-RA|protein_coding|1/8|c.-2226-9017A>G||||||
2R	28409857	C	T	0	94	106	2			ANN=T|intron_variant|MODIFIER|AGAP002859|AGAP002859|transcript|AGAP002859-RA|protein_coding|1/8|c.-2226-9016C>T||||||
2R	28409886	C	T	0	94	101	7			ANN=T|intron_variant|MODIFIER|AGAP002859|AGAP002859|transcript|AGAP002859-RA|protein_coding|1/8|c.-2226-8987C>T||||||
2R	28410073	C	T	0	94	1	107			ANN=T|intron_variant|MODIFIER|AGAP002859|AGAP002859|transcript|AGAP002859-RA|protein_coding|1/8|c.-2226-8800C>T||||||
2R	28410090	G	A	93	1	104	4			ANN=A|intron_variant|MODIFIER|AGAP002859|AGAP002859|transcript|AGAP002859-RA|protein_coding|1/8|c.-2226-8783G>A||||||
2R	28410130	G	A	0	94	9	99			ANN=A|intron_variant|MODIFIER|AGAP002859|AGAP002859|transcript|AGAP002859-RA|protein_coding|1/8|c.-2226-8743G>A||||||
2R	28410210	C	T	0	94	0	108			ANN=T|intron_variant|MODIFIER|AGAP002859|AGAP002859|transcript|AGAP002859-RA|protein_coding|1/8|c.-2226-8663C>T||||||
2R	28410510	G	A	93	1	108	0			ANN=A|intron_variant|MODIFIER|AGAP002859|AGAP002859|transcript|AGAP002859-RA|protein_coding|1/8|c.-2226-8363G>A||||||
2R	28410599	G	A	0	94	43	65			ANN=A|intron_variant|MODIFIER|AGAP002859|AGAP002859|transcript|AGAP002859-RA|protein_coding|1/8|c.-2226-8274G>A||||||
2R	28410602	C	T	0	94	80	28			ANN=T|intron_variant|MODIFIER|AGAP002859|AGAP002859|transcript|AGAP002859-RA|protein_coding|1/8|c.-2226-8271C>T||||||
2R	28410641	A	T	0	94	105	3			ANN=T|intron_variant|MODIFIER|AGAP002859|AGAP002859|transcript|AGAP002859-RA|protein_coding|1/8|c.-2226-8232A>T||||||
2R	28410655	C	T	0	94	0	108			ANN=T|intron_variant|MODIFIER|AGAP002859|AGAP002859|transcript|AGAP002859-RA|protein_coding|1/8|c.-2226-8218C>T||||||
2R	28410772	T	C	0	94	106	2			ANN=C|intron_variant|MODIFIER|AGAP002859|AGAP002859|transcript|AGAP002859-RA|protein_coding|1/8|c.-2226-8101T>C||||||
2R	28410803	A	C	0	94	102	6			ANN=C|intron_variant|MODIFIER|AGAP002859|AGAP002859|transcript|AGAP002859-RA|protein_coding|1/8|c.-2226-8070A>C||||||
2R	28411024	C	T	0	94	0	108			ANN=T|intron_variant|MODIFIER|AGAP002859|AGAP002859|transcript|AGAP002859-RA|protein_coding|1/8|c.-2226-7849C>T||||||
2R	28411083	G	A	0	94	68	40			ANN=A|intron_variant|MODIFIER|AGAP002859|AGAP002859|transcript|AGAP002859-RA|protein_coding|1/8|c.-2226-7790G>A||||||
2R	28411092	A	G	0	94	98	10			ANN=G|intron_variant|MODIFIER|AGAP002859|AGAP002859|transcript|AGAP002859-RA|protein_coding|1/8|c.-2226-7781A>G||||||
2R	28411105	T	A	0	94	66	42			ANN=A|intron_variant|MODIFIER|AGAP002859|AGAP002859|transcript|AGAP002859-RA|protein_coding|1/8|c.-2226-7768T>A||||||
2R	28411282	G	T	0	94	105	3			ANN=T|intron_variant|MODIFIER|AGAP002859|AGAP002859|transcript|AGAP002859-RA|protein_coding|1/8|c.-2226-7591G>T||||||
2R	28411393	G	A	0	94	103	5			ANN=A|intron_variant|MODIFIER|AGAP002859|AGAP002859|transcript|AGAP002859-RA|protein_coding|1/8|c.-2226-7480G>A||||||
2R	28411408	A	G	0	94	86	22			ANN=G|intron_variant|MODIFIER|AGAP002859|AGAP002859|transcript|AGAP002859-RA|protein_coding|1/8|c.-2226-7465A>G||||||
2R	28411505	C	A	0	94	1	107			ANN=A|intron_variant|MODIFIER|AGAP002859|AGAP002859|transcript|AGAP002859-RA|protein_coding|1/8|c.-2226-7368C>A||||||
2R	28411711	T	C	0	94	0	108			ANN=C|intron_variant|MODIFIER|AGAP002859|AGAP002859|transcript|AGAP002859-RA|protein_coding|1/8|c.-2226-7162T>C||||||
2R	28411748	G	A	93	1	108	0			ANN=A|intron_variant|MODIFIER|AGAP002859|AGAP002859|transcript|AGAP002859-RA|protein_coding|1/8|c.-2226-7125G>A||||||
2R	28411828	T	C	0	94	0	108			ANN=C|intron_variant|MODIFIER|AGAP002859|AGAP002859|transcript|AGAP002859-RA|protein_coding|1/8|c.-2226-7045T>C||||||
2R	28411883	C	T	93	1	99	9			ANN=T|intron_variant|MODIFIER|AGAP002859|AGAP002859|transcript|AGAP002859-RA|protein_coding|1/8|c.-2226-6990C>T||||||
2R	28411966	G	A	0	94	103	5			ANN=A|intron_variant|MODIFIER|AGAP002859|AGAP002859|transcript|AGAP002859-RA|protein_coding|1/8|c.-2226-6907G>A||||||
2R	28411989	T	C	0	94	52	56			ANN=C|intron_variant|MODIFIER|AGAP002859|AGAP002859|transcript|AGAP002859-RA|protein_coding|1/8|c.-2226-6884T>C||||||
2R	28412361	C	G	93	1	66	42			ANN=G|intron_variant|MODIFIER|AGAP002859|AGAP002859|transcript|AGAP002859-RA|protein_coding|1/8|c.-2226-6512C>G||||||
2R	28412402	C	T	0	94	10	98			ANN=T|intron_variant|MODIFIER|AGAP002859|AGAP002859|transcript|AGAP002859-RA|protein_coding|1/8|c.-2226-6471C>T||||||
2R	28412559	C	T	0	94	16	92			ANN=T|intron_variant|MODIFIER|AGAP002859|AGAP002859|transcript|AGAP002859-RA|protein_coding|1/8|c.-2226-6314C>T||||||
2R	28412655	G	A	93	1	108	0			ANN=A|intron_variant|MODIFIER|AGAP002859|AGAP002859|transcript|AGAP002859-RA|protein_coding|1/8|c.-2226-6218G>A||||||
2R	28413073	T	C	1	93	23	85			ANN=C|intron_variant|MODIFIER|AGAP002859|AGAP002859|transcript|AGAP002859-RA|protein_coding|1/8|c.-2226-5800T>C||||||
2R	28413086	C	T	2	92	83	25			ANN=T|intron_variant|MODIFIER|AGAP002859|AGAP002859|transcript|AGAP002859-RA|protein_coding|1/8|c.-2226-5787C>T||||||
2R	28413090	C	T	0	94	0	108			ANN=T|intron_variant|MODIFIER|AGAP002859|AGAP002859|transcript|AGAP002859-RA|protein_coding|1/8|c.-2226-5783C>T||||||
2R	28413238	T	C	0	94	5	103			ANN=C|intron_variant|MODIFIER|AGAP002859|AGAP002859|transcript|AGAP002859-RA|protein_coding|1/8|c.-2226-5635T>C||||||
2R	28413335	A	G	0	94	28	80			ANN=G|intron_variant|MODIFIER|AGAP002859|AGAP002859|transcript|AGAP002859-RA|protein_coding|1/8|c.-2226-5538A>G||||||
2R	28413488	T	G	0	94	0	108			ANN=G|intron_variant|MODIFIER|AGAP002859|AGAP002859|transcript|AGAP002859-RA|protein_coding|1/8|c.-2226-5385T>G||||||
2R	28414108	T	G	92	2	106	2			ANN=G|intron_variant|MODIFIER|AGAP002859|AGAP002859|transcript|AGAP002859-RA|protein_coding|1/8|c.-2226-4765T>G||||||
2R	28414216	C	A	93	1	96	12			ANN=A|intron_variant|MODIFIER|AGAP002859|AGAP002859|transcript|AGAP002859-RA|protein_coding|1/8|c.-2226-4657C>A||||||
2R	28414256	T	C	0	94	99	9			ANN=C|intron_variant|MODIFIER|AGAP002859|AGAP002859|transcript|AGAP002859-RA|protein_coding|1/8|c.-2226-4617T>C||||||
2R	28414296	T	C	0	94	0	108			ANN=C|intron_variant|MODIFIER|AGAP002859|AGAP002859|transcript|AGAP002859-RA|protein_coding|1/8|c.-2226-4577T>C||||||
2R	28414342	G	T	0	94	105	3			ANN=T|intron_variant|MODIFIER|AGAP002859|AGAP002859|transcript|AGAP002859-RA|protein_coding|1/8|c.-2226-4531G>T||||||
2R	28414440	C	T	0	94	105	3			ANN=T|intron_variant|MODIFIER|AGAP002859|AGAP002859|transcript|AGAP002859-RA|protein_coding|1/8|c.-2226-4433C>T||||||
2R	28414675	A	G	0	94	105	3			ANN=G|intron_variant|MODIFIER|AGAP002859|AGAP002859|transcript|AGAP002859-RA|protein_coding|1/8|c.-2226-4198A>G||||||
2R	28414681	A	T	93	1	108	0			ANN=T|intron_variant|MODIFIER|AGAP002859|AGAP002859|transcript|AGAP002859-RA|protein_coding|1/8|c.-2226-4192A>T||||||
2R	28414805	A	G	0	94	14	94			ANN=G|intron_variant|MODIFIER|AGAP002859|AGAP002859|transcript|AGAP002859-RA|protein_coding|1/8|c.-2226-4068A>G||||||
2R	28414883	C	T	1	93	105	3			ANN=T|intron_variant|MODIFIER|AGAP002859|AGAP002859|transcript|AGAP002859-RA|protein_coding|1/8|c.-2226-3990C>T||||||
2R	28415228	G	A	0	94	0	108			ANN=A|intron_variant|MODIFIER|AGAP002859|AGAP002859|transcript|AGAP002859-RA|protein_coding|1/8|c.-2226-3645G>A||||||
2R	28415334	C	T	0	94	21	87			ANN=T|intron_variant|MODIFIER|AGAP002859|AGAP002859|transcript|AGAP002859-RA|protein_coding|1/8|c.-2226-3539C>T||||||
2R	28415435	C	T	0	94	20	88			ANN=T|intron_variant|MODIFIER|AGAP002859|AGAP002859|transcript|AGAP002859-RA|protein_coding|1/8|c.-2226-3438C>T||||||
2R	28415684	A	C	0	94	0	108			ANN=C|intron_variant|MODIFIER|AGAP002859|AGAP002859|transcript|AGAP002859-RA|protein_coding|1/8|c.-2226-3189A>C||||||
2R	28415972	A	T	0	94	96	12			ANN=T|intron_variant|MODIFIER|AGAP002859|AGAP002859|transcript|AGAP002859-RA|protein_coding|1/8|c.-2226-2901A>T||||||
2R	28415982	G	A	0	94	84	24			ANN=A|intron_variant|MODIFIER|AGAP002859|AGAP002859|transcript|AGAP002859-RA|protein_coding|1/8|c.-2226-2891G>A||||||
2R	28416174	A	G	0	94	105	3			ANN=G|intron_variant|MODIFIER|AGAP002859|AGAP002859|transcript|AGAP002859-RA|protein_coding|1/8|c.-2226-2699A>G||||||
2R	28455176	T	A	109	0	66	0	0	27	ANN=A|intron_variant|MODIFIER|AGAP002859|AGAP002859|transcript|AGAP002859-RA|protein_coding|2/8|c.1731-9954T>A||||||
2R	28455199	G	T	0	109	66	0	27	0	ANN=T|intron_variant|MODIFIER|AGAP002859|AGAP002859|transcript|AGAP002859-RA|protein_coding|2/8|c.1731-9931G>T||||||
2R	28455313	C	T	109	0	51	15	0	27	ANN=T|intron_variant|MODIFIER|AGAP002859|AGAP002859|transcript|AGAP002859-RA|protein_coding|2/8|c.1731-9817C>T||||||
2R	28455365	C	A	109	0	24	42	0	27	ANN=A|intron_variant|MODIFIER|AGAP002859|AGAP002859|transcript|AGAP002859-RA|protein_coding|2/8|c.1731-9765C>A||||||
2R	28455368	T	A	108	1	66	0	27	0	ANN=A|intron_variant|MODIFIER|AGAP002859|AGAP002859|transcript|AGAP002859-RA|protein_coding|2/8|c.1731-9762T>A||||||
2R	28455513	A	G	0	109	7	59	0	27	ANN=G|intron_variant|MODIFIER|AGAP002859|AGAP002859|transcript|AGAP002859-RA|protein_coding|2/8|c.1731-9617A>G||||||
2R	28455530	A	G	0	109	0	66	0	27	ANN=G|intron_variant|MODIFIER|AGAP002859|AGAP002859|transcript|AGAP002859-RA|protein_coding|2/8|c.1731-9600A>G||||||
2R	28455593	C	T	0	109	18	48	27	0	ANN=T|intron_variant|MODIFIER|AGAP002859|AGAP002859|transcript|AGAP002859-RA|protein_coding|2/8|c.1731-9537C>T||||||
2R	28455601	G	A	0	109	18	48	27	0	ANN=A|intron_variant|MODIFIER|AGAP002859|AGAP002859|transcript|AGAP002859-RA|protein_coding|2/8|c.1731-9529G>A||||||
2R	28455664	A	G	109	0	61	5	0	27	ANN=G|intron_variant|MODIFIER|AGAP002859|AGAP002859|transcript|AGAP002859-RA|protein_coding|2/8|c.1731-9466A>G||||||
2R	28455681	A	G	0	109	0	66	0	27	ANN=G|intron_variant|MODIFIER|AGAP002859|AGAP002859|transcript|AGAP002859-RA|protein_coding|2/8|c.1731-9449A>G||||||
2R	28455682	T	C	109	0	63	3	0	27	ANN=C|intron_variant|MODIFIER|AGAP002859|AGAP002859|transcript|AGAP002859-RA|protein_coding|2/8|c.1731-9448T>C||||||
2R	28455707	A	G	0	109	43	23	27	0	ANN=G|intron_variant|MODIFIER|AGAP002859|AGAP002859|transcript|AGAP002859-RA|protein_coding|2/8|c.1731-9423A>G||||||
2R	28455714	A	G	109	0	59	7	0	27	ANN=G|intron_variant|MODIFIER|AGAP002859|AGAP002859|transcript|AGAP002859-RA|protein_coding|2/8|c.1731-9416A>G||||||
2R	28455750	G	A	109	0	31	35	0	27	ANN=A|intron_variant|MODIFIER|AGAP002859|AGAP002859|transcript|AGAP002859-RA|protein_coding|2/8|c.1731-9380G>A||||||
2R	28455752	C	A	109	0	63	3	0	27	ANN=A|intron_variant|MODIFIER|AGAP002859|AGAP002859|transcript|AGAP002859-RA|protein_coding|2/8|c.1731-9378C>A||||||
2R	28455768	A	T	0	109	42	24	27	0	ANN=T|intron_variant|MODIFIER|AGAP002859|AGAP002859|transcript|AGAP002859-RA|protein_coding|2/8|c.1731-9362A>T||||||
2R	28455838	G	A	0	109	66	0	27	0	ANN=A|intron_variant|MODIFIER|AGAP002859|AGAP002859|transcript|AGAP002859-RA|protein_coding|2/8|c.1731-9292G>A||||||
2R	28455916	A	G	109	0	35	31	0	27	ANN=G|intron_variant|MODIFIER|AGAP002859|AGAP002859|transcript|AGAP002859-RA|protein_coding|2/8|c.1731-9214A>G||||||
2R	28455953	T	G	108	1	66	0	27	0	ANN=G|intron_variant|MODIFIER|AGAP002859|AGAP002859|transcript|AGAP002859-RA|protein_coding|2/8|c.1731-9177T>G||||||
2R	28455982	A	C	0	109	0	66	0	27	ANN=C|intron_variant|MODIFIER|AGAP002859|AGAP002859|transcript|AGAP002859-RA|protein_coding|2/8|c.1731-9148A>C||||||
2R	28456029	A	G	108	1	66	0	27	0	ANN=G|intron_variant|MODIFIER|AGAP002859|AGAP002859|transcript|AGAP002859-RA|protein_coding|2/8|c.1731-9101A>G||||||
2R	28456044	G	A	0	109	66	0	27	0	ANN=A|intron_variant|MODIFIER|AGAP002859|AGAP002859|transcript|AGAP002859-RA|protein_coding|2/8|c.1731-9086G>A||||||
2R	28456167	A	T	0	109	0	66	0	27	ANN=T|intron_variant|MODIFIER|AGAP002859|AGAP002859|transcript|AGAP002859-RA|protein_coding|2/8|c.1731-8963A>T||||||
2R	28456195	G	A	0	109	20	46	0	27	ANN=A|intron_variant|MODIFIER|AGAP002859|AGAP002859|transcript|AGAP002859-RA|protein_coding|2/8|c.1731-8935G>A||||||
2R	28456287	A	T	0	109	3	63	0	27	ANN=T|intron_variant|MODIFIER|AGAP002859|AGAP002859|transcript|AGAP002859-RA|protein_coding|2/8|c.1731-8843A>T||||||
2R	28456297	G	A	0	109	40	26	27	0	ANN=A|intron_variant|MODIFIER|AGAP002859|AGAP002859|transcript|AGAP002859-RA|protein_coding|2/8|c.1731-8833G>A||||||
2R	28456382	A	G	0	109	33	33	0	27	ANN=G|intron_variant|MODIFIER|AGAP002859|AGAP002859|transcript|AGAP002859-RA|protein_coding|2/8|c.1731-8748A>G||||||
2R	28456419	G	T	0	109	64	2	27	0	ANN=T|intron_variant|MODIFIER|AGAP002859|AGAP002859|transcript|AGAP002859-RA|protein_coding|2/8|c.1731-8711G>T||||||
2R	28456422	G	A	109	0	46	20	0	27	ANN=A|intron_variant|MODIFIER|AGAP002859|AGAP002859|transcript|AGAP002859-RA|protein_coding|2/8|c.1731-8708G>A||||||
2R	28456434	A	G	1	108	57	9	27	0	ANN=G|intron_variant|MODIFIER|AGAP002859|AGAP002859|transcript|AGAP002859-RA|protein_coding|2/8|c.1731-8696A>G||||||
2R	28456709	G	A	109	0	9	57	0	27	ANN=A|intron_variant|MODIFIER|AGAP002859|AGAP002859|transcript|AGAP002859-RA|protein_coding|2/8|c.1731-8421G>A||||||
2R	28456769	T	C	0	109	24	42	0	27	ANN=C|intron_variant|MODIFIER|AGAP002859|AGAP002859|transcript|AGAP002859-RA|protein_coding|2/8|c.1731-8361T>C||||||
2R	28457033	C	T	0	109	6	60	0	27	ANN=T|intron_variant|MODIFIER|AGAP002859|AGAP002859|transcript|AGAP002859-RA|protein_coding|2/8|c.1731-8097C>T||||||
2R	28457035	T	A	0	109	6	60	0	27	ANN=A|intron_variant|MODIFIER|AGAP002859|AGAP002859|transcript|AGAP002859-RA|protein_coding|2/8|c.1731-8095T>A||||||
2R	28457371	T	A	0	109	0	66	0	27	ANN=A|intron_variant|MODIFIER|AGAP002859|AGAP002859|transcript|AGAP002859-RA|protein_coding|2/8|c.1731-7759T>A||||||
2R	28457676	T	A	0	109	11	55	0	27	ANN=A|intron_variant|MODIFIER|AGAP002859|AGAP002859|transcript|AGAP002859-RA|protein_coding|2/8|c.1731-7454T>A||||||
2R	28457861	A	T	109	0	47	19	6	21	ANN=T|intron_variant|MODIFIER|AGAP002859|AGAP002859|transcript|AGAP002859-RA|protein_coding|2/8|c.1731-7269A>T||||||
2R	28457873	G	A	0	109	13	53	0	27	ANN=A|intron_variant|MODIFIER|AGAP002859|AGAP002859|transcript|AGAP002859-RA|protein_coding|2/8|c.1731-7257G>A||||||
2R	28457934	A	G	0	109	1	65	0	27	ANN=G|intron_variant|MODIFIER|AGAP002859|AGAP002859|transcript|AGAP002859-RA|protein_coding|2/8|c.1731-7196A>G||||||
2R	28458078	G	A	0	109	0	66	0	27	ANN=A|intron_variant|MODIFIER|AGAP002859|AGAP002859|transcript|AGAP002859-RA|protein_coding|2/8|c.1731-7052G>A||||||
2R	28458165	C	T	0	109	66	0	27	0	ANN=T|intron_variant|MODIFIER|AGAP002859|AGAP002859|transcript|AGAP002859-RA|protein_coding|2/8|c.1731-6965C>T||||||
2R	28458194	C	T	109	0	47	19	0	27	ANN=T|intron_variant|MODIFIER|AGAP002859|AGAP002859|transcript|AGAP002859-RA|protein_coding|2/8|c.1731-6936C>T||||||
2R	28458260	G	T	109	0	21	45	0	27	ANN=T|intron_variant|MODIFIER|AGAP002859|AGAP002859|transcript|AGAP002859-RA|protein_coding|2/8|c.1731-6870G>T||||||
2R	28458264	G	A	109	0	21	45	0	27	ANN=A|intron_variant|MODIFIER|AGAP002859|AGAP002859|transcript|AGAP002859-RA|protein_coding|2/8|c.1731-6866G>A||||||
2R	28458307	C	A	109	0	47	19	0	27	ANN=A|intron_variant|MODIFIER|AGAP002859|AGAP002859|transcript|AGAP002859-RA|protein_coding|2/8|c.1731-6823C>A||||||
2R	28458458	G	A	109	0	42	24	0	27	ANN=A|intron_variant|MODIFIER|AGAP002859|AGAP002859|transcript|AGAP002859-RA|protein_coding|2/8|c.1731-6672G>A||||||
2R	28458461	T	C	0	109	7	59	0	27	ANN=C|intron_variant|MODIFIER|AGAP002859|AGAP002859|transcript|AGAP002859-RA|protein_coding|2/8|c.1731-6669T>C||||||
2R	28458660	T	A	0	109	18	48	0	27	ANN=A|intron_variant|MODIFIER|AGAP002859|AGAP002859|transcript|AGAP002859-RA|protein_coding|2/8|c.1731-6470T>A||||||
2R	28458663	G	C	0	109	18	48	0	27	ANN=C|intron_variant|MODIFIER|AGAP002859|AGAP002859|transcript|AGAP002859-RA|protein_coding|2/8|c.1731-6467G>C||||||
2R	28458664	A	G	0	109	0	66	0	27	ANN=G|intron_variant|MODIFIER|AGAP002859|AGAP002859|transcript|AGAP002859-RA|protein_coding|2/8|c.1731-6466A>G||||||
2R	28458776	C	T	0	109	66	0	27	0	ANN=T|intron_variant|MODIFIER|AGAP002859|AGAP002859|transcript|AGAP002859-RA|protein_coding|2/8|c.1731-6354C>T||||||
2R	28458784	A	G	109	0	3	63	0	27	ANN=G|intron_variant|MODIFIER|AGAP002859|AGAP002859|transcript|AGAP002859-RA|protein_coding|2/8|c.1731-6346A>G||||||
2R	28458787	A	G	0	109	0	66	0	27	ANN=G|intron_variant|MODIFIER|AGAP002859|AGAP002859|transcript|AGAP002859-RA|protein_coding|2/8|c.1731-6343A>G||||||
2R	28458790	G	A	0	109	66	0	27	0	ANN=A|intron_variant|MODIFIER|AGAP002859|AGAP002859|transcript|AGAP002859-RA|protein_coding|2/8|c.1731-6340G>A||||||
2R	28458797	A	G	0	109	0	66	0	27	ANN=G|intron_variant|MODIFIER|AGAP002859|AGAP002859|transcript|AGAP002859-RA|protein_coding|2/8|c.1731-6333A>G||||||
2R	28458809	T	A	0	109	66	0	27	0	ANN=A|intron_variant|MODIFIER|AGAP002859|AGAP002859|transcript|AGAP002859-RA|protein_coding|2/8|c.1731-6321T>A||||||
2R	28458827	T	C	1	108	29	37	27	0	ANN=C|intron_variant|MODIFIER|AGAP002859|AGAP002859|transcript|AGAP002859-RA|protein_coding|2/8|c.1731-6303T>C||||||
2R	28458914	A	C	109	0	44	22	0	27	ANN=C|intron_variant|MODIFIER|AGAP002859|AGAP002859|transcript|AGAP002859-RA|protein_coding|2/8|c.1731-6216A>C||||||
2R	28458931	T	C	0	109	5	61	0	27	ANN=C|intron_variant|MODIFIER|AGAP002859|AGAP002859|transcript|AGAP002859-RA|protein_coding|2/8|c.1731-6199T>C||||||
2R	28458952	T	C	109	0	33	33	0	27	ANN=C|intron_variant|MODIFIER|AGAP002859|AGAP002859|transcript|AGAP002859-RA|protein_coding|2/8|c.1731-6178T>C||||||
2R	28459004	A	G	0	109	34	32	27	0	ANN=G|intron_variant|MODIFIER|AGAP002859|AGAP002859|transcript|AGAP002859-RA|protein_coding|2/8|c.1731-6126A>G||||||
2R	28459011	T	C	109	0	41	25	0	27	ANN=C|intron_variant|MODIFIER|AGAP002859|AGAP002859|transcript|AGAP002859-RA|protein_coding|2/8|c.1731-6119T>C||||||
2R	28459030	A	G	109	0	43	23	0	27	ANN=G|intron_variant|MODIFIER|AGAP002859|AGAP002859|transcript|AGAP002859-RA|protein_coding|2/8|c.1731-6100A>G||||||
2R	28459043	A	C	109	0	44	22	3	24	ANN=C|intron_variant|MODIFIER|AGAP002859|AGAP002859|transcript|AGAP002859-RA|protein_coding|2/8|c.1731-6087A>C||||||
2R	28459334	A	T	0	109	66	0	27	0	ANN=T|intron_variant|MODIFIER|AGAP002859|AGAP002859|transcript|AGAP002859-RA|protein_coding|2/8|c.1731-5796A>T||||||
2R	28459484	G	A	0	109	3	63	0	27	ANN=A|intron_variant|MODIFIER|AGAP002859|AGAP002859|transcript|AGAP002859-RA|protein_coding|2/8|c.1731-5646G>A||||||
2R	28459538	A	G	0	109	62	4	27	0	ANN=G|intron_variant|MODIFIER|AGAP002859|AGAP002859|transcript|AGAP002859-RA|protein_coding|2/8|c.1731-5592A>G||||||
2R	28459628	G	A	0	109	1	65	0	27	ANN=A|intron_variant|MODIFIER|AGAP002859|AGAP002859|transcript|AGAP002859-RA|protein_coding|2/8|c.1731-5502G>A||||||
2R	28459684	T	C	1	108	59	7	27	0	ANN=C|intron_variant|MODIFIER|AGAP002859|AGAP002859|transcript|AGAP002859-RA|protein_coding|2/8|c.1731-5446T>C||||||
2R	28459910	C	G	0	109	5	61	0	27	ANN=G|intron_variant|MODIFIER|AGAP002859|AGAP002859|transcript|AGAP002859-RA|protein_coding|2/8|c.1731-5220C>G||||||
2R	28459936	C	A	0	109	0	66	0	27	ANN=A|intron_variant|MODIFIER|AGAP002859|AGAP002859|transcript|AGAP002859-RA|protein_coding|2/8|c.1731-5194C>A||||||
2R	28459955	G	A	109	0	48	18	0	27	ANN=A|intron_variant|MODIFIER|AGAP002859|AGAP002859|transcript|AGAP002859-RA|protein_coding|2/8|c.1731-5175G>A||||||
2R	28459999	A	T	1	108	66	0	27	0	ANN=T|intron_variant|MODIFIER|AGAP002859|AGAP002859|transcript|AGAP002859-RA|protein_coding|2/8|c.1731-5131A>T||||||
2R	28460075	G	A	0	109	37	29	0	27	ANN=A|intron_variant|MODIFIER|AGAP002859|AGAP002859|transcript|AGAP002859-RA|protein_coding|2/8|c.1731-5055G>A||||||
2R	28460081	T	C	109	0	40	26	0	27	ANN=C|intron_variant|MODIFIER|AGAP002859|AGAP002859|transcript|AGAP002859-RA|protein_coding|2/8|c.1731-5049T>C||||||
2R	28460127	T	C	0	109	66	0	27	0	ANN=C|intron_variant|MODIFIER|AGAP002859|AGAP002859|transcript|AGAP002859-RA|protein_coding|2/8|c.1731-5003T>C||||||
2R	28460163	C	G	109	0	48	18	0	27	ANN=G|intron_variant|MODIFIER|AGAP002859|AGAP002859|transcript|AGAP002859-RA|protein_coding|2/8|c.1731-4967C>G||||||
2R	28460244	G	C	108	1	11	55	0	27	ANN=C|intron_variant|MODIFIER|AGAP002859|AGAP002859|transcript|AGAP002859-RA|protein_coding|2/8|c.1731-4886G>C||||||
2R	28460315	C	T	109	0	44	22	0	27	ANN=T|intron_variant|MODIFIER|AGAP002859|AGAP002859|transcript|AGAP002859-RA|protein_coding|2/8|c.1731-4815C>T||||||
2R	28460323	G	A	109	0	44	22	0	27	ANN=A|intron_variant|MODIFIER|AGAP002859|AGAP002859|transcript|AGAP002859-RA|protein_coding|2/8|c.1731-4807G>A||||||
2R	28460351	T	G	109	0	44	22	0	27	ANN=G|intron_variant|MODIFIER|AGAP002859|AGAP002859|transcript|AGAP002859-RA|protein_coding|2/8|c.1731-4779T>G||||||
2R	28460509	A	G	109	0	48	18	0	27	ANN=G|intron_variant|MODIFIER|AGAP002859|AGAP002859|transcript|AGAP002859-RA|protein_coding|2/8|c.1731-4621A>G||||||
2R	28460598	C	T	0	109	33	33	0	27	ANN=T|intron_variant|MODIFIER|AGAP002859|AGAP002859|transcript|AGAP002859-RA|protein_coding|2/8|c.1731-4532C>T||||||
2R	28460618	T	G	109	0	45	21	0	27	ANN=G|intron_variant|MODIFIER|AGAP002859|AGAP002859|transcript|AGAP002859-RA|protein_coding|2/8|c.1731-4512T>G||||||
2R	28460689	T	C	0	109	0	66	0	27	ANN=C|intron_variant|MODIFIER|AGAP002859|AGAP002859|transcript|AGAP002859-RA|protein_coding|2/8|c.1731-4441T>C||||||
2R	28460712	A	T	0	109	66	0	27	0	ANN=T|intron_variant|MODIFIER|AGAP002859|AGAP002859|transcript|AGAP002859-RA|protein_coding|2/8|c.1731-4418A>T||||||
2R	28460729	A	T	0	109	0	66	0	27	ANN=T|intron_variant|MODIFIER|AGAP002859|AGAP002859|transcript|AGAP002859-RA|protein_coding|2/8|c.1731-4401A>T||||||
2R	28460798	T	C	0	109	3	63	0	27	ANN=C|intron_variant|MODIFIER|AGAP002859|AGAP002859|transcript|AGAP002859-RA|protein_coding|2/8|c.1731-4332T>C||||||
2R	28460809	C	T	109	0	48	18	0	27	ANN=T|intron_variant|MODIFIER|AGAP002859|AGAP002859|transcript|AGAP002859-RA|protein_coding|2/8|c.1731-4321C>T||||||
2R	28460926	C	T	108	1	66	0	27	0	ANN=T|intron_variant|MODIFIER|AGAP002859|AGAP002859|transcript|AGAP002859-RA|protein_coding|2/8|c.1731-4204C>T||||||
2R	28461060	G	A	0	109	0	66	0	27	ANN=A|intron_variant|MODIFIER|AGAP002859|AGAP002859|transcript|AGAP002859-RA|protein_coding|2/8|c.1731-4070G>A||||||
2R	28461488	A	T	1	108	61	5	27	0	ANN=T|intron_variant|MODIFIER|AGAP002859|AGAP002859|transcript|AGAP002859-RA|protein_coding|2/8|c.1731-3642A>T||||||
2R	28461718	C	T	109	0	34	32	0	27	ANN=T|intron_variant|MODIFIER|AGAP002859|AGAP002859|transcript|AGAP002859-RA|protein_coding|2/8|c.1731-3412C>T||||||
2R	28461764	T	C	109	0	5	61	0	27	ANN=C|intron_variant|MODIFIER|AGAP002859|AGAP002859|transcript|AGAP002859-RA|protein_coding|2/8|c.1731-3366T>C||||||
2R	28461807	A	G	109	0	28	38	0	27	ANN=G|intron_variant|MODIFIER|AGAP002859|AGAP002859|transcript|AGAP002859-RA|protein_coding|2/8|c.1731-3323A>G||||||
2R	28461839	T	C	0	109	63	3	27	0	ANN=C|intron_variant|MODIFIER|AGAP002859|AGAP002859|transcript|AGAP002859-RA|protein_coding|2/8|c.1731-3291T>C||||||
2R	28462182	A	G	0	109	3	63	0	27	ANN=G|intron_variant|MODIFIER|AGAP002859|AGAP002859|transcript|AGAP002859-RA|protein_coding|2/8|c.1731-2948A>G||||||
2R	28462216	T	G	0	109	52	14	27	0	ANN=G|intron_variant|MODIFIER|AGAP002859|AGAP002859|transcript|AGAP002859-RA|protein_coding|2/8|c.1731-2914T>G||||||
2R	28462256	A	G	109	0	15	51	0	27	ANN=G|intron_variant|MODIFIER|AGAP002859|AGAP002859|transcript|AGAP002859-RA|protein_coding|2/8|c.1731-2874A>G||||||
2R	28462278	A	C	0	109	0	66	0	27	ANN=C|intron_variant|MODIFIER|AGAP002859|AGAP002859|transcript|AGAP002859-RA|protein_coding|2/8|c.1731-2852A>C||||||
2R	28462304	A	T	0	109	0	66	0	27	ANN=T|intron_variant|MODIFIER|AGAP002859|AGAP002859|transcript|AGAP002859-RA|protein_coding|2/8|c.1731-2826A>T||||||
2R	28462316	C	A	0	109	0	66	0	27	ANN=A|intron_variant|MODIFIER|AGAP002859|AGAP002859|transcript|AGAP002859-RA|protein_coding|2/8|c.1731-2814C>A||||||
2R	28462343	T	A	109	0	41	25	0	27	ANN=A|intron_variant|MODIFIER|AGAP002859|AGAP002859|transcript|AGAP002859-RA|protein_coding|2/8|c.1731-2787T>A||||||
2R	28462387	T	A	0	109	66	0	27	0	ANN=A|intron_variant|MODIFIER|AGAP002859|AGAP002859|transcript|AGAP002859-RA|protein_coding|2/8|c.1731-2743T>A||||||
2R	28462395	A	T	0	109	0	66	0	27	ANN=T|intron_variant|MODIFIER|AGAP002859|AGAP002859|transcript|AGAP002859-RA|protein_coding|2/8|c.1731-2735A>T||||||
2R	28462464	A	C	0	109	0	66	0	27	ANN=C|intron_variant|MODIFIER|AGAP002859|AGAP002859|transcript|AGAP002859-RA|protein_coding|2/8|c.1731-2666A>C||||||
2R	28462494	C	T	2	107	66	0	27	0	ANN=T|intron_variant|MODIFIER|AGAP002859|AGAP002859|transcript|AGAP002859-RA|protein_coding|2/8|c.1731-2636C>T||||||
2R	28462541	T	C	106	3	0	66	0	27	ANN=C|intron_variant|MODIFIER|AGAP002859|AGAP002859|transcript|AGAP002859-RA|protein_coding|2/8|c.1731-2589T>C||||||
2R	28462561	T	C	107	2	63	3	27	0	ANN=C|intron_variant|MODIFIER|AGAP002859|AGAP002859|transcript|AGAP002859-RA|protein_coding|2/8|c.1731-2569T>C||||||
2R	28462591	C	G	109	0	37	29	0	27	ANN=G|intron_variant|MODIFIER|AGAP002859|AGAP002859|transcript|AGAP002859-RA|protein_coding|2/8|c.1731-2539C>G||||||
2R	28462607	T	A	0	109	26	40	0	27	ANN=A|intron_variant|MODIFIER|AGAP002859|AGAP002859|transcript|AGAP002859-RA|protein_coding|2/8|c.1731-2523T>A||||||
2R	28462634	A	G	0	109	52	14	27	0	ANN=G|intron_variant|MODIFIER|AGAP002859|AGAP002859|transcript|AGAP002859-RA|protein_coding|2/8|c.1731-2496A>G||||||
2R	28462651	T	C	0	109	26	40	0	27	ANN=C|intron_variant|MODIFIER|AGAP002859|AGAP002859|transcript|AGAP002859-RA|protein_coding|2/8|c.1731-2479T>C||||||
2R	28462719	A	T	109	0	43	23	0	27	ANN=T|intron_variant|MODIFIER|AGAP002859|AGAP002859|transcript|AGAP002859-RA|protein_coding|2/8|c.1731-2411A>T||||||
2R	28462844	A	C	109	0	32	34	0	27	ANN=C|intron_variant|MODIFIER|AGAP002859|AGAP002859|transcript|AGAP002859-RA|protein_coding|2/8|c.1731-2286A>C||||||
2R	28462954	G	A	1	108	66	0	27	0	ANN=A|intron_variant|MODIFIER|AGAP002859|AGAP002859|transcript|AGAP002859-RA|protein_coding|2/8|c.1731-2176G>A||||||
2R	28462997	C	T	109	0	16	50	0	27	ANN=T|intron_variant|MODIFIER|AGAP002859|AGAP002859|transcript|AGAP002859-RA|protein_coding|2/8|c.1731-2133C>T||||||
2R	28462999	C	T	0	109	1	65	0	27	ANN=T|intron_variant|MODIFIER|AGAP002859|AGAP002859|transcript|AGAP002859-RA|protein_coding|2/8|c.1731-2131C>T||||||
2R	28463045	G	A	109	0	44	22	0	27	ANN=A|intron_variant|MODIFIER|AGAP002859|AGAP002859|transcript|AGAP002859-RA|protein_coding|2/8|c.1731-2085G>A||||||
2R	28463084	C	T	0	109	63	3	27	0	ANN=T|intron_variant|MODIFIER|AGAP002859|AGAP002859|transcript|AGAP002859-RA|protein_coding|2/8|c.1731-2046C>T||||||
2R	28463118	C	T	0	109	20	46	27	0	ANN=T|intron_variant|MODIFIER|AGAP002859|AGAP002859|transcript|AGAP002859-RA|protein_coding|2/8|c.1731-2012C>T||||||
2R	28463137	C	T	109	0	46	20	0	27	ANN=T|intron_variant|MODIFIER|AGAP002859|AGAP002859|transcript|AGAP002859-RA|protein_coding|2/8|c.1731-1993C>T||||||
2R	28463291	A	C	0	109	66	0	27	0	ANN=C|intron_variant|MODIFIER|AGAP002859|AGAP002859|transcript|AGAP002859-RA|protein_coding|2/8|c.1731-1839A>C||||||
2R	28463337	C	T	0	109	66	0	27	0	ANN=T|intron_variant|MODIFIER|AGAP002859|AGAP002859|transcript|AGAP002859-RA|protein_coding|2/8|c.1731-1793C>T||||||
2R	28463359	G	A	108	1	48	18	0	27	ANN=A|intron_variant|MODIFIER|AGAP002859|AGAP002859|transcript|AGAP002859-RA|protein_coding|2/8|c.1731-1771G>A||||||
2R	28463371	T	A	108	1	28	38	0	27	ANN=A|intron_variant|MODIFIER|AGAP002859|AGAP002859|transcript|AGAP002859-RA|protein_coding|2/8|c.1731-1759T>A||||||
2R	28463394	T	A	0	109	0	66	0	27	ANN=A|intron_variant|MODIFIER|AGAP002859|AGAP002859|transcript|AGAP002859-RA|protein_coding|2/8|c.1731-1736T>A||||||
2R	28463401	T	C	0	109	0	66	0	27	ANN=C|intron_variant|MODIFIER|AGAP002859|AGAP002859|transcript|AGAP002859-RA|protein_coding|2/8|c.1731-1729T>C||||||
2R	28463410	A	G	1	108	66	0	27	0	ANN=G|intron_variant|MODIFIER|AGAP002859|AGAP002859|transcript|AGAP002859-RA|protein_coding|2/8|c.1731-1720A>G||||||
2R	28463500	C	A	0	109	66	0	27	0	ANN=A|intron_variant|MODIFIER|AGAP002859|AGAP002859|transcript|AGAP002859-RA|protein_coding|2/8|c.1731-1630C>A||||||
2R	28463532	A	C	109	0	47	19	0	27	ANN=C|intron_variant|MODIFIER|AGAP002859|AGAP002859|transcript|AGAP002859-RA|protein_coding|2/8|c.1731-1598A>C||||||
2R	28463536	T	C	109	0	46	20	0	27	ANN=C|intron_variant|MODIFIER|AGAP002859|AGAP002859|transcript|AGAP002859-RA|protein_coding|2/8|c.1731-1594T>C||||||
2R	28463650	T	C	109	0	2	64	0	27	ANN=C|intron_variant|MODIFIER|AGAP002859|AGAP002859|transcript|AGAP002859-RA|protein_coding|2/8|c.1731-1480T>C||||||
2R	28463693	G	A	0	109	12	54	0	27	ANN=A|intron_variant|MODIFIER|AGAP002859|AGAP002859|transcript|AGAP002859-RA|protein_coding|2/8|c.1731-1437G>A||||||
2R	28463835	A	T	0	109	51	15	27	0	ANN=T|intron_variant|MODIFIER|AGAP002859|AGAP002859|transcript|AGAP002859-RA|protein_coding|2/8|c.1731-1295A>T||||||
2R	28463902	T	C	109	0	48	18	0	27	ANN=C|intron_variant|MODIFIER|AGAP002859|AGAP002859|transcript|AGAP002859-RA|protein_coding|2/8|c.1731-1228T>C||||||
2R	28463928	G	A	108	1	64	2	27	0	ANN=A|intron_variant|MODIFIER|AGAP002859|AGAP002859|transcript|AGAP002859-RA|protein_coding|2/8|c.1731-1202G>A||||||
2R	28464295	C	A	0	109	66	0	27	0	ANN=A|intron_variant|MODIFIER|AGAP002859|AGAP002859|transcript|AGAP002859-RA|protein_coding|2/8|c.1731-835C>A||||||
2R	28464304	A	C	0	109	44	22	27	0	ANN=C|intron_variant|MODIFIER|AGAP002859|AGAP002859|transcript|AGAP002859-RA|protein_coding|2/8|c.1731-826A>C||||||
2R	28464375	G	A	109	0	17	49	0	27	ANN=A|intron_variant|MODIFIER|AGAP002859|AGAP002859|transcript|AGAP002859-RA|protein_coding|2/8|c.1731-755G>A||||||
2R	28464435	G	C	109	0	25	41	0	27	ANN=C|intron_variant|MODIFIER|AGAP002859|AGAP002859|transcript|AGAP002859-RA|protein_coding|2/8|c.1731-695G>C||||||
2R	28464437	A	G	0	109	61	5	27	0	ANN=G|intron_variant|MODIFIER|AGAP002859|AGAP002859|transcript|AGAP002859-RA|protein_coding|2/8|c.1731-693A>G||||||
2R	28464515	T	C	0	109	13	53	0	27	ANN=C|intron_variant|MODIFIER|AGAP002859|AGAP002859|transcript|AGAP002859-RA|protein_coding|2/8|c.1731-615T>C||||||
2R	28464561	G	T	0	109	8	58	0	27	ANN=T|intron_variant|MODIFIER|AGAP002859|AGAP002859|transcript|AGAP002859-RA|protein_coding|2/8|c.1731-569G>T||||||
2R	28464636	T	A	1	108	66	0	27	0	ANN=A|intron_variant|MODIFIER|AGAP002859|AGAP002859|transcript|AGAP002859-RA|protein_coding|2/8|c.1731-494T>A||||||
2R	28464637	T	A	1	108	65	1	27	0	ANN=A|intron_variant|MODIFIER|AGAP002859|AGAP002859|transcript|AGAP002859-RA|protein_coding|2/8|c.1731-493T>A||||||
2R	28464643	C	T	109	0	48	18	0	27	ANN=T|intron_variant|MODIFIER|AGAP002859|AGAP002859|transcript|AGAP002859-RA|protein_coding|2/8|c.1731-487C>T||||||
2R	28464689	G	T	0	109	33	33	27	0	ANN=T|intron_variant|MODIFIER|AGAP002859|AGAP002859|transcript|AGAP002859-RA|protein_coding|2/8|c.1731-441G>T||||||
2R	28464733	T	A	109	0	36	30	0	27	ANN=A|intron_variant|MODIFIER|AGAP002859|AGAP002859|transcript|AGAP002859-RA|protein_coding|2/8|c.1731-397T>A||||||
2R	28464744	G	A	1	108	57	9	27	0	ANN=A|intron_variant|MODIFIER|AGAP002859|AGAP002859|transcript|AGAP002859-RA|protein_coding|2/8|c.1731-386G>A||||||
2R	28464818	G	A	109	0	45	21	0	27	ANN=A|intron_variant|MODIFIER|AGAP002859|AGAP002859|transcript|AGAP002859-RA|protein_coding|2/8|c.1731-312G>A||||||
2R	28464827	A	T	0	109	66	0	27	0	ANN=T|intron_variant|MODIFIER|AGAP002859|AGAP002859|transcript|AGAP002859-RA|protein_coding|2/8|c.1731-303A>T||||||
2R	28464854	G	A	0	109	8	58	0	27	ANN=A|intron_variant|MODIFIER|AGAP002859|AGAP002859|transcript|AGAP002859-RA|protein_coding|2/8|c.1731-276G>A||||||
2R	28464857	A	G	0	109	8	58	0	27	ANN=G|intron_variant|MODIFIER|AGAP002859|AGAP002859|transcript|AGAP002859-RA|protein_coding|2/8|c.1731-273A>G||||||
2R	28464869	T	G	0	109	8	58	0	27	ANN=G|intron_variant|MODIFIER|AGAP002859|AGAP002859|transcript|AGAP002859-RA|protein_coding|2/8|c.1731-261T>G||||||
2R	28464870	T	C	0	109	8	58	0	27	ANN=C|intron_variant|MODIFIER|AGAP002859|AGAP002859|transcript|AGAP002859-RA|protein_coding|2/8|c.1731-260T>C||||||
2R	28464872	T	G	109	0	48	18	0	27	ANN=G|intron_variant|MODIFIER|AGAP002859|AGAP002859|transcript|AGAP002859-RA|protein_coding|2/8|c.1731-258T>G||||||
2R	28464911	A	G	0	109	18	48	0	27	ANN=G|intron_variant|MODIFIER|AGAP002859|AGAP002859|transcript|AGAP002859-RA|protein_coding|2/8|c.1731-219A>G||||||
2R	28465395	C	T	109	0	24	42	0	27	ANN=T|intron_variant|MODIFIER|AGAP002859|AGAP002859|transcript|AGAP002859-RA|protein_coding|3/8|c.1822+174C>T||||||
2R	28465443	C	A	1	108	48	18	27	0	ANN=A|intron_variant|MODIFIER|AGAP002859|AGAP002859|transcript|AGAP002859-RA|protein_coding|3/8|c.1822+222C>A||||||
2R	28465455	T	C	109	0	19	47	0	27	ANN=C|intron_variant|MODIFIER|AGAP002859|AGAP002859|transcript|AGAP002859-RA|protein_coding|3/8|c.1822+234T>C||||||
2R	28465516	A	T	0	109	0	66	0	27	ANN=T|intron_variant|MODIFIER|AGAP002859|AGAP002859|transcript|AGAP002859-RA|protein_coding|3/8|c.1822+295A>T||||||
2R	28465649	G	T	0	109	0	66	0	27	ANN=T|intron_variant|MODIFIER|AGAP002859|AGAP002859|transcript|AGAP002859-RA|protein_coding|3/8|c.1822+428G>T||||||
2R	28465658	T	C	0	109	1	65	0	27	ANN=C|intron_variant|MODIFIER|AGAP002859|AGAP002859|transcript|AGAP002859-RA|protein_coding|3/8|c.1822+437T>C||||||
2R	28465732	T	A	0	109	0	66	0	27	ANN=A|intron_variant|MODIFIER|AGAP002859|AGAP002859|transcript|AGAP002859-RA|protein_coding|3/8|c.1822+511T>A||||||
2R	28465745	G	A	0	109	66	0	27	0	ANN=A|intron_variant|MODIFIER|AGAP002859|AGAP002859|transcript|AGAP002859-RA|protein_coding|3/8|c.1822+524G>A||||||
2R	28465828	T	C	0	109	6	60	0	27	ANN=C|intron_variant|MODIFIER|AGAP002859|AGAP002859|transcript|AGAP002859-RA|protein_coding|3/8|c.1822+607T>C||||||
2R	28465913	A	T	0	109	66	0	27	0	ANN=T|intron_variant|MODIFIER|AGAP002859|AGAP002859|transcript|AGAP002859-RA|protein_coding|3/8|c.1822+692A>T||||||
2R	28465949	G	A	0	109	45	21	0	27	ANN=A|intron_variant|MODIFIER|AGAP002859|AGAP002859|transcript|AGAP002859-RA|protein_coding|3/8|c.1822+728G>A||||||
2R	28466046	T	G	0	109	30	36	0	27	ANN=G|intron_variant|MODIFIER|AGAP002859|AGAP002859|transcript|AGAP002859-RA|protein_coding|3/8|c.1822+825T>G||||||
2R	28466087	C	T	0	109	1	65	0	27	ANN=T|intron_variant|MODIFIER|AGAP002859|AGAP002859|transcript|AGAP002859-RA|protein_coding|3/8|c.1822+866C>T||||||
2R	28466104	G	A	0	109	4	62	0	27	ANN=A|intron_variant|MODIFIER|AGAP002859|AGAP002859|transcript|AGAP002859-RA|protein_coding|3/8|c.1822+883G>A||||||
2R	28466203	T	C	0	109	60	6	27	0	ANN=C|intron_variant|MODIFIER|AGAP002859|AGAP002859|transcript|AGAP002859-RA|protein_coding|3/8|c.1822+982T>C||||||
2R	28466208	C	G	109	0	43	23	0	27	ANN=G|intron_variant|MODIFIER|AGAP002859|AGAP002859|transcript|AGAP002859-RA|protein_coding|3/8|c.1822+987C>G||||||
2R	28466325	G	A	109	0	46	20	0	27	ANN=A|intron_variant|MODIFIER|AGAP002859|AGAP002859|transcript|AGAP002859-RA|protein_coding|3/8|c.1822+1104G>A||||||
2R	28466515	T	C	0	109	0	66	0	27	ANN=C|intron_variant|MODIFIER|AGAP002859|AGAP002859|transcript|AGAP002859-RA|protein_coding|3/8|c.1822+1294T>C||||||
2R	28466522	G	A	0	109	1	65	0	27	ANN=A|intron_variant|MODIFIER|AGAP002859|AGAP002859|transcript|AGAP002859-RA|protein_coding|3/8|c.1822+1301G>A||||||
2R	28466872	T	A	0	109	62	4	27	0	ANN=A|intron_variant|MODIFIER|AGAP002859|AGAP002859|transcript|AGAP002859-RA|protein_coding|3/8|c.1822+1651T>A||||||
2R	28466909	G	A	0	109	56	10	27	0	ANN=A|intron_variant|MODIFIER|AGAP002859|AGAP002859|transcript|AGAP002859-RA|protein_coding|3/8|c.1822+1688G>A||||||
2R	28466954	T	G	109	0	48	18	0	27	ANN=G|intron_variant|MODIFIER|AGAP002859|AGAP002859|transcript|AGAP002859-RA|protein_coding|3/8|c.1822+1733T>G||||||
2R	28467008	G	A	0	109	63	3	27	0	ANN=A|intron_variant|MODIFIER|AGAP002859|AGAP002859|transcript|AGAP002859-RA|protein_coding|3/8|c.1822+1787G>A||||||
2R	28467014	A	T	109	0	4	62	0	27	ANN=T|intron_variant|MODIFIER|AGAP002859|AGAP002859|transcript|AGAP002859-RA|protein_coding|3/8|c.1822+1793A>T||||||
2R	28467135	T	G	0	109	32	34	27	0	ANN=G|intron_variant|MODIFIER|AGAP002859|AGAP002859|transcript|AGAP002859-RA|protein_coding|3/8|c.1822+1914T>G||||||
2R	28467166	C	T	109	0	47	19	0	27	ANN=T|intron_variant|MODIFIER|AGAP002859|AGAP002859|transcript|AGAP002859-RA|protein_coding|3/8|c.1822+1945C>T||||||
2R	28467313	T	C	0	109	26	40	0	27	ANN=C|intron_variant|MODIFIER|AGAP002859|AGAP002859|transcript|AGAP002859-RA|protein_coding|3/8|c.1822+2092T>C||||||
2R	28467317	G	A	0	109	27	39	0	27	ANN=A|intron_variant|MODIFIER|AGAP002859|AGAP002859|transcript|AGAP002859-RA|protein_coding|3/8|c.1822+2096G>A||||||
2R	28467453	A	G	0	109	1	65	0	27	ANN=G|intron_variant|MODIFIER|AGAP002859|AGAP002859|transcript|AGAP002859-RA|protein_coding|3/8|c.1822+2232A>G||||||
2R	28467465	T	C	0	109	28	38	0	27	ANN=C|intron_variant|MODIFIER|AGAP002859|AGAP002859|transcript|AGAP002859-RA|protein_coding|3/8|c.1822+2244T>C||||||
2R	28467686	A	T	0	109	62	4	27	0	ANN=T|intron_variant|MODIFIER|AGAP002859|AGAP002859|transcript|AGAP002859-RA|protein_coding|3/8|c.1822+2465A>T||||||
2R	28467719	C	T	0	109	42	24	27	0	ANN=T|intron_variant|MODIFIER|AGAP002859|AGAP002859|transcript|AGAP002859-RA|protein_coding|3/8|c.1822+2498C>T||||||
2R	28467725	G	A	0	109	41	25	27	0	ANN=A|intron_variant|MODIFIER|AGAP002859|AGAP002859|transcript|AGAP002859-RA|protein_coding|3/8|c.1822+2504G>A||||||
2R	28467733	C	T	109	0	34	32	0	27	ANN=T|intron_variant|MODIFIER|AGAP002859|AGAP002859|transcript|AGAP002859-RA|protein_coding|3/8|c.1822+2512C>T||||||
2R	28467736	C	G	109	0	34	32	0	27	ANN=G|intron_variant|MODIFIER|AGAP002859|AGAP002859|transcript|AGAP002859-RA|protein_coding|3/8|c.1822+2515C>G||||||
2R	28467739	T	C	0	109	6	60	0	27	ANN=C|intron_variant|MODIFIER|AGAP002859|AGAP002859|transcript|AGAP002859-RA|protein_coding|3/8|c.1822+2518T>C||||||
2R	28467860	G	T	0	109	62	4	27	0	ANN=T|intron_variant|MODIFIER|AGAP002859|AGAP002859|transcript|AGAP002859-RA|protein_coding|3/8|c.1822+2639G>T||||||
2R	28467990	C	T	0	109	38	28	27	0	ANN=T|intron_variant|MODIFIER|AGAP002859|AGAP002859|transcript|AGAP002859-RA|protein_coding|3/8|c.1822+2769C>T||||||
2R	28467993	G	A	109	0	44	22	0	27	ANN=A|intron_variant|MODIFIER|AGAP002859|AGAP002859|transcript|AGAP002859-RA|protein_coding|3/8|c.1822+2772G>A||||||
2R	28468014	A	T	0	109	43	23	27	0	ANN=T|intron_variant|MODIFIER|AGAP002859|AGAP002859|transcript|AGAP002859-RA|protein_coding|3/8|c.1822+2793A>T||||||
2R	28468191	A	T	0	109	4	62	0	27	ANN=T|intron_variant|MODIFIER|AGAP002859|AGAP002859|transcript|AGAP002859-RA|protein_coding|3/8|c.1822+2970A>T||||||
2R	28468192	G	T	0	109	0	66	0	27	ANN=T|intron_variant|MODIFIER|AGAP002859|AGAP002859|transcript|AGAP002859-RA|protein_coding|3/8|c.1822+2971G>T||||||
2R	28468386	A	G	0	109	0	66	0	27	ANN=G|intron_variant|MODIFIER|AGAP002859|AGAP002859|transcript|AGAP002859-RA|protein_coding|3/8|c.1822+3165A>G||||||
2R	28468698	C	T	0	109	3	63	0	27	ANN=T|intron_variant|MODIFIER|AGAP002859|AGAP002859|transcript|AGAP002859-RA|protein_coding|3/8|c.1822+3477C>T||||||
2R	28468704	T	G	1	108	62	4	27	0	ANN=G|intron_variant|MODIFIER|AGAP002859|AGAP002859|transcript|AGAP002859-RA|protein_coding|3/8|c.1822+3483T>G||||||
2R	28468841	C	T	0	109	4	62	0	27	ANN=T|intron_variant|MODIFIER|AGAP002859|AGAP002859|transcript|AGAP002859-RA|protein_coding|3/8|c.1822+3620C>T||||||
2R	28468863	A	T	0	109	13	53	0	27	ANN=T|intron_variant|MODIFIER|AGAP002859|AGAP002859|transcript|AGAP002859-RA|protein_coding|3/8|c.1822+3642A>T||||||
2R	28468935	G	A	0	109	0	66	0	27	ANN=A|intron_variant|MODIFIER|AGAP002859|AGAP002859|transcript|AGAP002859-RA|protein_coding|3/8|c.1822+3714G>A||||||
2R	28468969	A	C	0	109	0	66	0	27	ANN=C|intron_variant|MODIFIER|AGAP002859|AGAP002859|transcript|AGAP002859-RA|protein_coding|3/8|c.1823-3717A>C||||||
2R	28469004	C	A	107	2	12	54	0	27	ANN=A|intron_variant|MODIFIER|AGAP002859|AGAP002859|transcript|AGAP002859-RA|protein_coding|3/8|c.1823-3682C>A||||||
2R	28469024	C	T	109	0	66	0	25	2	ANN=T|intron_variant|MODIFIER|AGAP002859|AGAP002859|transcript|AGAP002859-RA|protein_coding|3/8|c.1823-3662C>T||||||
2R	28469045	T	C	0	109	5	61	0	27	ANN=C|intron_variant|MODIFIER|AGAP002859|AGAP002859|transcript|AGAP002859-RA|protein_coding|3/8|c.1823-3641T>C||||||
2R	28469065	C	T	1	108	62	4	27	0	ANN=T|intron_variant|MODIFIER|AGAP002859|AGAP002859|transcript|AGAP002859-RA|protein_coding|3/8|c.1823-3621C>T||||||
2R	28469117	T	G	0	109	0	66	0	27	ANN=G|intron_variant|MODIFIER|AGAP002859|AGAP002859|transcript|AGAP002859-RA|protein_coding|3/8|c.1823-3569T>G||||||
2R	28469251	A	G	0	109	0	66	0	27	ANN=G|intron_variant|MODIFIER|AGAP002859|AGAP002859|transcript|AGAP002859-RA|protein_coding|3/8|c.1823-3435A>G||||||
2R	28469310	G	A	109	0	48	18	0	27	ANN=A|intron_variant|MODIFIER|AGAP002859|AGAP002859|transcript|AGAP002859-RA|protein_coding|3/8|c.1823-3376G>A||||||
2R	28469740	C	T	109	0	18	48	0	27	ANN=T|intron_variant|MODIFIER|AGAP002859|AGAP002859|transcript|AGAP002859-RA|protein_coding|3/8|c.1823-2946C>T||||||
2R	28469743	C	T	109	0	18	48	0	27	ANN=T|intron_variant|MODIFIER|AGAP002859|AGAP002859|transcript|AGAP002859-RA|protein_coding|3/8|c.1823-2943C>T||||||
2R	28469848	A	T	109	0	17	49	0	27	ANN=T|intron_variant|MODIFIER|AGAP002859|AGAP002859|transcript|AGAP002859-RA|protein_coding|3/8|c.1823-2838A>T||||||
2R	28469909	A	C	108	1	46	20	0	27	ANN=C|intron_variant|MODIFIER|AGAP002859|AGAP002859|transcript|AGAP002859-RA|protein_coding|3/8|c.1823-2777A>C||||||
2R	28470508	G	A	109	0	13	53	0	27	ANN=A|intron_variant|MODIFIER|AGAP002859|AGAP002859|transcript|AGAP002859-RA|protein_coding|3/8|c.1823-2178G>A||||||
2R	28470512	C	T	109	0	46	20	0	27	ANN=T|intron_variant|MODIFIER|AGAP002859|AGAP002859|transcript|AGAP002859-RA|protein_coding|3/8|c.1823-2174C>T||||||
2R	28470524	A	T	109	0	46	20	0	27	ANN=T|intron_variant|MODIFIER|AGAP002859|AGAP002859|transcript|AGAP002859-RA|protein_coding|3/8|c.1823-2162A>T||||||
2R	28470530	T	A	109	0	46	20	0	27	ANN=A|intron_variant|MODIFIER|AGAP002859|AGAP002859|transcript|AGAP002859-RA|protein_coding|3/8|c.1823-2156T>A||||||
2R	28470583	G	A	109	0	16	50	0	27	ANN=A|intron_variant|MODIFIER|AGAP002859|AGAP002859|transcript|AGAP002859-RA|protein_coding|3/8|c.1823-2103G>A||||||
2R	28470710	T	A	109	0	44	22	0	27	ANN=A|intron_variant|MODIFIER|AGAP002859|AGAP002859|transcript|AGAP002859-RA|protein_coding|3/8|c.1823-1976T>A||||||
2R	28470721	A	G	109	0	44	22	0	27	ANN=G|intron_variant|MODIFIER|AGAP002859|AGAP002859|transcript|AGAP002859-RA|protein_coding|3/8|c.1823-1965A>G||||||
2R	28470828	T	A	0	109	4	62	0	27	ANN=A|intron_variant|MODIFIER|AGAP002859|AGAP002859|transcript|AGAP002859-RA|protein_coding|3/8|c.1823-1858T>A||||||
2R	28470829	G	A	109	0	48	18	0	27	ANN=A|intron_variant|MODIFIER|AGAP002859|AGAP002859|transcript|AGAP002859-RA|protein_coding|3/8|c.1823-1857G>A||||||
2R	28470917	T	C	109	0	48	18	0	27	ANN=C|intron_variant|MODIFIER|AGAP002859|AGAP002859|transcript|AGAP002859-RA|protein_coding|3/8|c.1823-1769T>C||||||
2R	28471118	T	A	109	0	46	20	0	27	ANN=A|intron_variant|MODIFIER|AGAP002859|AGAP002859|transcript|AGAP002859-RA|protein_coding|3/8|c.1823-1568T>A||||||
2R	28471151	C	T	109	0	47	19	0	27	ANN=T|intron_variant|MODIFIER|AGAP002859|AGAP002859|transcript|AGAP002859-RA|protein_coding|3/8|c.1823-1535C>T||||||
2R	28471158	T	A	109	0	47	19	0	27	ANN=A|intron_variant|MODIFIER|AGAP002859|AGAP002859|transcript|AGAP002859-RA|protein_coding|3/8|c.1823-1528T>A||||||
2R	28471203	G	A	0	109	4	62	0	27	ANN=A|intron_variant|MODIFIER|AGAP002859|AGAP002859|transcript|AGAP002859-RA|protein_coding|3/8|c.1823-1483G>A||||||
2R	28471208	C	T	109	0	48	18	0	27	ANN=T|intron_variant|MODIFIER|AGAP002859|AGAP002859|transcript|AGAP002859-RA|protein_coding|3/8|c.1823-1478C>T||||||
2R	28471293	C	T	109	0	24	42	0	27	ANN=T|intron_variant|MODIFIER|AGAP002859|AGAP002859|transcript|AGAP002859-RA|protein_coding|3/8|c.1823-1393C>T||||||
2R	28471325	A	T	109	0	48	18	0	27	ANN=T|intron_variant|MODIFIER|AGAP002859|AGAP002859|transcript|AGAP002859-RA|protein_coding|3/8|c.1823-1361A>T||||||
2R	28471392	T	C	109	0	48	18	0	27	ANN=C|intron_variant|MODIFIER|AGAP002859|AGAP002859|transcript|AGAP002859-RA|protein_coding|3/8|c.1823-1294T>C||||||
2R	28471506	G	C	0	109	0	66	0	27	ANN=C|intron_variant|MODIFIER|AGAP002859|AGAP002859|transcript|AGAP002859-RA|protein_coding|3/8|c.1823-1180G>C||||||
2R	28471544	T	C	0	109	61	5	27	0	ANN=C|intron_variant|MODIFIER|AGAP002859|AGAP002859|transcript|AGAP002859-RA|protein_coding|3/8|c.1823-1142T>C||||||
2R	28471578	C	T	108	1	66	0	27	0	ANN=T|intron_variant|MODIFIER|AGAP002859|AGAP002859|transcript|AGAP002859-RA|protein_coding|3/8|c.1823-1108C>T||||||
2R	28471707	A	C	0	109	62	4	27	0	ANN=C|intron_variant|MODIFIER|AGAP002859|AGAP002859|transcript|AGAP002859-RA|protein_coding|3/8|c.1823-979A>C||||||
2R	28471958	C	T	108	1	65	1	27	0	ANN=T|intron_variant|MODIFIER|AGAP002859|AGAP002859|transcript|AGAP002859-RA|protein_coding|3/8|c.1823-728C>T||||||
2R	28472013	C	T	109	0	48	18	0	27	ANN=T|intron_variant|MODIFIER|AGAP002859|AGAP002859|transcript|AGAP002859-RA|protein_coding|3/8|c.1823-673C>T||||||
2R	28472595	G	A	0	109	5	61	0	27	ANN=A|intron_variant|MODIFIER|AGAP002859|AGAP002859|transcript|AGAP002859-RA|protein_coding|3/8|c.1823-91G>A||||||
2R	28472862	T	A	0	109	42	24	27	0	ANN=A|intron_variant|MODIFIER|AGAP002859|AGAP002859|transcript|AGAP002859-RA|protein_coding|4/8|c.1971+28T>A||||||
2R	28472877	T	G	0	109	37	29	27	0	ANN=G|intron_variant|MODIFIER|AGAP002859|AGAP002859|transcript|AGAP002859-RA|protein_coding|4/8|c.1971+43T>G||||||
2R	28472917	C	G	0	109	2	64	0	27	ANN=G|intron_variant|MODIFIER|AGAP002859|AGAP002859|transcript|AGAP002859-RA|protein_coding|4/8|c.1971+83C>G||||||
2R	28472946	C	T	109	0	27	39	0	27	ANN=T|intron_variant|MODIFIER|AGAP002859|AGAP002859|transcript|AGAP002859-RA|protein_coding|4/8|c.1971+112C>T||||||
2R	28472973	G	A	0	109	53	13	27	0	ANN=A|intron_variant|MODIFIER|AGAP002859|AGAP002859|transcript|AGAP002859-RA|protein_coding|4/8|c.1971+139G>A||||||
2R	28472984	C	T	0	109	5	61	1	26	ANN=T|intron_variant|MODIFIER|AGAP002859|AGAP002859|transcript|AGAP002859-RA|protein_coding|4/8|c.1971+150C>T||||||
2R	28472988	T	C	0	109	5	61	0	27	ANN=C|intron_variant|MODIFIER|AGAP002859|AGAP002859|transcript|AGAP002859-RA|protein_coding|4/8|c.1971+154T>C||||||
2R	28472990	T	G	0	109	51	15	27	0	ANN=G|intron_variant|MODIFIER|AGAP002859|AGAP002859|transcript|AGAP002859-RA|protein_coding|4/8|c.1971+156T>G||||||
2R	28473052	T	G	0	109	5	61	0	27	ANN=G|intron_variant|MODIFIER|AGAP002859|AGAP002859|transcript|AGAP002859-RA|protein_coding|4/8|c.1971+218T>G||||||
2R	28473122	C	T	109	0	44	22	0	27	ANN=T|intron_variant|MODIFIER|AGAP002859|AGAP002859|transcript|AGAP002859-RA|protein_coding|4/8|c.1971+288C>T||||||
2R	28473211	A	G	0	109	59	7	27	0	ANN=G|intron_variant|MODIFIER|AGAP002859|AGAP002859|transcript|AGAP002859-RA|protein_coding|4/8|c.1971+377A>G||||||
2R	28473237	C	T	109	0	47	19	0	27	ANN=T|intron_variant|MODIFIER|AGAP002859|AGAP002859|transcript|AGAP002859-RA|protein_coding|4/8|c.1971+403C>T||||||
2R	28473269	A	G	109	0	47	19	0	27	ANN=G|intron_variant|MODIFIER|AGAP002859|AGAP002859|transcript|AGAP002859-RA|protein_coding|4/8|c.1971+435A>G||||||
2R	28473433	C	G	0	109	41	25	0	27	ANN=G|intron_variant|MODIFIER|AGAP002859|AGAP002859|transcript|AGAP002859-RA|protein_coding|4/8|c.1971+599C>G||||||
2R	28473558	G	A	109	0	48	18	0	27	ANN=A|intron_variant|MODIFIER|AGAP002859|AGAP002859|transcript|AGAP002859-RA|protein_coding|4/8|c.1971+724G>A||||||
2R	28473636	G	A	109	0	48	18	0	27	ANN=A|intron_variant|MODIFIER|AGAP002859|AGAP002859|transcript|AGAP002859-RA|protein_coding|4/8|c.1971+802G>A||||||
2R	28473663	G	C	109	0	48	18	0	27	ANN=C|intron_variant|MODIFIER|AGAP002859|AGAP002859|transcript|AGAP002859-RA|protein_coding|4/8|c.1971+829G>C||||||
2R	28473673	C	T	0	109	62	4	27	0	ANN=T|intron_variant|MODIFIER|AGAP002859|AGAP002859|transcript|AGAP002859-RA|protein_coding|4/8|c.1971+839C>T||||||
2R	28473822	A	G	0	109	7	59	0	27	ANN=G|intron_variant|MODIFIER|AGAP002859|AGAP002859|transcript|AGAP002859-RA|protein_coding|4/8|c.1971+988A>G||||||
2R	28473883	G	A	109	0	37	29	26	1	ANN=A|intron_variant|MODIFIER|AGAP002859|AGAP002859|transcript|AGAP002859-RA|protein_coding|4/8|c.1971+1049G>A||||||
2R	28474062	A	T	0	109	56	10	27	0	ANN=T|intron_variant|MODIFIER|AGAP002859|AGAP002859|transcript|AGAP002859-RA|protein_coding|4/8|c.1971+1228A>T||||||
2R	28474122	G	A	0	109	61	5	27	0	ANN=A|intron_variant|MODIFIER|AGAP002859|AGAP002859|transcript|AGAP002859-RA|protein_coding|4/8|c.1971+1288G>A||||||
2R	28474137	C	G	109	0	48	18	1	26	ANN=G|intron_variant|MODIFIER|AGAP002859|AGAP002859|transcript|AGAP002859-RA|protein_coding|4/8|c.1971+1303C>G||||||
2R	28474178	G	A	0	109	61	5	27	0	ANN=A|intron_variant|MODIFIER|AGAP002859|AGAP002859|transcript|AGAP002859-RA|protein_coding|4/8|c.1971+1344G>A||||||
2R	28474219	G	C	0	109	4	62	0	27	ANN=C|intron_variant|MODIFIER|AGAP002859|AGAP002859|transcript|AGAP002859-RA|protein_coding|4/8|c.1971+1385G>C||||||
2R	28474247	A	G	0	109	61	5	27	0	ANN=G|intron_variant|MODIFIER|AGAP002859|AGAP002859|transcript|AGAP002859-RA|protein_coding|4/8|c.1971+1413A>G||||||
2R	28474300	C	A	109	0	48	18	0	27	ANN=A|intron_variant|MODIFIER|AGAP002859|AGAP002859|transcript|AGAP002859-RA|protein_coding|4/8|c.1971+1466C>A||||||
2R	28474440	C	T	0	109	0	66	0	27	ANN=T|intron_variant|MODIFIER|AGAP002859|AGAP002859|transcript|AGAP002859-RA|protein_coding|4/8|c.1971+1606C>T||||||
2R	28474453	A	G	0	109	62	4	27	0	ANN=G|intron_variant|MODIFIER|AGAP002859|AGAP002859|transcript|AGAP002859-RA|protein_coding|4/8|c.1971+1619A>G||||||
2R	28474522	C	T	0	109	16	50	0	27	ANN=T|intron_variant|MODIFIER|AGAP002859|AGAP002859|transcript|AGAP002859-RA|protein_coding|4/8|c.1971+1688C>T||||||
2R	28474583	G	A	0	109	0	66	0	27	ANN=A|intron_variant|MODIFIER|AGAP002859|AGAP002859|transcript|AGAP002859-RA|protein_coding|4/8|c.1971+1749G>A||||||
