Chrom	Pos	Ref	Alt	n_Ref_cluster_1	n_Alt_cluster_1	n_Ref_non_cluster	n_Alt_non_cluster	Info
2R	54255626	A	G	0	21	49	60	ANN=G|upstream_gene_variant|MODIFIER|tRNA-Val|AGAP004304|transcript|AGAP004304-RA|protein_coding||c.-3115A>G|||||3115|WARNING_TRANSCRIPT_INCOMPLETE,G|downstream_gene_variant|MODIFIER|AGAP013294|AGAP013294|transcript|AGAP013294-RA|protein_coding||c.*7060T>C|||||3319|,G|intron_variant|MODIFIER|AGAP004303|AGAP004303|transcript|AGAP004303-RA|protein_coding|2/6|c.200+249T>C||||||
2R	54255823	T	C	0	21	1	108	ANN=C|upstream_gene_variant|MODIFIER|tRNA-Val|AGAP004304|transcript|AGAP004304-RA|protein_coding||c.-2918T>C|||||2918|WARNING_TRANSCRIPT_INCOMPLETE,C|downstream_gene_variant|MODIFIER|AGAP013294|AGAP013294|transcript|AGAP013294-RA|protein_coding||c.*6863A>G|||||3122|,C|intron_variant|MODIFIER|AGAP004303|AGAP004303|transcript|AGAP004303-RA|protein_coding|2/6|c.200+52A>G||||||
2R	54255981	G	A	0	21	1	108	ANN=A|synonymous_variant|LOW|AGAP004303|AGAP004303|transcript|AGAP004303-RA|protein_coding|2/7|c.94C>T|p.Leu32Leu|723/5751|94/3432|32/1143||,A|upstream_gene_variant|MODIFIER|tRNA-Val|AGAP004304|transcript|AGAP004304-RA|protein_coding||c.-2760G>A|||||2760|WARNING_TRANSCRIPT_INCOMPLETE,A|downstream_gene_variant|MODIFIER|AGAP013294|AGAP013294|transcript|AGAP013294-RA|protein_coding||c.*6705C>T|||||2964|
2R	54256391	G	A	0	21	87	22	ANN=A|upstream_gene_variant|MODIFIER|tRNA-Val|AGAP004304|transcript|AGAP004304-RA|protein_coding||c.-2350G>A|||||2350|WARNING_TRANSCRIPT_INCOMPLETE,A|downstream_gene_variant|MODIFIER|AGAP013294|AGAP013294|transcript|AGAP013294-RA|protein_coding||c.*6295C>T|||||2554|,A|intron_variant|MODIFIER|AGAP004303|AGAP004303|transcript|AGAP004303-RA|protein_coding|1/6|c.-238-79C>T||||||
2R	54256579	A	G	0	21	1	108	ANN=G|upstream_gene_variant|MODIFIER|tRNA-Val|AGAP004304|transcript|AGAP004304-RA|protein_coding||c.-2162A>G|||||2162|WARNING_TRANSCRIPT_INCOMPLETE,G|downstream_gene_variant|MODIFIER|AGAP013294|AGAP013294|transcript|AGAP013294-RA|protein_coding||c.*6107T>C|||||2366|,G|intron_variant|MODIFIER|AGAP004303|AGAP004303|transcript|AGAP004303-RA|protein_coding|1/6|c.-238-267T>C||||||
2R	54256585	A	G	0	21	8	101	ANN=G|upstream_gene_variant|MODIFIER|tRNA-Val|AGAP004304|transcript|AGAP004304-RA|protein_coding||c.-2156A>G|||||2156|WARNING_TRANSCRIPT_INCOMPLETE,G|downstream_gene_variant|MODIFIER|AGAP013294|AGAP013294|transcript|AGAP013294-RA|protein_coding||c.*6101T>C|||||2360|,G|intron_variant|MODIFIER|AGAP004303|AGAP004303|transcript|AGAP004303-RA|protein_coding|1/6|c.-238-273T>C||||||
2R	54256967	T	G	0	21	0	109	ANN=G|upstream_gene_variant|MODIFIER|tRNA-Val|AGAP004304|transcript|AGAP004304-RA|protein_coding||c.-1774T>G|||||1774|WARNING_TRANSCRIPT_INCOMPLETE,G|downstream_gene_variant|MODIFIER|AGAP013294|AGAP013294|transcript|AGAP013294-RA|protein_coding||c.*5719A>C|||||1978|,G|intron_variant|MODIFIER|AGAP004303|AGAP004303|transcript|AGAP004303-RA|protein_coding|1/6|c.-239+309A>C||||||
2R	54256988	T	C	0	21	15	94	ANN=C|upstream_gene_variant|MODIFIER|tRNA-Val|AGAP004304|transcript|AGAP004304-RA|protein_coding||c.-1753T>C|||||1753|WARNING_TRANSCRIPT_INCOMPLETE,C|downstream_gene_variant|MODIFIER|AGAP013294|AGAP013294|transcript|AGAP013294-RA|protein_coding||c.*5698A>G|||||1957|,C|intron_variant|MODIFIER|AGAP004303|AGAP004303|transcript|AGAP004303-RA|protein_coding|1/6|c.-239+288A>G||||||
2R	54256989	G	A	0	21	53	56	ANN=A|upstream_gene_variant|MODIFIER|tRNA-Val|AGAP004304|transcript|AGAP004304-RA|protein_coding||c.-1752G>A|||||1752|WARNING_TRANSCRIPT_INCOMPLETE,A|downstream_gene_variant|MODIFIER|AGAP013294|AGAP013294|transcript|AGAP013294-RA|protein_coding||c.*5697C>T|||||1956|,A|intron_variant|MODIFIER|AGAP004303|AGAP004303|transcript|AGAP004303-RA|protein_coding|1/6|c.-239+287C>T||||||
2R	54256995	A	G	20	1	101	8	ANN=G|upstream_gene_variant|MODIFIER|tRNA-Val|AGAP004304|transcript|AGAP004304-RA|protein_coding||c.-1746A>G|||||1746|WARNING_TRANSCRIPT_INCOMPLETE,G|downstream_gene_variant|MODIFIER|AGAP013294|AGAP013294|transcript|AGAP013294-RA|protein_coding||c.*5691T>C|||||1950|,G|intron_variant|MODIFIER|AGAP004303|AGAP004303|transcript|AGAP004303-RA|protein_coding|1/6|c.-239+281T>C||||||
2R	54257071	A	T	0	21	108	1	ANN=T|upstream_gene_variant|MODIFIER|tRNA-Val|AGAP004304|transcript|AGAP004304-RA|protein_coding||c.-1670A>T|||||1670|WARNING_TRANSCRIPT_INCOMPLETE,T|downstream_gene_variant|MODIFIER|AGAP013294|AGAP013294|transcript|AGAP013294-RA|protein_coding||c.*5615T>A|||||1874|,T|intron_variant|MODIFIER|AGAP004303|AGAP004303|transcript|AGAP004303-RA|protein_coding|1/6|c.-239+205T>A||||||
2R	54257307	C	A	0	21	15	94	ANN=A|5_prime_UTR_variant|MODIFIER|AGAP004303|AGAP004303|transcript|AGAP004303-RA|protein_coding|1/7|c.-270G>T|||||1233|,A|upstream_gene_variant|MODIFIER|tRNA-Val|AGAP004304|transcript|AGAP004304-RA|protein_coding||c.-1434C>A|||||1434|WARNING_TRANSCRIPT_INCOMPLETE,A|downstream_gene_variant|MODIFIER|AGAP013294|AGAP013294|transcript|AGAP013294-RA|protein_coding||c.*5379G>T|||||1638|
2R	54257343	T	C	0	21	1	108	ANN=C|5_prime_UTR_variant|MODIFIER|AGAP004303|AGAP004303|transcript|AGAP004303-RA|protein_coding|1/7|c.-306A>G|||||1269|,C|upstream_gene_variant|MODIFIER|tRNA-Val|AGAP004304|transcript|AGAP004304-RA|protein_coding||c.-1398T>C|||||1398|WARNING_TRANSCRIPT_INCOMPLETE,C|downstream_gene_variant|MODIFIER|AGAP013294|AGAP013294|transcript|AGAP013294-RA|protein_coding||c.*5343A>G|||||1602|
2R	54257487	T	C	0	21	1	108	ANN=C|5_prime_UTR_premature_start_codon_gain_variant|LOW|AGAP004303|AGAP004303|transcript|AGAP004303-RA|protein_coding|1/7|c.-450A>G||||||,C|5_prime_UTR_variant|MODIFIER|AGAP004303|AGAP004303|transcript|AGAP004303-RA|protein_coding|1/7|c.-450A>G|||||1413|,C|upstream_gene_variant|MODIFIER|tRNA-Val|AGAP004304|transcript|AGAP004304-RA|protein_coding||c.-1254T>C|||||1254|WARNING_TRANSCRIPT_INCOMPLETE,C|downstream_gene_variant|MODIFIER|AGAP013294|AGAP013294|transcript|AGAP013294-RA|protein_coding||c.*5199A>G|||||1458|
2R	54257588	A	G	1	20	1	108	ANN=G|5_prime_UTR_variant|MODIFIER|AGAP004303|AGAP004303|transcript|AGAP004303-RA|protein_coding|1/7|c.-551T>C|||||1514|,G|upstream_gene_variant|MODIFIER|tRNA-Val|AGAP004304|transcript|AGAP004304-RA|protein_coding||c.-1153A>G|||||1153|WARNING_TRANSCRIPT_INCOMPLETE,G|downstream_gene_variant|MODIFIER|AGAP013294|AGAP013294|transcript|AGAP013294-RA|protein_coding||c.*5098T>C|||||1357|
2R	54257616	T	C	0	21	4	105	ANN=C|5_prime_UTR_variant|MODIFIER|AGAP004303|AGAP004303|transcript|AGAP004303-RA|protein_coding|1/7|c.-579A>G|||||1542|,C|upstream_gene_variant|MODIFIER|tRNA-Val|AGAP004304|transcript|AGAP004304-RA|protein_coding||c.-1125T>C|||||1125|WARNING_TRANSCRIPT_INCOMPLETE,C|downstream_gene_variant|MODIFIER|AGAP013294|AGAP013294|transcript|AGAP013294-RA|protein_coding||c.*5070A>G|||||1329|
2R	54257627	C	T	0	21	49	60	ANN=T|5_prime_UTR_variant|MODIFIER|AGAP004303|AGAP004303|transcript|AGAP004303-RA|protein_coding|1/7|c.-590G>A|||||1553|,T|upstream_gene_variant|MODIFIER|tRNA-Val|AGAP004304|transcript|AGAP004304-RA|protein_coding||c.-1114C>T|||||1114|WARNING_TRANSCRIPT_INCOMPLETE,T|downstream_gene_variant|MODIFIER|AGAP013294|AGAP013294|transcript|AGAP013294-RA|protein_coding||c.*5059G>A|||||1318|
2R	54257754	G	A	0	21	108	1	ANN=A|upstream_gene_variant|MODIFIER|AGAP004303|AGAP004303|transcript|AGAP004303-RA|protein_coding||c.-717C>T|||||88|,A|upstream_gene_variant|MODIFIER|tRNA-Val|AGAP004304|transcript|AGAP004304-RA|protein_coding||c.-987G>A|||||987|WARNING_TRANSCRIPT_INCOMPLETE,A|downstream_gene_variant|MODIFIER|AGAP013294|AGAP013294|transcript|AGAP013294-RA|protein_coding||c.*4932C>T|||||1191|,A|intergenic_region|MODIFIER|AGAP004303-tRNA-Val|AGAP004303-AGAP004304|intergenic_region|AGAP004303-AGAP004304|||n.54257754G>A||||||
2R	54257900	T	A	0	21	0	109	ANN=A|upstream_gene_variant|MODIFIER|AGAP004303|AGAP004303|transcript|AGAP004303-RA|protein_coding||c.-863A>T|||||234|,A|upstream_gene_variant|MODIFIER|tRNA-Val|AGAP004304|transcript|AGAP004304-RA|protein_coding||c.-841T>A|||||841|WARNING_TRANSCRIPT_INCOMPLETE,A|downstream_gene_variant|MODIFIER|AGAP013294|AGAP013294|transcript|AGAP013294-RA|protein_coding||c.*4786A>T|||||1045|,A|intergenic_region|MODIFIER|AGAP004303-tRNA-Val|AGAP004303-AGAP004304|intergenic_region|AGAP004303-AGAP004304|||n.54257900T>A||||||
2R	54258455	G	A	0	21	0	109	ANN=A|upstream_gene_variant|MODIFIER|AGAP004303|AGAP004303|transcript|AGAP004303-RA|protein_coding||c.-1418C>T|||||789|,A|upstream_gene_variant|MODIFIER|tRNA-Val|AGAP004304|transcript|AGAP004304-RA|protein_coding||c.-286G>A|||||286|WARNING_TRANSCRIPT_INCOMPLETE,A|upstream_gene_variant|MODIFIER|tRNA-Gln|AGAP004305|transcript|AGAP004305-RA|protein_coding||c.-4729G>A|||||4729|WARNING_TRANSCRIPT_NO_START_CODON,A|downstream_gene_variant|MODIFIER|AGAP013294|AGAP013294|transcript|AGAP013294-RA|protein_coding||c.*4231C>T|||||490|,A|intergenic_region|MODIFIER|AGAP004303-tRNA-Val|AGAP004303-AGAP004304|intergenic_region|AGAP004303-AGAP004304|||n.54258455G>A||||||
2R	54258623	A	G	0	21	0	109	ANN=G|upstream_gene_variant|MODIFIER|AGAP004303|AGAP004303|transcript|AGAP004303-RA|protein_coding||c.-1586T>C|||||957|,G|upstream_gene_variant|MODIFIER|tRNA-Val|AGAP004304|transcript|AGAP004304-RA|protein_coding||c.-118A>G|||||118|WARNING_TRANSCRIPT_INCOMPLETE,G|upstream_gene_variant|MODIFIER|tRNA-Gln|AGAP004305|transcript|AGAP004305-RA|protein_coding||c.-4561A>G|||||4561|WARNING_TRANSCRIPT_NO_START_CODON,G|downstream_gene_variant|MODIFIER|AGAP013294|AGAP013294|transcript|AGAP013294-RA|protein_coding||c.*4063T>C|||||322|,G|intergenic_region|MODIFIER|AGAP004303-tRNA-Val|AGAP004303-AGAP004304|intergenic_region|AGAP004303-AGAP004304|||n.54258623A>G||||||
2R	54259128	T	A	0	21	81	28	ANN=A|3_prime_UTR_variant|MODIFIER|AGAP013294|AGAP013294|transcript|AGAP013294-RA|protein_coding|5/5|c.*3558A>T|||||3558|,A|upstream_gene_variant|MODIFIER|AGAP004303|AGAP004303|transcript|AGAP004303-RA|protein_coding||c.-2091A>T|||||1462|,A|upstream_gene_variant|MODIFIER|tRNA-Gln|AGAP004305|transcript|AGAP004305-RA|protein_coding||c.-4056T>A|||||4056|WARNING_TRANSCRIPT_NO_START_CODON,A|downstream_gene_variant|MODIFIER|tRNA-Val|AGAP004304|transcript|AGAP004304-RA|protein_coding||c.*315T>A|||||315|WARNING_TRANSCRIPT_INCOMPLETE
2R	54259257	T	C	0	21	88	21	ANN=C|3_prime_UTR_variant|MODIFIER|AGAP013294|AGAP013294|transcript|AGAP013294-RA|protein_coding|5/5|c.*3429A>G|||||3429|,C|upstream_gene_variant|MODIFIER|AGAP004303|AGAP004303|transcript|AGAP004303-RA|protein_coding||c.-2220A>G|||||1591|,C|upstream_gene_variant|MODIFIER|tRNA-Gln|AGAP004305|transcript|AGAP004305-RA|protein_coding||c.-3927T>C|||||3927|WARNING_TRANSCRIPT_NO_START_CODON,C|downstream_gene_variant|MODIFIER|tRNA-Val|AGAP004304|transcript|AGAP004304-RA|protein_coding||c.*444T>C|||||444|WARNING_TRANSCRIPT_INCOMPLETE
2R	54259414	T	G	0	21	53	56	ANN=G|3_prime_UTR_variant|MODIFIER|AGAP013294|AGAP013294|transcript|AGAP013294-RA|protein_coding|5/5|c.*3272A>C|||||3272|,G|upstream_gene_variant|MODIFIER|AGAP004303|AGAP004303|transcript|AGAP004303-RA|protein_coding||c.-2377A>C|||||1748|,G|upstream_gene_variant|MODIFIER|tRNA-Gln|AGAP004305|transcript|AGAP004305-RA|protein_coding||c.-3770T>G|||||3770|WARNING_TRANSCRIPT_NO_START_CODON,G|downstream_gene_variant|MODIFIER|tRNA-Val|AGAP004304|transcript|AGAP004304-RA|protein_coding||c.*601T>G|||||601|WARNING_TRANSCRIPT_INCOMPLETE
2R	54259415	C	A	0	21	53	56	ANN=A|3_prime_UTR_variant|MODIFIER|AGAP013294|AGAP013294|transcript|AGAP013294-RA|protein_coding|5/5|c.*3271G>T|||||3271|,A|upstream_gene_variant|MODIFIER|AGAP004303|AGAP004303|transcript|AGAP004303-RA|protein_coding||c.-2378G>T|||||1749|,A|upstream_gene_variant|MODIFIER|tRNA-Gln|AGAP004305|transcript|AGAP004305-RA|protein_coding||c.-3769C>A|||||3769|WARNING_TRANSCRIPT_NO_START_CODON,A|downstream_gene_variant|MODIFIER|tRNA-Val|AGAP004304|transcript|AGAP004304-RA|protein_coding||c.*602C>A|||||602|WARNING_TRANSCRIPT_INCOMPLETE
2R	54259533	T	A	0	21	48	61	ANN=A|3_prime_UTR_variant|MODIFIER|AGAP013294|AGAP013294|transcript|AGAP013294-RA|protein_coding|5/5|c.*3153A>T|||||3153|,A|upstream_gene_variant|MODIFIER|AGAP004303|AGAP004303|transcript|AGAP004303-RA|protein_coding||c.-2496A>T|||||1867|,A|upstream_gene_variant|MODIFIER|tRNA-Gln|AGAP004305|transcript|AGAP004305-RA|protein_coding||c.-3651T>A|||||3651|WARNING_TRANSCRIPT_NO_START_CODON,A|downstream_gene_variant|MODIFIER|tRNA-Val|AGAP004304|transcript|AGAP004304-RA|protein_coding||c.*720T>A|||||720|WARNING_TRANSCRIPT_INCOMPLETE
2R	54259588	T	A	0	21	92	17	ANN=A|3_prime_UTR_variant|MODIFIER|AGAP013294|AGAP013294|transcript|AGAP013294-RA|protein_coding|5/5|c.*3098A>T|||||3098|,A|upstream_gene_variant|MODIFIER|AGAP004303|AGAP004303|transcript|AGAP004303-RA|protein_coding||c.-2551A>T|||||1922|,A|upstream_gene_variant|MODIFIER|tRNA-Gln|AGAP004305|transcript|AGAP004305-RA|protein_coding||c.-3596T>A|||||3596|WARNING_TRANSCRIPT_NO_START_CODON,A|downstream_gene_variant|MODIFIER|tRNA-Val|AGAP004304|transcript|AGAP004304-RA|protein_coding||c.*775T>A|||||775|WARNING_TRANSCRIPT_INCOMPLETE
2R	54259990	G	T	0	21	71	38	ANN=T|3_prime_UTR_variant|MODIFIER|AGAP013294|AGAP013294|transcript|AGAP013294-RA|protein_coding|5/5|c.*2696C>A|||||2696|,T|upstream_gene_variant|MODIFIER|AGAP004303|AGAP004303|transcript|AGAP004303-RA|protein_coding||c.-2953C>A|||||2324|,T|upstream_gene_variant|MODIFIER|tRNA-Gln|AGAP004305|transcript|AGAP004305-RA|protein_coding||c.-3194G>T|||||3194|WARNING_TRANSCRIPT_NO_START_CODON,T|downstream_gene_variant|MODIFIER|tRNA-Val|AGAP004304|transcript|AGAP004304-RA|protein_coding||c.*1177G>T|||||1177|WARNING_TRANSCRIPT_INCOMPLETE
2R	54260035	G	A	0	21	58	51	ANN=A|3_prime_UTR_variant|MODIFIER|AGAP013294|AGAP013294|transcript|AGAP013294-RA|protein_coding|5/5|c.*2651C>T|||||2651|,A|upstream_gene_variant|MODIFIER|AGAP004303|AGAP004303|transcript|AGAP004303-RA|protein_coding||c.-2998C>T|||||2369|,A|upstream_gene_variant|MODIFIER|tRNA-Gln|AGAP004305|transcript|AGAP004305-RA|protein_coding||c.-3149G>A|||||3149|WARNING_TRANSCRIPT_NO_START_CODON,A|downstream_gene_variant|MODIFIER|tRNA-Val|AGAP004304|transcript|AGAP004304-RA|protein_coding||c.*1222G>A|||||1222|WARNING_TRANSCRIPT_INCOMPLETE
2R	54260041	T	G	0	21	0	109	ANN=G|3_prime_UTR_variant|MODIFIER|AGAP013294|AGAP013294|transcript|AGAP013294-RA|protein_coding|5/5|c.*2645A>C|||||2645|,G|upstream_gene_variant|MODIFIER|AGAP004303|AGAP004303|transcript|AGAP004303-RA|protein_coding||c.-3004A>C|||||2375|,G|upstream_gene_variant|MODIFIER|tRNA-Gln|AGAP004305|transcript|AGAP004305-RA|protein_coding||c.-3143T>G|||||3143|WARNING_TRANSCRIPT_NO_START_CODON,G|downstream_gene_variant|MODIFIER|tRNA-Val|AGAP004304|transcript|AGAP004304-RA|protein_coding||c.*1228T>G|||||1228|WARNING_TRANSCRIPT_INCOMPLETE
2R	54260756	G	A	0	21	94	15	ANN=A|3_prime_UTR_variant|MODIFIER|AGAP013294|AGAP013294|transcript|AGAP013294-RA|protein_coding|5/5|c.*1930C>T|||||1930|,A|upstream_gene_variant|MODIFIER|AGAP004303|AGAP004303|transcript|AGAP004303-RA|protein_coding||c.-3719C>T|||||3090|,A|upstream_gene_variant|MODIFIER|tRNA-Gln|AGAP004305|transcript|AGAP004305-RA|protein_coding||c.-2428G>A|||||2428|WARNING_TRANSCRIPT_NO_START_CODON,A|downstream_gene_variant|MODIFIER|tRNA-Val|AGAP004304|transcript|AGAP004304-RA|protein_coding||c.*1943G>A|||||1943|WARNING_TRANSCRIPT_INCOMPLETE
2R	54260761	A	G	0	21	70	39	ANN=G|3_prime_UTR_variant|MODIFIER|AGAP013294|AGAP013294|transcript|AGAP013294-RA|protein_coding|5/5|c.*1925T>C|||||1925|,G|upstream_gene_variant|MODIFIER|AGAP004303|AGAP004303|transcript|AGAP004303-RA|protein_coding||c.-3724T>C|||||3095|,G|upstream_gene_variant|MODIFIER|tRNA-Gln|AGAP004305|transcript|AGAP004305-RA|protein_coding||c.-2423A>G|||||2423|WARNING_TRANSCRIPT_NO_START_CODON,G|downstream_gene_variant|MODIFIER|tRNA-Val|AGAP004304|transcript|AGAP004304-RA|protein_coding||c.*1948A>G|||||1948|WARNING_TRANSCRIPT_INCOMPLETE
2R	54260766	T	G	1	20	70	39	ANN=G|3_prime_UTR_variant|MODIFIER|AGAP013294|AGAP013294|transcript|AGAP013294-RA|protein_coding|5/5|c.*1920A>C|||||1920|,G|upstream_gene_variant|MODIFIER|AGAP004303|AGAP004303|transcript|AGAP004303-RA|protein_coding||c.-3729A>C|||||3100|,G|upstream_gene_variant|MODIFIER|tRNA-Gln|AGAP004305|transcript|AGAP004305-RA|protein_coding||c.-2418T>G|||||2418|WARNING_TRANSCRIPT_NO_START_CODON,G|downstream_gene_variant|MODIFIER|tRNA-Val|AGAP004304|transcript|AGAP004304-RA|protein_coding||c.*1953T>G|||||1953|WARNING_TRANSCRIPT_INCOMPLETE
2R	54260828	T	G	20	1	109	0	ANN=G|3_prime_UTR_variant|MODIFIER|AGAP013294|AGAP013294|transcript|AGAP013294-RA|protein_coding|5/5|c.*1858A>C|||||1858|,G|upstream_gene_variant|MODIFIER|AGAP004303|AGAP004303|transcript|AGAP004303-RA|protein_coding||c.-3791A>C|||||3162|,G|upstream_gene_variant|MODIFIER|tRNA-Gln|AGAP004305|transcript|AGAP004305-RA|protein_coding||c.-2356T>G|||||2356|WARNING_TRANSCRIPT_NO_START_CODON,G|downstream_gene_variant|MODIFIER|tRNA-Val|AGAP004304|transcript|AGAP004304-RA|protein_coding||c.*2015T>G|||||2015|WARNING_TRANSCRIPT_INCOMPLETE
2R	54261574	G	A	5	16	93	16	ANN=A|3_prime_UTR_variant|MODIFIER|AGAP013294|AGAP013294|transcript|AGAP013294-RA|protein_coding|5/5|c.*1112C>T|||||1112|,A|upstream_gene_variant|MODIFIER|AGAP004303|AGAP004303|transcript|AGAP004303-RA|protein_coding||c.-4537C>T|||||3908|,A|upstream_gene_variant|MODIFIER|tRNA-Gln|AGAP004305|transcript|AGAP004305-RA|protein_coding||c.-1610G>A|||||1610|WARNING_TRANSCRIPT_NO_START_CODON,A|downstream_gene_variant|MODIFIER|tRNA-Val|AGAP004304|transcript|AGAP004304-RA|protein_coding||c.*2761G>A|||||2761|WARNING_TRANSCRIPT_INCOMPLETE
2R	54261724	T	C	0	21	2	107	ANN=C|3_prime_UTR_variant|MODIFIER|AGAP013294|AGAP013294|transcript|AGAP013294-RA|protein_coding|5/5|c.*962A>G|||||962|,C|upstream_gene_variant|MODIFIER|AGAP004303|AGAP004303|transcript|AGAP004303-RA|protein_coding||c.-4687A>G|||||4058|,C|upstream_gene_variant|MODIFIER|tRNA-Gln|AGAP004305|transcript|AGAP004305-RA|protein_coding||c.-1460T>C|||||1460|WARNING_TRANSCRIPT_NO_START_CODON,C|downstream_gene_variant|MODIFIER|tRNA-Val|AGAP004304|transcript|AGAP004304-RA|protein_coding||c.*2911T>C|||||2911|WARNING_TRANSCRIPT_INCOMPLETE
2R	54261834	T	A	0	21	85	24	ANN=A|3_prime_UTR_variant|MODIFIER|AGAP013294|AGAP013294|transcript|AGAP013294-RA|protein_coding|5/5|c.*852A>T|||||852|,A|upstream_gene_variant|MODIFIER|AGAP004303|AGAP004303|transcript|AGAP004303-RA|protein_coding||c.-4797A>T|||||4168|,A|upstream_gene_variant|MODIFIER|tRNA-Gln|AGAP004305|transcript|AGAP004305-RA|protein_coding||c.-1350T>A|||||1350|WARNING_TRANSCRIPT_NO_START_CODON,A|downstream_gene_variant|MODIFIER|tRNA-Val|AGAP004304|transcript|AGAP004304-RA|protein_coding||c.*3021T>A|||||3021|WARNING_TRANSCRIPT_INCOMPLETE
2R	54262401	T	C	0	21	0	109	ANN=C|3_prime_UTR_variant|MODIFIER|AGAP013294|AGAP013294|transcript|AGAP013294-RA|protein_coding|5/5|c.*285A>G|||||285|,C|upstream_gene_variant|MODIFIER|AGAP004303|AGAP004303|transcript|AGAP004303-RA|protein_coding||c.-5364A>G|||||4735|,C|upstream_gene_variant|MODIFIER|tRNA-Gln|AGAP004305|transcript|AGAP004305-RA|protein_coding||c.-783T>C|||||783|WARNING_TRANSCRIPT_NO_START_CODON,C|downstream_gene_variant|MODIFIER|tRNA-Val|AGAP004304|transcript|AGAP004304-RA|protein_coding||c.*3588T>C|||||3588|WARNING_TRANSCRIPT_INCOMPLETE
2R	54262795	G	T	0	21	81	28	ANN=T|upstream_gene_variant|MODIFIER|tRNA-Gln|AGAP004305|transcript|AGAP004305-RA|protein_coding||c.-389G>T|||||389|WARNING_TRANSCRIPT_NO_START_CODON,T|downstream_gene_variant|MODIFIER|tRNA-Val|AGAP004304|transcript|AGAP004304-RA|protein_coding||c.*3982G>T|||||3982|WARNING_TRANSCRIPT_INCOMPLETE,T|intron_variant|MODIFIER|AGAP013294|AGAP013294|transcript|AGAP013294-RA|protein_coding|4/4|c.304+25C>A||||||
2R	54262917	A	G	0	21	9	100	ANN=G|synonymous_variant|LOW|AGAP013294|AGAP013294|transcript|AGAP013294-RA|protein_coding|4/5|c.207T>C|p.His69His|1205/5108|207/369|69/122||,G|upstream_gene_variant|MODIFIER|tRNA-Gln|AGAP004305|transcript|AGAP004305-RA|protein_coding||c.-267A>G|||||267|WARNING_TRANSCRIPT_NO_START_CODON,G|downstream_gene_variant|MODIFIER|tRNA-Val|AGAP004304|transcript|AGAP004304-RA|protein_coding||c.*4104A>G|||||4104|WARNING_TRANSCRIPT_INCOMPLETE
2R	54262956	G	A	0	21	96	13	ANN=A|synonymous_variant|LOW|AGAP013294|AGAP013294|transcript|AGAP013294-RA|protein_coding|4/5|c.168C>T|p.Ala56Ala|1166/5108|168/369|56/122||,A|upstream_gene_variant|MODIFIER|tRNA-Gln|AGAP004305|transcript|AGAP004305-RA|protein_coding||c.-228G>A|||||228|WARNING_TRANSCRIPT_NO_START_CODON,A|downstream_gene_variant|MODIFIER|tRNA-Val|AGAP004304|transcript|AGAP004304-RA|protein_coding||c.*4143G>A|||||4143|WARNING_TRANSCRIPT_INCOMPLETE
2R	54263075	C	T	0	21	94	15	ANN=T|upstream_gene_variant|MODIFIER|tRNA-Gln|AGAP004305|transcript|AGAP004305-RA|protein_coding||c.-109C>T|||||109|WARNING_TRANSCRIPT_NO_START_CODON,T|downstream_gene_variant|MODIFIER|tRNA-Val|AGAP004304|transcript|AGAP004304-RA|protein_coding||c.*4262C>T|||||4262|WARNING_TRANSCRIPT_INCOMPLETE,T|intron_variant|MODIFIER|AGAP013294|AGAP013294|transcript|AGAP013294-RA|protein_coding|3/4|c.140-91G>A||||||
2R	54263364	T	C	0	21	94	15	ANN=C|downstream_gene_variant|MODIFIER|tRNA-Val|AGAP004304|transcript|AGAP004304-RA|protein_coding||c.*4551T>C|||||4551|WARNING_TRANSCRIPT_INCOMPLETE,C|downstream_gene_variant|MODIFIER|tRNA-Gln|AGAP004305|transcript|AGAP004305-RA|protein_coding||c.*109T>C|||||109|WARNING_TRANSCRIPT_NO_START_CODON,C|intron_variant|MODIFIER|AGAP013294|AGAP013294|transcript|AGAP013294-RA|protein_coding|3/4|c.140-380A>G||||||
2R	54263373	T	A	0	21	53	56	ANN=A|downstream_gene_variant|MODIFIER|tRNA-Val|AGAP004304|transcript|AGAP004304-RA|protein_coding||c.*4560T>A|||||4560|WARNING_TRANSCRIPT_INCOMPLETE,A|downstream_gene_variant|MODIFIER|tRNA-Gln|AGAP004305|transcript|AGAP004305-RA|protein_coding||c.*118T>A|||||118|WARNING_TRANSCRIPT_NO_START_CODON,A|intron_variant|MODIFIER|AGAP013294|AGAP013294|transcript|AGAP013294-RA|protein_coding|3/4|c.140-389A>T||||||
2R	54263407	T	C	0	21	80	29	ANN=C|downstream_gene_variant|MODIFIER|tRNA-Val|AGAP004304|transcript|AGAP004304-RA|protein_coding||c.*4594T>C|||||4594|WARNING_TRANSCRIPT_INCOMPLETE,C|downstream_gene_variant|MODIFIER|tRNA-Gln|AGAP004305|transcript|AGAP004305-RA|protein_coding||c.*152T>C|||||152|WARNING_TRANSCRIPT_NO_START_CODON,C|intron_variant|MODIFIER|AGAP013294|AGAP013294|transcript|AGAP013294-RA|protein_coding|3/4|c.140-423A>G||||||
2R	54263451	A	G	0	21	0	109	ANN=G|downstream_gene_variant|MODIFIER|tRNA-Val|AGAP004304|transcript|AGAP004304-RA|protein_coding||c.*4638A>G|||||4638|WARNING_TRANSCRIPT_INCOMPLETE,G|downstream_gene_variant|MODIFIER|tRNA-Gln|AGAP004305|transcript|AGAP004305-RA|protein_coding||c.*196A>G|||||196|WARNING_TRANSCRIPT_NO_START_CODON,G|intron_variant|MODIFIER|AGAP013294|AGAP013294|transcript|AGAP013294-RA|protein_coding|3/4|c.140-467T>C||||||
2R	54263505	G	A	5	16	108	1	ANN=A|downstream_gene_variant|MODIFIER|tRNA-Val|AGAP004304|transcript|AGAP004304-RA|protein_coding||c.*4692G>A|||||4692|WARNING_TRANSCRIPT_INCOMPLETE,A|downstream_gene_variant|MODIFIER|tRNA-Gln|AGAP004305|transcript|AGAP004305-RA|protein_coding||c.*250G>A|||||250|WARNING_TRANSCRIPT_NO_START_CODON,A|intron_variant|MODIFIER|AGAP013294|AGAP013294|transcript|AGAP013294-RA|protein_coding|3/4|c.140-521C>T||||||
2R	54263582	G	A	0	21	94	15	ANN=A|downstream_gene_variant|MODIFIER|tRNA-Val|AGAP004304|transcript|AGAP004304-RA|protein_coding||c.*4769G>A|||||4769|WARNING_TRANSCRIPT_INCOMPLETE,A|downstream_gene_variant|MODIFIER|tRNA-Gln|AGAP004305|transcript|AGAP004305-RA|protein_coding||c.*327G>A|||||327|WARNING_TRANSCRIPT_NO_START_CODON,A|intron_variant|MODIFIER|AGAP013294|AGAP013294|transcript|AGAP013294-RA|protein_coding|3/4|c.140-598C>T||||||
2R	54263615	C	T	0	21	54	55	ANN=T|downstream_gene_variant|MODIFIER|tRNA-Val|AGAP004304|transcript|AGAP004304-RA|protein_coding||c.*4802C>T|||||4802|WARNING_TRANSCRIPT_INCOMPLETE,T|downstream_gene_variant|MODIFIER|tRNA-Gln|AGAP004305|transcript|AGAP004305-RA|protein_coding||c.*360C>T|||||360|WARNING_TRANSCRIPT_NO_START_CODON,T|intron_variant|MODIFIER|AGAP013294|AGAP013294|transcript|AGAP013294-RA|protein_coding|3/4|c.140-631G>A||||||
2R	54263974	C	T	0	21	89	20	ANN=T|downstream_gene_variant|MODIFIER|tRNA-Gln|AGAP004305|transcript|AGAP004305-RA|protein_coding||c.*719C>T|||||719|WARNING_TRANSCRIPT_NO_START_CODON,T|intron_variant|MODIFIER|AGAP013294|AGAP013294|transcript|AGAP013294-RA|protein_coding|3/4|c.140-990G>A||||||
2R	54264000	C	G	0	21	90	19	ANN=G|downstream_gene_variant|MODIFIER|tRNA-Gln|AGAP004305|transcript|AGAP004305-RA|protein_coding||c.*745C>G|||||745|WARNING_TRANSCRIPT_NO_START_CODON,G|intron_variant|MODIFIER|AGAP013294|AGAP013294|transcript|AGAP013294-RA|protein_coding|3/4|c.140-1016G>C||||||
2R	54264169	C	T	16	5	104	5	ANN=T|downstream_gene_variant|MODIFIER|tRNA-Gln|AGAP004305|transcript|AGAP004305-RA|protein_coding||c.*914C>T|||||914|WARNING_TRANSCRIPT_NO_START_CODON,T|intron_variant|MODIFIER|AGAP013294|AGAP013294|transcript|AGAP013294-RA|protein_coding|3/4|c.140-1185G>A||||||
2R	54264360	G	A	0	21	4	105	ANN=A|downstream_gene_variant|MODIFIER|tRNA-Gln|AGAP004305|transcript|AGAP004305-RA|protein_coding||c.*1105G>A|||||1105|WARNING_TRANSCRIPT_NO_START_CODON,A|intron_variant|MODIFIER|AGAP013294|AGAP013294|transcript|AGAP013294-RA|protein_coding|3/4|c.140-1376C>T||||||
2R	54264639	C	T	0	21	36	73	ANN=T|downstream_gene_variant|MODIFIER|tRNA-Gln|AGAP004305|transcript|AGAP004305-RA|protein_coding||c.*1384C>T|||||1384|WARNING_TRANSCRIPT_NO_START_CODON,T|intron_variant|MODIFIER|AGAP013294|AGAP013294|transcript|AGAP013294-RA|protein_coding|3/4|c.139+1309G>A||||||
2R	54264654	G	C	0	21	76	33	ANN=C|downstream_gene_variant|MODIFIER|tRNA-Gln|AGAP004305|transcript|AGAP004305-RA|protein_coding||c.*1399G>C|||||1399|WARNING_TRANSCRIPT_NO_START_CODON,C|intron_variant|MODIFIER|AGAP013294|AGAP013294|transcript|AGAP013294-RA|protein_coding|3/4|c.139+1294C>G||||||
2R	54264663	T	C	0	21	8	101	ANN=C|downstream_gene_variant|MODIFIER|tRNA-Gln|AGAP004305|transcript|AGAP004305-RA|protein_coding||c.*1408T>C|||||1408|WARNING_TRANSCRIPT_NO_START_CODON,C|intron_variant|MODIFIER|AGAP013294|AGAP013294|transcript|AGAP013294-RA|protein_coding|3/4|c.139+1285A>G||||||
2R	54264933	C	T	0	21	71	38	ANN=T|downstream_gene_variant|MODIFIER|tRNA-Gln|AGAP004305|transcript|AGAP004305-RA|protein_coding||c.*1678C>T|||||1678|WARNING_TRANSCRIPT_NO_START_CODON,T|downstream_gene_variant|MODIFIER|AGAP004306|AGAP004306|transcript|AGAP004306-RA|protein_coding||c.*4802G>A|||||4802|,T|intron_variant|MODIFIER|AGAP013294|AGAP013294|transcript|AGAP013294-RA|protein_coding|3/4|c.139+1015G>A||||||
2R	54264942	T	C	0	21	71	38	ANN=C|downstream_gene_variant|MODIFIER|tRNA-Gln|AGAP004305|transcript|AGAP004305-RA|protein_coding||c.*1687T>C|||||1687|WARNING_TRANSCRIPT_NO_START_CODON,C|downstream_gene_variant|MODIFIER|AGAP004306|AGAP004306|transcript|AGAP004306-RA|protein_coding||c.*4793A>G|||||4793|,C|intron_variant|MODIFIER|AGAP013294|AGAP013294|transcript|AGAP013294-RA|protein_coding|3/4|c.139+1006A>G||||||
2R	54265214	T	C	0	21	0	109	ANN=C|downstream_gene_variant|MODIFIER|tRNA-Gln|AGAP004305|transcript|AGAP004305-RA|protein_coding||c.*1959T>C|||||1959|WARNING_TRANSCRIPT_NO_START_CODON,C|downstream_gene_variant|MODIFIER|AGAP004306|AGAP004306|transcript|AGAP004306-RA|protein_coding||c.*4521A>G|||||4521|,C|intron_variant|MODIFIER|AGAP013294|AGAP013294|transcript|AGAP013294-RA|protein_coding|3/4|c.139+734A>G||||||
2R	54265229	G	T	0	21	2	107	ANN=T|downstream_gene_variant|MODIFIER|tRNA-Gln|AGAP004305|transcript|AGAP004305-RA|protein_coding||c.*1974G>T|||||1974|WARNING_TRANSCRIPT_NO_START_CODON,T|downstream_gene_variant|MODIFIER|AGAP004306|AGAP004306|transcript|AGAP004306-RA|protein_coding||c.*4506C>A|||||4506|,T|intron_variant|MODIFIER|AGAP013294|AGAP013294|transcript|AGAP013294-RA|protein_coding|3/4|c.139+719C>A||||||
2R	54265233	C	T	0	21	2	107	ANN=T|downstream_gene_variant|MODIFIER|tRNA-Gln|AGAP004305|transcript|AGAP004305-RA|protein_coding||c.*1978C>T|||||1978|WARNING_TRANSCRIPT_NO_START_CODON,T|downstream_gene_variant|MODIFIER|AGAP004306|AGAP004306|transcript|AGAP004306-RA|protein_coding||c.*4502G>A|||||4502|,T|intron_variant|MODIFIER|AGAP013294|AGAP013294|transcript|AGAP013294-RA|protein_coding|3/4|c.139+715G>A||||||
2R	54265616	A	T	0	21	0	109	ANN=T|downstream_gene_variant|MODIFIER|tRNA-Gln|AGAP004305|transcript|AGAP004305-RA|protein_coding||c.*2361A>T|||||2361|WARNING_TRANSCRIPT_NO_START_CODON,T|downstream_gene_variant|MODIFIER|AGAP004306|AGAP004306|transcript|AGAP004306-RA|protein_coding||c.*4119T>A|||||4119|,T|intron_variant|MODIFIER|AGAP013294|AGAP013294|transcript|AGAP013294-RA|protein_coding|3/4|c.139+332T>A||||||
2R	54267597	G	A	16	5	34	75	ANN=A|downstream_gene_variant|MODIFIER|tRNA-Gln|AGAP004305|transcript|AGAP004305-RA|protein_coding||c.*4342G>A|||||4342|WARNING_TRANSCRIPT_NO_START_CODON,A|downstream_gene_variant|MODIFIER|AGAP004306|AGAP004306|transcript|AGAP004306-RA|protein_coding||c.*2138C>T|||||2138|,A|intron_variant|MODIFIER|AGAP013294|AGAP013294|transcript|AGAP013294-RA|protein_coding|2/4|c.31-1541C>T||||||
2R	54267739	A	G	0	21	57	52	ANN=G|downstream_gene_variant|MODIFIER|tRNA-Gln|AGAP004305|transcript|AGAP004305-RA|protein_coding||c.*4484A>G|||||4484|WARNING_TRANSCRIPT_NO_START_CODON,G|downstream_gene_variant|MODIFIER|AGAP004306|AGAP004306|transcript|AGAP004306-RA|protein_coding||c.*1996T>C|||||1996|,G|intron_variant|MODIFIER|AGAP013294|AGAP013294|transcript|AGAP013294-RA|protein_coding|2/4|c.31-1683T>C||||||
2R	54267764	A	G	0	21	57	52	ANN=G|downstream_gene_variant|MODIFIER|tRNA-Gln|AGAP004305|transcript|AGAP004305-RA|protein_coding||c.*4509A>G|||||4509|WARNING_TRANSCRIPT_NO_START_CODON,G|downstream_gene_variant|MODIFIER|AGAP004306|AGAP004306|transcript|AGAP004306-RA|protein_coding||c.*1971T>C|||||1971|,G|intron_variant|MODIFIER|AGAP013294|AGAP013294|transcript|AGAP013294-RA|protein_coding|2/4|c.31-1708T>C||||||
2R	54267802	A	G	0	21	57	52	ANN=G|downstream_gene_variant|MODIFIER|tRNA-Gln|AGAP004305|transcript|AGAP004305-RA|protein_coding||c.*4547A>G|||||4547|WARNING_TRANSCRIPT_NO_START_CODON,G|downstream_gene_variant|MODIFIER|AGAP004306|AGAP004306|transcript|AGAP004306-RA|protein_coding||c.*1933T>C|||||1933|,G|intron_variant|MODIFIER|AGAP013294|AGAP013294|transcript|AGAP013294-RA|protein_coding|2/4|c.31-1746T>C||||||
2R	54267889	A	G	0	21	42	67	ANN=G|downstream_gene_variant|MODIFIER|tRNA-Gln|AGAP004305|transcript|AGAP004305-RA|protein_coding||c.*4634A>G|||||4634|WARNING_TRANSCRIPT_NO_START_CODON,G|downstream_gene_variant|MODIFIER|AGAP004306|AGAP004306|transcript|AGAP004306-RA|protein_coding||c.*1846T>C|||||1846|,G|intron_variant|MODIFIER|AGAP013294|AGAP013294|transcript|AGAP013294-RA|protein_coding|2/4|c.31-1833T>C||||||
2R	54267913	A	T	0	21	42	67	ANN=T|downstream_gene_variant|MODIFIER|tRNA-Gln|AGAP004305|transcript|AGAP004305-RA|protein_coding||c.*4658A>T|||||4658|WARNING_TRANSCRIPT_NO_START_CODON,T|downstream_gene_variant|MODIFIER|AGAP004306|AGAP004306|transcript|AGAP004306-RA|protein_coding||c.*1822T>A|||||1822|,T|intron_variant|MODIFIER|AGAP013294|AGAP013294|transcript|AGAP013294-RA|protein_coding|2/4|c.31-1857T>A||||||
2R	54267920	A	G	0	21	42	67	ANN=G|downstream_gene_variant|MODIFIER|tRNA-Gln|AGAP004305|transcript|AGAP004305-RA|protein_coding||c.*4665A>G|||||4665|WARNING_TRANSCRIPT_NO_START_CODON,G|downstream_gene_variant|MODIFIER|AGAP004306|AGAP004306|transcript|AGAP004306-RA|protein_coding||c.*1815T>C|||||1815|,G|intron_variant|MODIFIER|AGAP013294|AGAP013294|transcript|AGAP013294-RA|protein_coding|2/4|c.31-1864T>C||||||
2R	54267990	T	A	0	21	42	67	ANN=A|downstream_gene_variant|MODIFIER|tRNA-Gln|AGAP004305|transcript|AGAP004305-RA|protein_coding||c.*4735T>A|||||4735|WARNING_TRANSCRIPT_NO_START_CODON,A|downstream_gene_variant|MODIFIER|AGAP004306|AGAP004306|transcript|AGAP004306-RA|protein_coding||c.*1745A>T|||||1745|,A|intron_variant|MODIFIER|AGAP013294|AGAP013294|transcript|AGAP013294-RA|protein_coding|2/4|c.31-1934A>T||||||
2R	54268352	A	C	0	21	3	106	ANN=C|downstream_gene_variant|MODIFIER|AGAP004306|AGAP004306|transcript|AGAP004306-RA|protein_coding||c.*1383T>G|||||1383|,C|intron_variant|MODIFIER|AGAP013294|AGAP013294|transcript|AGAP013294-RA|protein_coding|2/4|c.31-2296T>G||||||
2R	54268451	A	G	0	21	3	106	ANN=G|downstream_gene_variant|MODIFIER|AGAP004306|AGAP004306|transcript|AGAP004306-RA|protein_coding||c.*1284T>C|||||1284|,G|intron_variant|MODIFIER|AGAP013294|AGAP013294|transcript|AGAP013294-RA|protein_coding|2/4|c.31-2395T>C||||||
2R	54268615	G	A	0	21	33	76	ANN=A|downstream_gene_variant|MODIFIER|AGAP004306|AGAP004306|transcript|AGAP004306-RA|protein_coding||c.*1120C>T|||||1120|,A|intron_variant|MODIFIER|AGAP013294|AGAP013294|transcript|AGAP013294-RA|protein_coding|2/4|c.31-2559C>T||||||
2R	54268768	A	G	16	5	109	0	ANN=G|downstream_gene_variant|MODIFIER|AGAP004306|AGAP004306|transcript|AGAP004306-RA|protein_coding||c.*967T>C|||||967|,G|intron_variant|MODIFIER|AGAP013294|AGAP013294|transcript|AGAP013294-RA|protein_coding|2/4|c.31-2712T>C||||||
2R	54268839	C	G	0	21	94	15	ANN=G|downstream_gene_variant|MODIFIER|AGAP004306|AGAP004306|transcript|AGAP004306-RA|protein_coding||c.*896G>C|||||896|,G|intron_variant|MODIFIER|AGAP013294|AGAP013294|transcript|AGAP013294-RA|protein_coding|2/4|c.31-2783G>C||||||
2R	54268844	T	A	0	21	48	61	ANN=A|downstream_gene_variant|MODIFIER|AGAP004306|AGAP004306|transcript|AGAP004306-RA|protein_coding||c.*891A>T|||||891|,A|intron_variant|MODIFIER|AGAP013294|AGAP013294|transcript|AGAP013294-RA|protein_coding|2/4|c.31-2788A>T||||||
2R	54268855	T	C	0	21	36	73	ANN=C|downstream_gene_variant|MODIFIER|AGAP004306|AGAP004306|transcript|AGAP004306-RA|protein_coding||c.*880A>G|||||880|,C|intron_variant|MODIFIER|AGAP013294|AGAP013294|transcript|AGAP013294-RA|protein_coding|2/4|c.31-2799A>G||||||
2R	54268869	T	A	0	21	16	93	ANN=A|downstream_gene_variant|MODIFIER|AGAP004306|AGAP004306|transcript|AGAP004306-RA|protein_coding||c.*866A>T|||||866|,A|intron_variant|MODIFIER|AGAP013294|AGAP013294|transcript|AGAP013294-RA|protein_coding|2/4|c.31-2813A>T||||||
2R	54268967	A	T	1	20	67	42	ANN=T|downstream_gene_variant|MODIFIER|AGAP004306|AGAP004306|transcript|AGAP004306-RA|protein_coding||c.*768T>A|||||768|,T|intron_variant|MODIFIER|AGAP013294|AGAP013294|transcript|AGAP013294-RA|protein_coding|2/4|c.31-2911T>A||||||
2R	54268990	A	T	0	21	67	42	ANN=T|downstream_gene_variant|MODIFIER|AGAP004306|AGAP004306|transcript|AGAP004306-RA|protein_coding||c.*745T>A|||||745|,T|intron_variant|MODIFIER|AGAP013294|AGAP013294|transcript|AGAP013294-RA|protein_coding|2/4|c.31-2934T>A||||||
2R	54269333	A	G	0	21	50	59	ANN=G|downstream_gene_variant|MODIFIER|AGAP004306|AGAP004306|transcript|AGAP004306-RA|protein_coding||c.*402T>C|||||402|,G|intron_variant|MODIFIER|AGAP013294|AGAP013294|transcript|AGAP013294-RA|protein_coding|2/4|c.31-3277T>C||||||
2R	54269409	A	T	0	21	0	109	ANN=T|downstream_gene_variant|MODIFIER|AGAP004306|AGAP004306|transcript|AGAP004306-RA|protein_coding||c.*326T>A|||||326|,T|intron_variant|MODIFIER|AGAP013294|AGAP013294|transcript|AGAP013294-RA|protein_coding|2/4|c.31-3353T>A||||||
2R	54269439	A	C	0	21	94	15	ANN=C|downstream_gene_variant|MODIFIER|AGAP004306|AGAP004306|transcript|AGAP004306-RA|protein_coding||c.*296T>G|||||296|,C|intron_variant|MODIFIER|AGAP013294|AGAP013294|transcript|AGAP013294-RA|protein_coding|2/4|c.31-3383T>G||||||
2R	54269448	T	C	0	21	1	108	ANN=C|downstream_gene_variant|MODIFIER|AGAP004306|AGAP004306|transcript|AGAP004306-RA|protein_coding||c.*287A>G|||||287|,C|intron_variant|MODIFIER|AGAP013294|AGAP013294|transcript|AGAP013294-RA|protein_coding|2/4|c.31-3392A>G||||||
2R	54269479	G	A	0	21	74	35	ANN=A|downstream_gene_variant|MODIFIER|AGAP004306|AGAP004306|transcript|AGAP004306-RA|protein_coding||c.*256C>T|||||256|,A|intron_variant|MODIFIER|AGAP013294|AGAP013294|transcript|AGAP013294-RA|protein_coding|2/4|c.31-3423C>T||||||
2R	54269841	G	A	0	21	0	109	ANN=A|missense_variant|MODERATE|AGAP004306|AGAP004306|transcript|AGAP004306-RA|protein_coding|2/2|c.1523C>T|p.Ser508Leu|1523/1629|1523/1629|508/542||,A|intron_variant|MODIFIER|AGAP013294|AGAP013294|transcript|AGAP013294-RA|protein_coding|2/4|c.31-3785C>T||||||
2R	54269887	G	C	0	21	19	90	ANN=C|missense_variant|MODERATE|AGAP004306|AGAP004306|transcript|AGAP004306-RA|protein_coding|2/2|c.1477C>G|p.Leu493Val|1477/1629|1477/1629|493/542||,C|intron_variant|MODIFIER|AGAP013294|AGAP013294|transcript|AGAP013294-RA|protein_coding|2/4|c.31-3831C>G||||||
2R	54270272	A	C	0	21	13	96	ANN=C|synonymous_variant|LOW|AGAP004306|AGAP004306|transcript|AGAP004306-RA|protein_coding|2/2|c.1092T>G|p.Ala364Ala|1092/1629|1092/1629|364/542||,C|intron_variant|MODIFIER|AGAP013294|AGAP013294|transcript|AGAP013294-RA|protein_coding|2/4|c.31-4216T>G||||||
2R	54270502	T	C	0	21	2	107	ANN=C|missense_variant|MODERATE|AGAP004306|AGAP004306|transcript|AGAP004306-RA|protein_coding|2/2|c.862A>G|p.Ile288Val|862/1629|862/1629|288/542||,C|intron_variant|MODIFIER|AGAP013294|AGAP013294|transcript|AGAP013294-RA|protein_coding|2/4|c.31-4446A>G||||||
2R	54270626	A	G	0	21	2	107	ANN=G|synonymous_variant|LOW|AGAP004306|AGAP004306|transcript|AGAP004306-RA|protein_coding|2/2|c.738T>C|p.Val246Val|738/1629|738/1629|246/542||,G|intron_variant|MODIFIER|AGAP013294|AGAP013294|transcript|AGAP013294-RA|protein_coding|2/4|c.31-4570T>C||||||
2R	54270824	A	G	0	21	13	96	ANN=G|synonymous_variant|LOW|AGAP004306|AGAP004306|transcript|AGAP004306-RA|protein_coding|2/2|c.540T>C|p.Gly180Gly|540/1629|540/1629|180/542||,G|intron_variant|MODIFIER|AGAP013294|AGAP013294|transcript|AGAP013294-RA|protein_coding|2/4|c.31-4768T>C||||||
2R	54270827	T	C	0	21	0	109	ANN=C|synonymous_variant|LOW|AGAP004306|AGAP004306|transcript|AGAP004306-RA|protein_coding|2/2|c.537A>G|p.Gln179Gln|537/1629|537/1629|179/542||,C|intron_variant|MODIFIER|AGAP013294|AGAP013294|transcript|AGAP013294-RA|protein_coding|2/4|c.31-4771A>G||||||
2R	54271601	A	C	0	21	94	15	ANN=C|intron_variant|MODIFIER|AGAP013294|AGAP013294|transcript|AGAP013294-RA|protein_coding|2/4|c.31-5545T>G||||||,C|intron_variant|MODIFIER|AGAP004306|AGAP004306|transcript|AGAP004306-RA|protein_coding|1/1|c.7-244T>G||||||
2R	54271739	C	T	16	5	109	0	ANN=T|intron_variant|MODIFIER|AGAP013294|AGAP013294|transcript|AGAP013294-RA|protein_coding|2/4|c.31-5683G>A||||||,T|intron_variant|MODIFIER|AGAP004306|AGAP004306|transcript|AGAP004306-RA|protein_coding|1/1|c.6+268G>A||||||
2R	54271775	A	C	16	5	106	3	ANN=C|intron_variant|MODIFIER|AGAP013294|AGAP013294|transcript|AGAP013294-RA|protein_coding|2/4|c.31-5719T>G||||||,C|intron_variant|MODIFIER|AGAP004306|AGAP004306|transcript|AGAP004306-RA|protein_coding|1/1|c.6+232T>G||||||
2R	54271778	A	G	16	5	98	11	ANN=G|intron_variant|MODIFIER|AGAP013294|AGAP013294|transcript|AGAP013294-RA|protein_coding|2/4|c.31-5722T>C||||||,G|intron_variant|MODIFIER|AGAP004306|AGAP004306|transcript|AGAP004306-RA|protein_coding|1/1|c.6+229T>C||||||
2R	54271940	A	G	0	21	4	105	ANN=G|intron_variant|MODIFIER|AGAP013294|AGAP013294|transcript|AGAP013294-RA|protein_coding|2/4|c.31-5884T>C||||||,G|intron_variant|MODIFIER|AGAP004306|AGAP004306|transcript|AGAP004306-RA|protein_coding|1/1|c.6+67T>C||||||
2R	54272355	T	C	0	21	6	103	ANN=C|upstream_gene_variant|MODIFIER|AGAP004306|AGAP004306|transcript|AGAP004306-RA|protein_coding||c.-343A>G|||||343|,C|intron_variant|MODIFIER|AGAP013294|AGAP013294|transcript|AGAP013294-RA|protein_coding|2/4|c.31-6299A>G||||||
2R	54272461	A	G	0	21	19	90	ANN=G|upstream_gene_variant|MODIFIER|AGAP004306|AGAP004306|transcript|AGAP004306-RA|protein_coding||c.-449T>C|||||449|,G|intron_variant|MODIFIER|AGAP013294|AGAP013294|transcript|AGAP013294-RA|protein_coding|2/4|c.31-6405T>C||||||
2R	54272554	A	G	0	21	4	105	ANN=G|upstream_gene_variant|MODIFIER|AGAP004306|AGAP004306|transcript|AGAP004306-RA|protein_coding||c.-542T>C|||||542|,G|intron_variant|MODIFIER|AGAP013294|AGAP013294|transcript|AGAP013294-RA|protein_coding|2/4|c.31-6498T>C||||||
2R	54272793	A	G	0	21	15	94	ANN=G|upstream_gene_variant|MODIFIER|AGAP004306|AGAP004306|transcript|AGAP004306-RA|protein_coding||c.-781T>C|||||781|,G|intron_variant|MODIFIER|AGAP013294|AGAP013294|transcript|AGAP013294-RA|protein_coding|2/4|c.31-6737T>C||||||
2R	54272965	A	T	16	5	109	0	ANN=T|upstream_gene_variant|MODIFIER|AGAP004306|AGAP004306|transcript|AGAP004306-RA|protein_coding||c.-953T>A|||||953|,T|intron_variant|MODIFIER|AGAP013294|AGAP013294|transcript|AGAP013294-RA|protein_coding|2/4|c.31-6909T>A||||||
2R	54273393	G	T	0	21	78	31	ANN=T|upstream_gene_variant|MODIFIER|AGAP004306|AGAP004306|transcript|AGAP004306-RA|protein_coding||c.-1381C>A|||||1381|,T|intron_variant|MODIFIER|AGAP013294|AGAP013294|transcript|AGAP013294-RA|protein_coding|2/4|c.31-7337C>A||||||
2R	54273429	T	C	0	21	13	96	ANN=C|upstream_gene_variant|MODIFIER|AGAP004306|AGAP004306|transcript|AGAP004306-RA|protein_coding||c.-1417A>G|||||1417|,C|intron_variant|MODIFIER|AGAP013294|AGAP013294|transcript|AGAP013294-RA|protein_coding|2/4|c.31-7373A>G||||||
2R	54273479	C	T	0	21	0	109	ANN=T|upstream_gene_variant|MODIFIER|AGAP004306|AGAP004306|transcript|AGAP004306-RA|protein_coding||c.-1467G>A|||||1467|,T|intron_variant|MODIFIER|AGAP013294|AGAP013294|transcript|AGAP013294-RA|protein_coding|2/4|c.31-7423G>A||||||
2R	54273769	T	C	0	21	9	100	ANN=C|upstream_gene_variant|MODIFIER|AGAP004306|AGAP004306|transcript|AGAP004306-RA|protein_coding||c.-1757A>G|||||1757|,C|intron_variant|MODIFIER|AGAP013294|AGAP013294|transcript|AGAP013294-RA|protein_coding|2/4|c.31-7713A>G||||||
2R	54273844	T	A	0	21	94	15	ANN=A|upstream_gene_variant|MODIFIER|AGAP004306|AGAP004306|transcript|AGAP004306-RA|protein_coding||c.-1832A>T|||||1832|,A|intron_variant|MODIFIER|AGAP013294|AGAP013294|transcript|AGAP013294-RA|protein_coding|2/4|c.31-7788A>T||||||
2R	54273923	T	A	0	21	0	109	ANN=A|upstream_gene_variant|MODIFIER|AGAP004306|AGAP004306|transcript|AGAP004306-RA|protein_coding||c.-1911A>T|||||1911|,A|intron_variant|MODIFIER|AGAP013294|AGAP013294|transcript|AGAP013294-RA|protein_coding|2/4|c.31-7867A>T||||||
2R	54274095	A	G	0	21	26	83	ANN=G|upstream_gene_variant|MODIFIER|AGAP004306|AGAP004306|transcript|AGAP004306-RA|protein_coding||c.-2083T>C|||||2083|,G|intron_variant|MODIFIER|AGAP013294|AGAP013294|transcript|AGAP013294-RA|protein_coding|2/4|c.31-8039T>C||||||
2R	54274588	C	T	0	21	94	15	ANN=T|upstream_gene_variant|MODIFIER|AGAP004306|AGAP004306|transcript|AGAP004306-RA|protein_coding||c.-2576G>A|||||2576|,T|intron_variant|MODIFIER|AGAP013294|AGAP013294|transcript|AGAP013294-RA|protein_coding|2/4|c.31-8532G>A||||||
2R	54274740	A	C	0	21	90	19	ANN=C|upstream_gene_variant|MODIFIER|AGAP004306|AGAP004306|transcript|AGAP004306-RA|protein_coding||c.-2728T>G|||||2728|,C|intron_variant|MODIFIER|AGAP013294|AGAP013294|transcript|AGAP013294-RA|protein_coding|2/4|c.31-8684T>G||||||
2R	54274941	C	A	0	21	73	36	ANN=A|upstream_gene_variant|MODIFIER|AGAP004306|AGAP004306|transcript|AGAP004306-RA|protein_coding||c.-2929G>T|||||2929|,A|intron_variant|MODIFIER|AGAP013294|AGAP013294|transcript|AGAP013294-RA|protein_coding|2/4|c.31-8885G>T||||||
2R	54275000	A	G	0	21	92	17	ANN=G|upstream_gene_variant|MODIFIER|AGAP004306|AGAP004306|transcript|AGAP004306-RA|protein_coding||c.-2988T>C|||||2988|,G|intron_variant|MODIFIER|AGAP013294|AGAP013294|transcript|AGAP013294-RA|protein_coding|2/4|c.31-8944T>C||||||
2R	54275037	C	A	0	21	38	71	ANN=A|upstream_gene_variant|MODIFIER|AGAP004306|AGAP004306|transcript|AGAP004306-RA|protein_coding||c.-3025G>T|||||3025|,A|intron_variant|MODIFIER|AGAP013294|AGAP013294|transcript|AGAP013294-RA|protein_coding|2/4|c.31-8981G>T||||||
2R	54275086	C	A	0	21	92	17	ANN=A|upstream_gene_variant|MODIFIER|AGAP004306|AGAP004306|transcript|AGAP004306-RA|protein_coding||c.-3074G>T|||||3074|,A|intron_variant|MODIFIER|AGAP013294|AGAP013294|transcript|AGAP013294-RA|protein_coding|2/4|c.31-9030G>T||||||
2R	54275469	G	C	0	21	94	15	ANN=C|upstream_gene_variant|MODIFIER|AGAP004306|AGAP004306|transcript|AGAP004306-RA|protein_coding||c.-3457C>G|||||3457|,C|intron_variant|MODIFIER|AGAP013294|AGAP013294|transcript|AGAP013294-RA|protein_coding|2/4|c.31-9413C>G||||||
2R	54275558	G	T	0	21	65	44	ANN=T|upstream_gene_variant|MODIFIER|AGAP004306|AGAP004306|transcript|AGAP004306-RA|protein_coding||c.-3546C>A|||||3546|,T|intron_variant|MODIFIER|AGAP013294|AGAP013294|transcript|AGAP013294-RA|protein_coding|2/4|c.31-9502C>A||||||
2R	54276748	T	A	0	21	82	27	ANN=A|upstream_gene_variant|MODIFIER|AGAP004306|AGAP004306|transcript|AGAP004306-RA|protein_coding||c.-4736A>T|||||4736|,A|intron_variant|MODIFIER|AGAP013294|AGAP013294|transcript|AGAP013294-RA|protein_coding|2/4|c.31-10692A>T||||||
2R	54277038	G	A	0	21	74	35	ANN=A|intron_variant|MODIFIER|AGAP013294|AGAP013294|transcript|AGAP013294-RA|protein_coding|2/4|c.31-10982C>T||||||
2R	54277338	A	T	0	21	8	101	ANN=T|intron_variant|MODIFIER|AGAP013294|AGAP013294|transcript|AGAP013294-RA|protein_coding|2/4|c.31-11282T>A||||||
2R	54277569	G	A	0	21	10	99	ANN=A|intron_variant|MODIFIER|AGAP013294|AGAP013294|transcript|AGAP013294-RA|protein_coding|2/4|c.31-11513C>T||||||
2R	54277608	G	T	0	21	10	99	ANN=T|intron_variant|MODIFIER|AGAP013294|AGAP013294|transcript|AGAP013294-RA|protein_coding|2/4|c.31-11552C>A||||||
2R	54277658	A	T	0	21	10	99	ANN=T|intron_variant|MODIFIER|AGAP013294|AGAP013294|transcript|AGAP013294-RA|protein_coding|2/4|c.31-11602T>A||||||
2R	54277789	T	C	0	21	30	79	ANN=C|intron_variant|MODIFIER|AGAP013294|AGAP013294|transcript|AGAP013294-RA|protein_coding|2/4|c.31-11733A>G||||||
