sample_id,partner_sample_id,contributor,country,location,year,month,latitude,longitude,sex_call
VBS19051-5563STDY7800136,WA-0001,Alexander Egyir-Yawson,Ghana,Madina,2017,11,5.683,-0.166,F
VBS19052-5563STDY7800137,WA-0002,Alexander Egyir-Yawson,Ghana,Madina,2017,11,5.683,-0.166,F
VBS19053-5563STDY7800138,WA-0003,Alexander Egyir-Yawson,Ghana,Madina,2017,11,5.683,-0.166,F
VBS19055-5563STDY7800140,WA-0005,Alexander Egyir-Yawson,Ghana,Madina,2017,11,5.683,-0.166,F
VBS19056-5563STDY7800141,WA-0006,Alexander Egyir-Yawson,Ghana,Madina,2017,11,5.683,-0.166,F
VBS19057-5563STDY7800142,WA-0007,Alexander Egyir-Yawson,Ghana,Madina,2017,11,5.683,-0.166,F
VBS19058-5563STDY7800143,WA-0008,Alexander Egyir-Yawson,Ghana,Madina,2017,11,5.683,-0.166,F
VBS19059-5563STDY7800144,WA-0009,Alexander Egyir-Yawson,Ghana,Madina,2017,11,5.683,-0.166,F
VBS19060-5563STDY7800145,WA-0010,Alexander Egyir-Yawson,Ghana,Madina,2017,11,5.683,-0.166,F
VBS19062-5563STDY7800147,WA-0012,Alexander Egyir-Yawson,Ghana,Madina,2017,11,5.683,-0.166,F
VBS19063-5563STDY7800148,WA-0013,Alexander Egyir-Yawson,Ghana,Madina,2017,11,5.683,-0.166,F
VBS19064-5563STDY7800149,WA-0014,Alexander Egyir-Yawson,Ghana,Madina,2017,11,5.683,-0.166,F
VBS19065-5563STDY7800150,WA-0015,Alexander Egyir-Yawson,Ghana,Madina,2017,11,5.683,-0.166,F
VBS19066-5563STDY7800151,WA-0016,Alexander Egyir-Yawson,Ghana,Madina,2017,11,5.683,-0.166,F
VBS19067-5563STDY7800152,WA-0017,Alexander Egyir-Yawson,Ghana,Madina,2017,11,5.683,-0.166,F
VBS19068-5563STDY7800153,WA-0018,Alexander Egyir-Yawson,Ghana,Madina,2017,11,5.683,-0.166,F
VBS19070-5563STDY7800155,WA-0020,Alexander Egyir-Yawson,Ghana,Madina,2017,11,5.683,-0.166,F
VBS19071-5563STDY7800156,WA-0021,Alexander Egyir-Yawson,Ghana,Madina,2017,11,5.683,-0.166,F
VBS19074-5563STDY7800159,WA-0024,Alexander Egyir-Yawson,Ghana,Madina,2017,11,5.683,-0.166,F
VBS19075-5563STDY7800160,WA-0025,Alexander Egyir-Yawson,Ghana,Madina,2017,11,5.683,-0.166,F
VBS19076-5563STDY7800161,WA-0026,Alexander Egyir-Yawson,Ghana,Madina,2017,11,5.683,-0.166,F
VBS19078-5563STDY7800163,WA-0028,Alexander Egyir-Yawson,Ghana,Madina,2017,11,5.683,-0.166,F
VBS19079-5563STDY7800164,WA-0029,Alexander Egyir-Yawson,Ghana,Madina,2017,11,5.683,-0.166,F
VBS19081-5563STDY7800166,WA-0031,Alexander Egyir-Yawson,Ghana,Madina,2017,11,5.683,-0.166,F
VBS19084-5563STDY7800168,WA-0034,Alexander Egyir-Yawson,Ghana,Madina,2017,11,5.683,-0.166,F
VBS19086-5563STDY7800170,WA-0036,Alexander Egyir-Yawson,Ghana,Madina,2017,11,5.683,-0.166,F
VBS19087-5563STDY7800171,WA-0037,Alexander Egyir-Yawson,Ghana,Madina,2017,11,5.683,-0.166,F
VBS19088-5563STDY7800172,WA-0038,Alexander Egyir-Yawson,Ghana,Madina,2017,11,5.683,-0.166,F
VBS19091-5563STDY7800175,WA-0041,Alexander Egyir-Yawson,Ghana,Madina,2017,11,5.683,-0.166,F
VBS19093-5563STDY7800177,WA-0043,Alexander Egyir-Yawson,Ghana,Madina,2017,11,5.683,-0.166,F
VBS19094-5563STDY7800178,WA-0044,Alexander Egyir-Yawson,Ghana,Madina,2017,11,5.683,-0.166,F
VBS19096-5563STDY7800180,WA-0046,Alexander Egyir-Yawson,Ghana,Madina,2017,11,5.683,-0.166,F
VBS19097-5563STDY7800181,WA-0047,Alexander Egyir-Yawson,Ghana,Madina,2017,11,5.683,-0.166,F
VBS19098-5563STDY7800182,WA-0048,Alexander Egyir-Yawson,Ghana,Madina,2017,11,5.683,-0.166,F
VBS19100-5563STDY7800184,WA-0050,Alexander Egyir-Yawson,Ghana,Madina,2017,11,5.683,-0.166,F
VBS19101-5563STDY7800185,WA-0051,Alexander Egyir-Yawson,Ghana,Madina,2017,11,5.683,-0.166,F
VBS19102-5563STDY7800186,WA-0052,Alexander Egyir-Yawson,Ghana,Madina,2017,11,5.683,-0.166,F
VBS19103-5563STDY7800187,WA-0053,Alexander Egyir-Yawson,Ghana,Madina,2017,11,5.683,-0.166,F
VBS19104-5563STDY7800188,WA-0054,Alexander Egyir-Yawson,Ghana,Madina,2017,11,5.683,-0.166,F
VBS19105-5563STDY7800189,WA-0055,Alexander Egyir-Yawson,Ghana,Madina,2017,11,5.683,-0.166,F
VBS19106-5563STDY7800190,WA-0056,Alexander Egyir-Yawson,Ghana,Madina,2017,11,5.683,-0.166,F
VBS19107-5563STDY7800191,WA-0057,Alexander Egyir-Yawson,Ghana,Madina,2017,11,5.683,-0.166,F
VBS19110-5563STDY7800194,WA-0060,Alexander Egyir-Yawson,Ghana,Madina,2017,11,5.683,-0.166,F
VBS19111-5563STDY7800195,WA-0061,Alexander Egyir-Yawson,Ghana,Madina,2017,11,5.683,-0.166,F
VBS19112-5563STDY7800196,WA-0062,Alexander Egyir-Yawson,Ghana,Madina,2017,11,5.683,-0.166,F
VBS19114-5563STDY7800198,WA-0064,Alexander Egyir-Yawson,Ghana,Madina,2017,11,5.683,-0.166,F
VBS19116-5563STDY7800200,WA-0066,Alexander Egyir-Yawson,Ghana,Madina,2017,11,5.683,-0.166,F
VBS19121-5563STDY7800205,WA-0071,Alexander Egyir-Yawson,Ghana,Madina,2017,11,5.683,-0.166,F
VBS19123-5563STDY7800207,WA-0073,Alexander Egyir-Yawson,Ghana,Madina,2017,11,5.683,-0.166,F
VBS19124-5563STDY7800208,WA-0074,Alexander Egyir-Yawson,Ghana,Madina,2017,11,5.683,-0.166,F
VBS19125-5563STDY7800209,WA-0075,Alexander Egyir-Yawson,Ghana,Madina,2017,11,5.683,-0.166,F
VBS19126-5563STDY7800210,WA-0076,Alexander Egyir-Yawson,Ghana,Madina,2017,11,5.683,-0.166,F
VBS19127-5563STDY7800211,WA-0077,Alexander Egyir-Yawson,Ghana,Madina,2017,11,5.683,-0.166,F
VBS19129-5563STDY7800213,WA-0079,Alexander Egyir-Yawson,Ghana,Madina,2017,11,5.683,-0.166,F
VBS19131-5563STDY7800215,WA-0081,Alexander Egyir-Yawson,Ghana,Madina,2017,12,5.683,-0.166,F
VBS19132-5563STDY7800216,WA-0082,Alexander Egyir-Yawson,Ghana,Madina,2017,12,5.683,-0.166,F
VBS19133-5563STDY7800217,WA-0083,Alexander Egyir-Yawson,Ghana,Madina,2017,12,5.683,-0.166,F
VBS19134-5563STDY7800218,WA-0084,Alexander Egyir-Yawson,Ghana,Madina,2017,12,5.683,-0.166,F
VBS19135-5563STDY7800219,WA-0085,Alexander Egyir-Yawson,Ghana,Madina,2017,12,5.683,-0.166,F
VBS19136-5563STDY7800220,WA-0086,Alexander Egyir-Yawson,Ghana,Madina,2017,12,5.683,-0.166,F
VBS19137-5563STDY7800221,WA-0087,Alexander Egyir-Yawson,Ghana,Madina,2017,12,5.683,-0.166,F
VBS19138-5563STDY7800222,WA-0088,Alexander Egyir-Yawson,Ghana,Madina,2017,12,5.683,-0.166,F
VBS19139-5563STDY7800223,WA-0089,Alexander Egyir-Yawson,Ghana,Madina,2017,12,5.683,-0.166,F
VBS19140-5563STDY7800224,WA-0090,Alexander Egyir-Yawson,Ghana,Madina,2017,12,5.683,-0.166,F
VBS19141-5563STDY7800225,WA-0091,Alexander Egyir-Yawson,Ghana,Madina,2017,12,5.683,-0.166,F
VBS19142-5563STDY7800226,WA-0092,Alexander Egyir-Yawson,Ghana,Madina,2017,12,5.683,-0.166,F
VBS19143-5563STDY7800227,WA-0093,Alexander Egyir-Yawson,Ghana,Madina,2017,12,5.683,-0.166,F
VBS19144-5563STDY7800228,WA-0094,Alexander Egyir-Yawson,Ghana,Madina,2017,12,5.683,-0.166,F
VBS19145-5563STDY7800229,WA-0095,Alexander Egyir-Yawson,Ghana,Madina,2017,12,5.683,-0.166,F
VBS19149-5563STDY7800235,WA-0099,Alexander Egyir-Yawson,Ghana,Madina,2017,12,5.683,-0.166,F
VBS19150-5563STDY7800236,WA-0100,Alexander Egyir-Yawson,Ghana,Madina,2017,12,5.683,-0.166,F
VBS19152-5563STDY7800238,WA-0102,Alexander Egyir-Yawson,Ghana,Madina,2017,12,5.683,-0.166,F
VBS19154-5563STDY7800240,WA-0104,Alexander Egyir-Yawson,Ghana,Madina,2017,12,5.683,-0.166,F
VBS19155-5563STDY7800241,WA-0105,Alexander Egyir-Yawson,Ghana,Madina,2017,12,5.683,-0.166,F
VBS19156-5563STDY7800242,WA-0106,Alexander Egyir-Yawson,Ghana,Madina,2017,12,5.683,-0.166,F
VBS19157-5563STDY7800243,WA-0107,Alexander Egyir-Yawson,Ghana,Madina,2017,12,5.683,-0.166,F
VBS19158-5563STDY7800244,WA-0108,Alexander Egyir-Yawson,Ghana,Madina,2017,12,5.683,-0.166,F
VBS19159-5563STDY7800245,WA-0109,Alexander Egyir-Yawson,Ghana,Madina,2017,12,5.683,-0.166,F
VBS19160-5563STDY7800246,WA-0110,Alexander Egyir-Yawson,Ghana,Madina,2017,12,5.683,-0.166,F
VBS19161-5563STDY7800247,WA-0111,Alexander Egyir-Yawson,Ghana,Madina,2017,12,5.683,-0.166,F
VBS19162-5563STDY7800248,WA-0112,Alexander Egyir-Yawson,Ghana,Madina,2017,12,5.683,-0.166,F
VBS19164-5563STDY7800250,WA-0114,Alexander Egyir-Yawson,Ghana,Madina,2017,12,5.683,-0.166,F
VBS19165-5563STDY7800251,WA-0115,Alexander Egyir-Yawson,Ghana,Madina,2017,12,5.683,-0.166,F
VBS19167-5563STDY7800253,WA-0117,Alexander Egyir-Yawson,Ghana,Madina,2017,12,5.683,-0.166,F
VBS19168-5563STDY7800254,WA-0118,Alexander Egyir-Yawson,Ghana,Madina,2017,12,5.683,-0.166,F
VBS19170-5563STDY7800256,WA-0120,Alexander Egyir-Yawson,Ghana,Madina,2017,12,5.683,-0.166,F
VBS19173-5563STDY7800259,WA-0123,Alexander Egyir-Yawson,Ghana,Madina,2017,12,5.683,-0.166,F
VBS19174-5563STDY7800260,WA-0124,Alexander Egyir-Yawson,Ghana,Madina,2017,12,5.683,-0.166,F
VBS19175-5563STDY7800261,WA-0125,Alexander Egyir-Yawson,Ghana,Madina,2017,12,5.683,-0.166,F
VBS19176-5563STDY7800262,WA-0126,Alexander Egyir-Yawson,Ghana,Madina,2017,12,5.683,-0.166,F
VBS19177-5563STDY7800263,WA-0127,Alexander Egyir-Yawson,Ghana,Madina,2017,12,5.683,-0.166,F
VBS19178-5563STDY7800264,WA-0128,Alexander Egyir-Yawson,Ghana,Madina,2017,12,5.683,-0.166,F
VBS19179-5563STDY7800265,WA-0129,Alexander Egyir-Yawson,Ghana,Madina,2017,12,5.683,-0.166,F
VBS19180-5563STDY7800266,WA-0130,Alexander Egyir-Yawson,Ghana,Madina,2017,12,5.683,-0.166,F
VBS19181-5563STDY7800267,WA-0131,Alexander Egyir-Yawson,Ghana,Madina,2017,12,5.683,-0.166,F
VBS19182-5563STDY7800268,WA-0132,Alexander Egyir-Yawson,Ghana,Madina,2017,12,5.683,-0.166,F
VBS19183-5563STDY7800269,WA-0133,Alexander Egyir-Yawson,Ghana,Madina,2017,12,5.683,-0.166,F
VBS19184-5563STDY7800270,WA-0134,Alexander Egyir-Yawson,Ghana,Madina,2017,12,5.683,-0.166,F
VBS19185-5563STDY7800271,WA-0135,Alexander Egyir-Yawson,Ghana,Madina,2017,12,5.683,-0.166,F
VBS19186-5563STDY7800272,WA-0136,Alexander Egyir-Yawson,Ghana,Madina,2017,12,5.683,-0.166,F
VBS19187-5563STDY7800273,WA-0137,Alexander Egyir-Yawson,Ghana,Madina,2017,12,5.683,-0.166,F
VBS19188-5563STDY7800274,WA-0138,Alexander Egyir-Yawson,Ghana,Madina,2017,12,5.683,-0.166,F
VBS19190-5563STDY7800276,WA-0140,Alexander Egyir-Yawson,Ghana,Madina,2017,12,5.683,-0.166,F
VBS19191-5563STDY7800277,WA-0141,Alexander Egyir-Yawson,Ghana,Madina,2017,12,5.683,-0.166,F
VBS19192-5563STDY7800278,WA-0142,Alexander Egyir-Yawson,Ghana,Madina,2017,12,5.683,-0.166,F
VBS19193-5563STDY7800279,WA-0143,Alexander Egyir-Yawson,Ghana,Madina,2017,12,5.683,-0.166,F
VBS19194-5563STDY7800280,WA-0144,Alexander Egyir-Yawson,Ghana,Madina,2017,12,5.683,-0.166,F
VBS19196-5563STDY7800282,WA-0146,Alexander Egyir-Yawson,Ghana,Madina,2017,12,5.683,-0.166,F
VBS19197-5563STDY7800283,WA-0147,Alexander Egyir-Yawson,Ghana,Madina,2017,12,5.683,-0.166,F
VBS19198-5563STDY7800284,WA-0148,Alexander Egyir-Yawson,Ghana,Madina,2017,12,5.683,-0.166,F
VBS19199-5563STDY7800285,WA-0149,Alexander Egyir-Yawson,Ghana,Madina,2017,12,5.683,-0.166,F
VBS19200-5563STDY7800286,WA-0150,Alexander Egyir-Yawson,Ghana,Madina,2017,12,5.683,-0.166,F
VBS19201-5563STDY7800287,WA-0151,Alexander Egyir-Yawson,Ghana,Madina,2017,12,5.683,-0.166,F
VBS19202-5563STDY7800288,WA-0152,Alexander Egyir-Yawson,Ghana,Madina,2017,12,5.683,-0.166,F
VBS19203-5563STDY7800289,WA-0153,Alexander Egyir-Yawson,Ghana,Madina,2017,12,5.683,-0.166,F
VBS19204-5563STDY7800290,WA-0154,Alexander Egyir-Yawson,Ghana,Madina,2017,12,5.683,-0.166,F
VBS19205-5563STDY7800291,WA-0155,Alexander Egyir-Yawson,Ghana,Madina,2017,12,5.683,-0.166,F
VBS19206-5563STDY7800292,WA-0156,Alexander Egyir-Yawson,Ghana,Madina,2017,12,5.683,-0.166,F
VBS19207-5563STDY7800293,WA-0157,Alexander Egyir-Yawson,Ghana,Madina,2017,12,5.683,-0.166,F
VBS19208-5563STDY7800294,WA-0158,Alexander Egyir-Yawson,Ghana,Madina,2017,12,5.683,-0.166,F
VBS19209-5563STDY7800295,WA-0159,Alexander Egyir-Yawson,Ghana,Madina,2017,12,5.683,-0.166,F
VBS19210-5563STDY7800296,WA-0160,Alexander Egyir-Yawson,Ghana,Madina,2017,12,5.683,-0.166,F
VBS19212-5563STDY7800298,WA-0162,Alexander Egyir-Yawson,Ghana,Madina,2017,12,5.683,-0.166,F
VBS19214-5563STDY7800300,WA-0164,Alexander Egyir-Yawson,Ghana,Madina,2017,12,5.683,-0.166,F
VBS19215-5563STDY7800301,WA-0165,Alexander Egyir-Yawson,Ghana,Madina,2017,12,5.683,-0.166,F
VBS19216-5563STDY7800302,WA-0166,Alexander Egyir-Yawson,Ghana,Madina,2017,12,5.683,-0.166,F
VBS19217-5563STDY7800303,WA-0167,Alexander Egyir-Yawson,Ghana,Madina,2017,12,5.683,-0.166,F
VBS19218-5563STDY7800304,WA-0168,Alexander Egyir-Yawson,Ghana,Obuasi,2017,9,6.200,-1.683,F
VBS19219-5563STDY7800305,WA-0169,Alexander Egyir-Yawson,Ghana,Obuasi,2017,9,6.200,-1.683,F
VBS19221-5563STDY7800307,WA-0171,Alexander Egyir-Yawson,Ghana,Obuasi,2017,9,6.200,-1.683,F
VBS19224-5563STDY7800310,WA-0174,Alexander Egyir-Yawson,Ghana,Obuasi,2017,9,6.200,-1.683,F
VBS19225-5563STDY7800311,WA-0175,Alexander Egyir-Yawson,Ghana,Obuasi,2017,9,6.200,-1.683,F
VBS19226-5563STDY7800312,WA-0176,Alexander Egyir-Yawson,Ghana,Obuasi,2017,9,6.200,-1.683,F
VBS19229-5563STDY7800315,WA-0179,Alexander Egyir-Yawson,Ghana,Obuasi,2017,9,6.200,-1.683,F
VBS19236-5563STDY7800322,WA-0186,Alexander Egyir-Yawson,Ghana,Obuasi,2017,9,6.200,-1.683,F
VBS19237-5563STDY7800323,WA-0187,Alexander Egyir-Yawson,Ghana,Obuasi,2017,9,6.200,-1.683,F
VBS19245-5563STDY7800333,WA-0195,Alexander Egyir-Yawson,Ghana,Obuasi,2017,9,6.200,-1.683,F
VBS19246-5563STDY7800334,WA-0196,Alexander Egyir-Yawson,Ghana,Obuasi,2017,9,6.200,-1.683,F
VBS19249-5563STDY7800337,WA-0199,Alexander Egyir-Yawson,Ghana,Obuasi,2017,9,6.200,-1.683,F
VBS19250-5563STDY7800338,WA-0200,Alexander Egyir-Yawson,Ghana,Obuasi,2017,9,6.200,-1.683,F
VBS19253-5563STDY7800341,WA-0203,Alexander Egyir-Yawson,Ghana,Obuasi,2017,9,6.200,-1.683,F
VBS19254-5563STDY7800342,WA-0204,Alexander Egyir-Yawson,Ghana,Obuasi,2017,9,6.200,-1.683,F
VBS19257-5563STDY7800345,WA-0207,Alexander Egyir-Yawson,Ghana,Obuasi,2017,9,6.200,-1.683,F
VBS19261-5563STDY7800349,WA-0211,Alexander Egyir-Yawson,Ghana,Obuasi,2017,9,6.200,-1.683,F
VBS19262-5563STDY7800350,WA-0212,Alexander Egyir-Yawson,Ghana,Obuasi,2017,9,6.200,-1.683,F
VBS19265-5563STDY7800353,WA-0215,Alexander Egyir-Yawson,Ghana,Obuasi,2017,9,6.200,-1.683,F
VBS19268-5563STDY7800356,WA-0218,Alexander Egyir-Yawson,Ghana,Obuasi,2017,9,6.200,-1.683,F
VBS19269-5563STDY7800357,WA-0219,Alexander Egyir-Yawson,Ghana,Obuasi,2017,9,6.200,-1.683,F
VBS19270-5563STDY7800358,WA-0220,Alexander Egyir-Yawson,Ghana,Obuasi,2017,9,6.200,-1.683,F
VBS19271-5563STDY7800359,WA-0221,Alexander Egyir-Yawson,Ghana,Obuasi,2017,9,6.200,-1.683,F
VBS19272-5563STDY7800360,WA-0222,Alexander Egyir-Yawson,Ghana,Obuasi,2017,9,6.200,-1.683,F
VBS19273-5563STDY7800361,WA-0223,Alexander Egyir-Yawson,Ghana,Obuasi,2017,9,6.200,-1.683,F
VBS19277-5563STDY7800365,WA-0227,Alexander Egyir-Yawson,Ghana,Obuasi,2017,9,6.200,-1.683,F
VBS19278-5563STDY7800366,WA-0228,Alexander Egyir-Yawson,Ghana,Obuasi,2017,9,6.200,-1.683,F
VBS19279-5563STDY7800367,WA-0229,Alexander Egyir-Yawson,Ghana,Obuasi,2017,9,6.200,-1.683,F
VBS19284-5563STDY7800372,WA-0234,Alexander Egyir-Yawson,Ghana,Obuasi,2017,9,6.200,-1.683,F
VBS19285-5563STDY7800373,WA-0235,Alexander Egyir-Yawson,Ghana,Obuasi,2017,9,6.200,-1.683,F
VBS19286-5563STDY7800374,WA-0236,Alexander Egyir-Yawson,Ghana,Obuasi,2017,9,6.200,-1.683,F
VBS19287-5563STDY7800375,WA-0237,Alexander Egyir-Yawson,Ghana,Obuasi,2017,9,6.200,-1.683,F
VBS19289-5563STDY7800377,WA-0239,Alexander Egyir-Yawson,Ghana,Obuasi,2017,9,6.200,-1.683,F
VBS19292-5563STDY7800380,WA-0242,Alexander Egyir-Yawson,Ghana,Obuasi,2017,9,6.200,-1.683,F
VBS19293-5563STDY7800381,WA-0243,Alexander Egyir-Yawson,Ghana,Obuasi,2017,9,6.200,-1.683,F
VBS19294-5563STDY7800382,WA-0244,Alexander Egyir-Yawson,Ghana,Obuasi,2017,9,6.200,-1.683,F
VBS19295-5563STDY7800383,WA-0245,Alexander Egyir-Yawson,Ghana,Obuasi,2017,9,6.200,-1.683,F
VBS19296-5563STDY7800384,WA-0246,Alexander Egyir-Yawson,Ghana,Obuasi,2017,9,6.200,-1.683,F
VBS19297-5563STDY7800385,WA-0247,Alexander Egyir-Yawson,Ghana,Obuasi,2017,9,6.200,-1.683,F
VBS19299-5563STDY7800387,WA-0249,Alexander Egyir-Yawson,Ghana,Obuasi,2017,9,6.200,-1.683,F
VBS19301-5563STDY7800389,WA-0251,Alexander Egyir-Yawson,Ghana,Obuasi,2017,9,6.200,-1.683,F
VBS19302-5563STDY7800390,WA-0252,Alexander Egyir-Yawson,Ghana,Obuasi,2017,9,6.200,-1.683,F
VBS19303-5563STDY7800391,WA-0253,Alexander Egyir-Yawson,Ghana,Obuasi,2017,9,6.200,-1.683,F
VBS19305-5563STDY7800393,WA-0255,Alexander Egyir-Yawson,Ghana,Obuasi,2017,9,6.200,-1.683,F
VBS19306-5563STDY7800394,WA-0256,Alexander Egyir-Yawson,Ghana,Obuasi,2017,9,6.200,-1.683,F
VBS19307-5563STDY7800395,WA-0257,Alexander Egyir-Yawson,Ghana,Obuasi,2017,9,6.200,-1.683,F
VBS19308-5563STDY7800396,WA-0258,Alexander Egyir-Yawson,Ghana,Obuasi,2017,9,6.200,-1.683,F
VBS19309-5563STDY7800397,WA-0259,Alexander Egyir-Yawson,Ghana,Obuasi,2017,9,6.200,-1.683,F
VBS19310-5563STDY7800398,WA-0260,Alexander Egyir-Yawson,Ghana,Obuasi,2017,9,6.200,-1.683,F
VBS19311-5563STDY7800399,WA-0261,Alexander Egyir-Yawson,Ghana,Obuasi,2017,9,6.200,-1.683,F
VBS19312-5563STDY7800400,WA-0262,Alexander Egyir-Yawson,Ghana,Obuasi,2017,9,6.200,-1.683,F
VBS19316-5563STDY7800404,WA-0266,Alexander Egyir-Yawson,Ghana,Obuasi,2017,9,6.200,-1.683,F
VBS19319-5563STDY7800407,WA-0269,Alexander Egyir-Yawson,Ghana,Obuasi,2017,9,6.200,-1.683,F
VBS19320-5563STDY7800408,WA-0270,Alexander Egyir-Yawson,Ghana,Obuasi,2017,9,6.200,-1.683,F
VBS19324-5563STDY7800411,WA-0274,Alexander Egyir-Yawson,Ghana,Obuasi,2017,9,6.200,-1.683,F
VBS19332-5563STDY7800419,WA-0282,Alexander Egyir-Yawson,Ghana,Obuasi,2017,9,6.200,-1.683,F
VBS19333-5563STDY7800420,WA-0283,Alexander Egyir-Yawson,Ghana,Obuasi,2017,9,6.200,-1.683,F
VBS19337-5563STDY7800425,WA-0287,Alexander Egyir-Yawson,Ghana,Obuasi,2017,9,6.200,-1.683,F
VBS19338-5563STDY7800426,WA-0288,Alexander Egyir-Yawson,Ghana,Obuasi,2017,9,6.200,-1.683,F
VBS19339-5563STDY7800427,WA-0289,Alexander Egyir-Yawson,Ghana,Obuasi,2017,9,6.200,-1.683,F
VBS19340-5563STDY7800428,WA-0290,Alexander Egyir-Yawson,Ghana,Obuasi,2017,9,6.200,-1.683,F
VBS19341-5563STDY7800429,WA-0291,Alexander Egyir-Yawson,Ghana,Obuasi,2017,9,6.200,-1.683,F
VBS19342-5563STDY7800430,WA-0292,Alexander Egyir-Yawson,Ghana,Obuasi,2017,9,6.200,-1.683,F
VBS19344-5563STDY7800432,WA-0294,Alexander Egyir-Yawson,Ghana,Obuasi,2017,9,6.200,-1.683,F
VBS19345-5563STDY7800433,WA-0295,Alexander Egyir-Yawson,Ghana,Obuasi,2017,9,6.200,-1.683,F
VBS19346-5563STDY7800434,WA-0296,Alexander Egyir-Yawson,Ghana,Obuasi,2017,9,6.200,-1.683,F
VBS19347-5563STDY7800435,WA-0297,Alexander Egyir-Yawson,Ghana,Obuasi,2017,9,6.200,-1.683,F
VBS19348-5563STDY7800436,WA-0298,Alexander Egyir-Yawson,Ghana,Obuasi,2017,9,6.200,-1.683,F
VBS19349-5563STDY7800437,WA-0299,Alexander Egyir-Yawson,Ghana,Obuasi,2017,9,6.200,-1.683,F
VBS19356-5563STDY7800443,WA-0306,Alexander Egyir-Yawson,Ghana,Obuasi,2017,9,6.200,-1.683,F
VBS19359-5563STDY7800446,WA-0309,Alexander Egyir-Yawson,Ghana,Obuasi,2017,9,6.200,-1.683,F
VBS19360-5563STDY7800447,WA-0310,Alexander Egyir-Yawson,Ghana,Obuasi,2017,9,6.200,-1.683,F
VBS19363-5563STDY7800450,WA-0313,Alexander Egyir-Yawson,Ghana,Obuasi,2017,9,6.200,-1.683,F
VBS19364-5563STDY7800451,WA-0314,Alexander Egyir-Yawson,Ghana,Obuasi,2017,9,6.200,-1.683,F
VBS19367-5563STDY7800454,WA-0317,Alexander Egyir-Yawson,Ghana,Obuasi,2017,9,6.200,-1.683,F
VBS19368-5563STDY7800455,WA-0318,Alexander Egyir-Yawson,Ghana,Obuasi,2017,9,6.200,-1.683,F
VBS19369-5563STDY7800456,WA-0319,Alexander Egyir-Yawson,Ghana,Obuasi,2017,9,6.200,-1.683,F
VBS19370-5563STDY7800457,WA-0320,Alexander Egyir-Yawson,Ghana,Obuasi,2017,9,6.200,-1.683,F
VBS19371-5563STDY7800458,WA-0321,Alexander Egyir-Yawson,Ghana,Obuasi,2017,9,6.200,-1.683,F
VBS19372-5563STDY7800459,WA-0322,Alexander Egyir-Yawson,Ghana,Obuasi,2017,9,6.200,-1.683,F
VBS19376-5563STDY7800462,WA-0442,Alexander Egyir-Yawson,Ghana,Madina,2017,11,5.683,-0.166,F
VBS19378-5563STDY7800464,WA-0444,Alexander Egyir-Yawson,Ghana,Madina,2017,11,5.683,-0.166,F
VBS19385-5563STDY7800471,WA-0451,Alexander Egyir-Yawson,Ghana,Madina,2017,11,5.683,-0.166,F
VBS19386-5563STDY7800472,WA-0452,Alexander Egyir-Yawson,Ghana,Madina,2017,11,5.683,-0.166,F
VBS19389-5563STDY7800475,WA-0455,Alexander Egyir-Yawson,Ghana,Madina,2017,11,5.683,-0.166,F
VBS19391-5563STDY7800476,WA-0457,Alexander Egyir-Yawson,Ghana,Madina,2017,11,5.683,-0.166,F
VBS19392-5563STDY7800477,WA-0458,Alexander Egyir-Yawson,Ghana,Madina,2017,11,5.683,-0.166,F
VBS19393-5563STDY7800478,WA-0459,Alexander Egyir-Yawson,Ghana,Madina,2017,11,5.683,-0.166,F
VBS19394-5563STDY7800479,WA-0460,Alexander Egyir-Yawson,Ghana,Madina,2017,11,5.683,-0.166,F
VBS19396-5563STDY7800481,WA-0462,Alexander Egyir-Yawson,Ghana,Madina,2017,11,5.683,-0.166,F
VBS19397-5563STDY7800482,WA-0463,Alexander Egyir-Yawson,Ghana,Madina,2017,11,5.683,-0.166,F
VBS19398-5563STDY7800483,WA-0464,Alexander Egyir-Yawson,Ghana,Madina,2017,11,5.683,-0.166,F
VBS19399-5563STDY7800484,WA-0465,Alexander Egyir-Yawson,Ghana,Madina,2017,11,5.683,-0.166,F
VBS19400-5563STDY7800485,WA-0466,Alexander Egyir-Yawson,Ghana,Madina,2017,11,5.683,-0.166,F
VBS19402-5563STDY7800487,WA-0468,Alexander Egyir-Yawson,Ghana,Madina,2017,11,5.683,-0.166,F
VBS19403-5563STDY7800488,WA-0469,Alexander Egyir-Yawson,Ghana,Madina,2017,11,5.683,-0.166,F
VBS19406-5563STDY7800491,WA-0472,Alexander Egyir-Yawson,Ghana,Madina,2017,11,5.683,-0.166,F
VBS19407-5563STDY7800492,WA-0473,Alexander Egyir-Yawson,Ghana,Madina,2017,11,5.683,-0.166,F
VBS19408-5563STDY7800493,WA-0474,Alexander Egyir-Yawson,Ghana,Madina,2017,11,5.683,-0.166,F
VBS19410-5563STDY7800495,WA-0476,Alexander Egyir-Yawson,Ghana,Madina,2017,11,5.683,-0.166,F
VBS19411-5563STDY7800496,WA-0477,Alexander Egyir-Yawson,Ghana,Madina,2017,11,5.683,-0.166,F
VBS19412-5563STDY7800497,WA-0478,Alexander Egyir-Yawson,Ghana,Madina,2017,11,5.683,-0.166,F
VBS19413-5563STDY7800498,WA-0479,Alexander Egyir-Yawson,Ghana,Madina,2017,11,5.683,-0.166,F
VBS19414-5563STDY7800499,WA-0480,Alexander Egyir-Yawson,Ghana,Madina,2017,11,5.683,-0.166,F
VBS19415-5563STDY7800500,WA-0481,Alexander Egyir-Yawson,Ghana,Madina,2017,11,5.683,-0.166,F
VBS19417-5563STDY7800502,WA-0483,Alexander Egyir-Yawson,Ghana,Madina,2017,11,5.683,-0.166,F
VBS19418-5563STDY7800503,WA-0484,Alexander Egyir-Yawson,Ghana,Madina,2017,11,5.683,-0.166,F
VBS19419-5563STDY7800504,WA-0485,Alexander Egyir-Yawson,Ghana,Madina,2017,11,5.683,-0.166,F
VBS19420-5563STDY7800505,WA-0486,Alexander Egyir-Yawson,Ghana,Madina,2017,11,5.683,-0.166,F
VBS19421-5563STDY7800506,WA-0487,Alexander Egyir-Yawson,Ghana,Madina,2017,11,5.683,-0.166,F
VBS19422-5563STDY7800507,WA-0488,Alexander Egyir-Yawson,Ghana,Madina,2017,11,5.683,-0.166,F
VBS19423-5563STDY7800508,WA-0489,Alexander Egyir-Yawson,Ghana,Madina,2017,11,5.683,-0.166,F
VBS19426-5563STDY7800511,WA-0492,Alexander Egyir-Yawson,Ghana,Madina,2017,11,5.683,-0.166,F
VBS19432-5563STDY7800517,WA-0498,Alexander Egyir-Yawson,Ghana,Madina,2017,11,5.683,-0.166,F
VBS19437-5563STDY7800524,WA-0503,Alexander Egyir-Yawson,Ghana,Madina,2017,11,5.683,-0.166,F
VBS19440-5563STDY7800527,WA-0506,Alexander Egyir-Yawson,Ghana,Madina,2017,11,5.683,-0.166,F
VBS19441-5563STDY7800528,WA-0507,Alexander Egyir-Yawson,Ghana,Madina,2017,11,5.683,-0.166,F
VBS19444-5563STDY7800531,WA-0510,Alexander Egyir-Yawson,Ghana,Madina,2017,11,5.683,-0.166,F
VBS19449-5563STDY7800536,WA-0515,Alexander Egyir-Yawson,Ghana,Madina,2017,11,5.683,-0.166,F
VBS19450-5563STDY7800537,WA-0516,Alexander Egyir-Yawson,Ghana,Madina,2017,11,5.683,-0.166,F
VBS19451-5563STDY7800538,WA-0517,Alexander Egyir-Yawson,Ghana,Madina,2017,11,5.683,-0.166,F
VBS19452-5563STDY7800539,WA-0518,Alexander Egyir-Yawson,Ghana,Madina,2017,11,5.683,-0.166,F
VBS19453-5563STDY7800540,WA-0519,Alexander Egyir-Yawson,Ghana,Madina,2017,11,5.683,-0.166,F
VBS19455-5563STDY7800542,WA-0521,Alexander Egyir-Yawson,Ghana,Madina,2017,11,5.683,-0.166,F
VBS19457-5563STDY7800544,WA-0523,Alexander Egyir-Yawson,Ghana,Madina,2017,11,5.683,-0.166,F
VBS19458-5563STDY7800545,WA-0524,Alexander Egyir-Yawson,Ghana,Madina,2017,11,5.683,-0.166,F
VBS19459-5563STDY7800546,WA-0525,Alexander Egyir-Yawson,Ghana,Madina,2017,11,5.683,-0.166,F
VBS19460-5563STDY7800547,WA-0526,Alexander Egyir-Yawson,Ghana,Madina,2017,11,5.683,-0.166,F
VBS19462-5563STDY7800549,WA-0528,Alexander Egyir-Yawson,Ghana,Madina,2017,11,5.683,-0.166,F
VBS19463-5563STDY7800550,WA-0529,Alexander Egyir-Yawson,Ghana,Madina,2017,11,5.683,-0.166,F
VBS19464-5563STDY7800551,WA-0530,Alexander Egyir-Yawson,Ghana,Madina,2017,11,5.683,-0.166,F
VBS19465-5563STDY7800552,WA-0531,Alexander Egyir-Yawson,Ghana,Madina,2017,11,5.683,-0.166,F
VBS19466-5563STDY7800553,WA-0532,Alexander Egyir-Yawson,Ghana,Madina,2017,11,5.683,-0.166,F
VBS19467-5563STDY7800554,WA-0533,Alexander Egyir-Yawson,Ghana,Madina,2017,11,5.683,-0.166,F
VBS19468-5563STDY7800555,WA-0534,Alexander Egyir-Yawson,Ghana,Madina,2017,11,5.683,-0.166,F
VBS19471-5563STDY7800558,WA-0537,Alexander Egyir-Yawson,Ghana,Madina,2017,11,5.683,-0.166,F
VBS19474-5563STDY7800561,WA-0540,Alexander Egyir-Yawson,Ghana,Madina,2017,11,5.683,-0.166,F
VBS19484-5563STDY7800571,WA-0550,Alexander Egyir-Yawson,Ghana,Madina,2017,12,5.683,-0.166,F
VBS19497-5563STDY7800583,WA-0563,Alexander Egyir-Yawson,Ghana,Madina,2017,12,5.683,-0.166,F
VBS19506-5563STDY7800589,WA-0572,Alexander Egyir-Yawson,Ghana,Madina,2017,12,5.683,-0.166,F
VBS19507-5563STDY7800590,WA-0573,Alexander Egyir-Yawson,Ghana,Madina,2017,12,5.683,-0.166,F
VBS19509-5563STDY7800591,WA-0575,Alexander Egyir-Yawson,Ghana,Madina,2017,12,5.683,-0.166,F
VBS19510-5563STDY7800592,WA-0576,Alexander Egyir-Yawson,Ghana,Madina,2017,12,5.683,-0.166,F
VBS19512-5563STDY7800593,WA-0578,Alexander Egyir-Yawson,Ghana,Madina,2017,12,5.683,-0.166,F
VBS19513-5563STDY7800594,WA-0579,Alexander Egyir-Yawson,Ghana,Madina,2017,12,5.683,-0.166,F
VBS19514-5563STDY7800595,WA-0580,Alexander Egyir-Yawson,Ghana,Madina,2017,12,5.683,-0.166,F
VBS19515-5563STDY7800596,WA-0581,Alexander Egyir-Yawson,Ghana,Madina,2017,12,5.683,-0.166,F
VBS19517-5563STDY7800598,WA-0583,Alexander Egyir-Yawson,Ghana,Madina,2017,12,5.683,-0.166,F
VBS19519-5563STDY7800600,WA-0585,Alexander Egyir-Yawson,Ghana,Madina,2017,12,5.683,-0.166,F
VBS19520-5563STDY7800601,WA-0586,Alexander Egyir-Yawson,Ghana,Madina,2017,12,5.683,-0.166,F
VBS19521-5563STDY7800602,WA-0587,Alexander Egyir-Yawson,Ghana,Madina,2017,12,5.683,-0.166,F
VBS19523-5563STDY7800603,WA-0589,Alexander Egyir-Yawson,Ghana,Madina,2017,12,5.683,-0.166,F
VBS19526-5563STDY7800604,WA-0592,Alexander Egyir-Yawson,Ghana,Madina,2017,12,5.683,-0.166,F
VBS19527-5563STDY7800605,WA-0593,Alexander Egyir-Yawson,Ghana,Obuasi,2017,9,6.200,-1.683,F
VBS19528-5563STDY7800606,WA-0594,Alexander Egyir-Yawson,Ghana,Obuasi,2017,9,6.200,-1.683,F
VBS19530-5563STDY7800608,WA-0596,Alexander Egyir-Yawson,Ghana,Obuasi,2017,9,6.200,-1.683,F
VBS19531-5563STDY7800609,WA-0597,Alexander Egyir-Yawson,Ghana,Obuasi,2017,9,6.200,-1.683,F
VBS19532-5563STDY7800610,WA-0598,Alexander Egyir-Yawson,Ghana,Obuasi,2017,9,6.200,-1.683,F
VBS19533-5563STDY7800611,WA-0599,Alexander Egyir-Yawson,Ghana,Obuasi,2017,9,6.200,-1.683,F
VBS19534-5563STDY7800612,WA-0600,Alexander Egyir-Yawson,Ghana,Obuasi,2017,9,6.200,-1.683,F
VBS19535-5563STDY7800613,WA-0601,Alexander Egyir-Yawson,Ghana,Obuasi,2017,9,6.200,-1.683,F
VBS19536-5563STDY7800616,WA-0602,Alexander Egyir-Yawson,Ghana,Obuasi,2017,9,6.200,-1.683,F
VBS19538-5563STDY7800618,WA-0604,Alexander Egyir-Yawson,Ghana,Obuasi,2017,9,6.200,-1.683,F
VBS19539-5563STDY7800619,WA-0605,Alexander Egyir-Yawson,Ghana,Obuasi,2017,9,6.200,-1.683,F
VBS19540-5563STDY7800620,WA-0606,Alexander Egyir-Yawson,Ghana,Obuasi,2017,9,6.200,-1.683,F
VBS19541-5563STDY7800621,WA-0607,Alexander Egyir-Yawson,Ghana,Obuasi,2017,9,6.200,-1.683,F
VBS19542-5563STDY7800622,WA-0608,Alexander Egyir-Yawson,Ghana,Obuasi,2017,9,6.200,-1.683,F
VBS19543-5563STDY7800623,WA-0609,Alexander Egyir-Yawson,Ghana,Obuasi,2017,9,6.200,-1.683,F
VBS19544-5563STDY7800624,WA-0610,Alexander Egyir-Yawson,Ghana,Obuasi,2017,9,6.200,-1.683,F
VBS19545-5563STDY7800625,WA-0611,Alexander Egyir-Yawson,Ghana,Obuasi,2017,9,6.200,-1.683,F
VBS19546-5563STDY7800626,WA-0612,Alexander Egyir-Yawson,Ghana,Obuasi,2017,9,6.200,-1.683,F
VBS19547-5563STDY7800627,WA-0613,Alexander Egyir-Yawson,Ghana,Obuasi,2017,9,6.200,-1.683,F
VBS19548-5563STDY7800628,WA-0614,Alexander Egyir-Yawson,Ghana,Obuasi,2017,9,6.200,-1.683,F
VBS19549-5563STDY7800629,WA-0615,Alexander Egyir-Yawson,Ghana,Obuasi,2017,9,6.200,-1.683,F
VBS19550-5563STDY7800630,WA-0616,Alexander Egyir-Yawson,Ghana,Obuasi,2017,9,6.200,-1.683,F
VBS19551-5563STDY7800631,WA-0617,Alexander Egyir-Yawson,Ghana,Obuasi,2017,9,6.200,-1.683,F
VBS19552-5563STDY7800632,WA-0618,Alexander Egyir-Yawson,Ghana,Obuasi,2017,9,6.200,-1.683,F
VBS19553-5563STDY7800633,WA-0619,Alexander Egyir-Yawson,Ghana,Obuasi,2017,9,6.200,-1.683,F
VBS19554-5563STDY7800634,WA-0620,Alexander Egyir-Yawson,Ghana,Obuasi,2017,9,6.200,-1.683,F
VBS19555-5563STDY7800635,WA-0621,Alexander Egyir-Yawson,Ghana,Obuasi,2017,9,6.200,-1.683,F
VBS19556-5563STDY7800636,WA-0622,Alexander Egyir-Yawson,Ghana,Obuasi,2017,9,6.200,-1.683,F
VBS19557-5563STDY7800637,WA-0623,Alexander Egyir-Yawson,Ghana,Obuasi,2017,9,6.200,-1.683,F
VBS19558-5563STDY7800638,WA-0624,Alexander Egyir-Yawson,Ghana,Obuasi,2017,9,6.200,-1.683,F
VBS19560-5563STDY7800639,WA-0626,Alexander Egyir-Yawson,Ghana,Obuasi,2017,9,6.200,-1.683,F
VBS19561-5563STDY7800640,WA-0627,Alexander Egyir-Yawson,Ghana,Obuasi,2017,9,6.200,-1.683,F
VBS19563-5563STDY7800641,WA-0629,Alexander Egyir-Yawson,Ghana,Obuasi,2017,9,6.200,-1.683,F
VBS19564-5563STDY7800642,WA-0630,Alexander Egyir-Yawson,Ghana,Obuasi,2017,9,6.200,-1.683,F
VBS19565-5563STDY7800643,WA-0631,Alexander Egyir-Yawson,Ghana,Obuasi,2017,9,6.200,-1.683,F
VBS19566-5563STDY7800644,WA-0632,Alexander Egyir-Yawson,Ghana,Obuasi,2017,9,6.200,-1.683,F
VBS19567-5563STDY7800645,WA-0633,Alexander Egyir-Yawson,Ghana,Obuasi,2017,9,6.200,-1.683,F
VBS19569-5563STDY7800646,WA-0635,Alexander Egyir-Yawson,Ghana,Obuasi,2017,9,6.200,-1.683,F
VBS19570-5563STDY7800647,WA-0636,Alexander Egyir-Yawson,Ghana,Obuasi,2017,9,6.200,-1.683,F
VBS19571-5563STDY7800648,WA-0637,Alexander Egyir-Yawson,Ghana,Obuasi,2017,9,6.200,-1.683,F
VBS19572-5563STDY7800649,WA-0638,Alexander Egyir-Yawson,Ghana,Obuasi,2017,9,6.200,-1.683,F
VBS19573-5563STDY7800650,WA-0639,Alexander Egyir-Yawson,Ghana,Obuasi,2017,9,6.200,-1.683,F
VBS19575-5563STDY7800652,WA-0641,Alexander Egyir-Yawson,Ghana,Obuasi,2017,9,6.200,-1.683,F
VBS19576-5563STDY7800653,WA-0642,Alexander Egyir-Yawson,Ghana,Obuasi,2017,9,6.200,-1.683,F
VBS19577-5563STDY7800654,WA-0643,Alexander Egyir-Yawson,Ghana,Obuasi,2017,9,6.200,-1.683,F
VBS19578-5563STDY7800655,WA-0644,Alexander Egyir-Yawson,Ghana,Obuasi,2017,9,6.200,-1.683,F
VBS19579-5563STDY7800656,WA-0645,Alexander Egyir-Yawson,Ghana,Obuasi,2017,9,6.200,-1.683,F
VBS19580-5563STDY7800657,WA-0646,Alexander Egyir-Yawson,Ghana,Obuasi,2017,9,6.200,-1.683,F
VBS19581-5563STDY7800658,WA-0647,Alexander Egyir-Yawson,Ghana,Obuasi,2017,9,6.200,-1.683,F
VBS19582-5563STDY7800659,WA-0648,Alexander Egyir-Yawson,Ghana,Obuasi,2017,9,6.200,-1.683,F
VBS19583-5563STDY7800660,WA-0649,Alexander Egyir-Yawson,Ghana,Obuasi,2017,9,6.200,-1.683,F
VBS19584-5563STDY7800661,WA-0650,Alexander Egyir-Yawson,Ghana,Obuasi,2017,9,6.200,-1.683,F
VBS19585-5563STDY7800662,WA-0651,Alexander Egyir-Yawson,Ghana,Obuasi,2017,9,6.200,-1.683,F
VBS19587-5563STDY7800663,WA-0653,Alexander Egyir-Yawson,Ghana,Obuasi,2017,9,6.200,-1.683,F
VBS19588-5563STDY7800664,WA-0654,Alexander Egyir-Yawson,Ghana,Obuasi,2017,9,6.200,-1.683,F
VBS19589-5563STDY7800665,WA-0655,Alexander Egyir-Yawson,Ghana,Obuasi,2017,9,6.200,-1.683,F
VBS19590-5563STDY7800666,WA-0656,Alexander Egyir-Yawson,Ghana,Obuasi,2017,9,6.200,-1.683,F
VBS19591-5563STDY7800667,WA-0657,Alexander Egyir-Yawson,Ghana,Obuasi,2017,9,6.200,-1.683,F
VBS19592-5563STDY7800668,WA-0658,Alexander Egyir-Yawson,Ghana,Obuasi,2017,9,6.200,-1.683,F
VBS19594-5563STDY7800670,WA-0660,Alexander Egyir-Yawson,Ghana,Obuasi,2017,9,6.200,-1.683,F
VBS19596-5563STDY7800672,WA-0662,Alexander Egyir-Yawson,Ghana,Obuasi,2017,9,6.200,-1.683,F
VBS19597-5563STDY7800673,WA-0663,Alexander Egyir-Yawson,Ghana,Obuasi,2017,9,6.200,-1.683,F
VBS19599-5563STDY7800675,WA-0665,Alexander Egyir-Yawson,Ghana,Obuasi,2017,9,6.200,-1.683,F
VBS19600-5563STDY7800676,WA-0666,Alexander Egyir-Yawson,Ghana,Obuasi,2017,9,6.200,-1.683,F
VBS19601-5563STDY7800677,WA-0667,Alexander Egyir-Yawson,Ghana,Obuasi,2017,9,6.200,-1.683,F
VBS19603-5563STDY7800679,WA-0669,Alexander Egyir-Yawson,Ghana,Obuasi,2017,9,6.200,-1.683,F
VBS19604-5563STDY7800680,WA-0670,Alexander Egyir-Yawson,Ghana,Obuasi,2017,9,6.200,-1.683,F
VBS19605-5563STDY7800681,WA-0671,Alexander Egyir-Yawson,Ghana,Obuasi,2017,9,6.200,-1.683,F
VBS19608-5563STDY7800684,WA-0674,Alexander Egyir-Yawson,Ghana,Obuasi,2017,9,6.200,-1.683,F
VBS19609-5563STDY7800685,WA-0675,Alexander Egyir-Yawson,Ghana,Obuasi,2017,9,6.200,-1.683,F
VBS19610-5563STDY7800686,WA-0676,Alexander Egyir-Yawson,Ghana,Obuasi,2017,9,6.200,-1.683,F
VBS19611-5563STDY7800687,WA-0677,Alexander Egyir-Yawson,Ghana,Obuasi,2017,9,6.200,-1.683,F
VBS19612-5563STDY7800688,WA-0678,Alexander Egyir-Yawson,Ghana,Obuasi,2017,9,6.200,-1.683,F
VBS19613-5563STDY7800689,WA-0679,Alexander Egyir-Yawson,Ghana,Obuasi,2017,9,6.200,-1.683,F
VBS19614-5563STDY7800690,WA-0680,Alexander Egyir-Yawson,Ghana,Obuasi,2017,9,6.200,-1.683,F
VBS19615-5563STDY7800691,WA-0681,Alexander Egyir-Yawson,Ghana,Obuasi,2017,9,6.200,-1.683,F
VBS19616-5563STDY7800692,WA-0682,Alexander Egyir-Yawson,Ghana,Obuasi,2017,9,6.200,-1.683,F
VBS19617-5563STDY7800693,WA-0683,Alexander Egyir-Yawson,Ghana,Obuasi,2017,9,6.200,-1.683,F
VBS19618-5563STDY7800694,WA-0684,Alexander Egyir-Yawson,Ghana,Obuasi,2017,9,6.200,-1.683,F
VBS19619-5563STDY7800695,WA-0685,Alexander Egyir-Yawson,Ghana,Obuasi,2017,9,6.200,-1.683,F
VBS19620-5563STDY7800696,WA-0686,Alexander Egyir-Yawson,Ghana,Obuasi,2017,9,6.200,-1.683,F
VBS19621-5563STDY7800697,WA-0687,Alexander Egyir-Yawson,Ghana,Obuasi,2017,9,6.200,-1.683,F
VBS19622-5563STDY7800698,WA-0688,Alexander Egyir-Yawson,Ghana,Obuasi,2017,9,6.200,-1.683,F
VBS19623-5563STDY7800699,WA-0689,Alexander Egyir-Yawson,Ghana,Obuasi,2017,9,6.200,-1.683,F
VBS19624-5563STDY7800700,WA-0690,Alexander Egyir-Yawson,Ghana,Obuasi,2017,9,6.200,-1.683,F
VBS19625-5563STDY7800701,WA-0691,Alexander Egyir-Yawson,Ghana,Obuasi,2017,9,6.200,-1.683,F
VBS19626-5563STDY7800702,WA-0692,Alexander Egyir-Yawson,Ghana,Obuasi,2017,9,6.200,-1.683,F
VBS19627-5563STDY7800703,WA-0693,Alexander Egyir-Yawson,Ghana,Obuasi,2017,9,6.200,-1.683,F
VBS19628-5563STDY7800704,WA-0694,Alexander Egyir-Yawson,Ghana,Obuasi,2017,9,6.200,-1.683,F
VBS19629-5563STDY7800705,WA-0695,Alexander Egyir-Yawson,Ghana,Obuasi,2017,9,6.200,-1.683,F
VBS19632-5563STDY7800708,WA-0698,Alexander Egyir-Yawson,Ghana,Obuasi,2017,9,6.200,-1.683,F
VBS19633-5563STDY7800709,WA-0699,Alexander Egyir-Yawson,Ghana,Obuasi,2017,9,6.200,-1.683,F
VBS19634-5563STDY7800712,WA-0700,Alexander Egyir-Yawson,Ghana,Obuasi,2017,9,6.200,-1.683,F
VBS19635-5563STDY7800713,WA-0701,Alexander Egyir-Yawson,Ghana,Obuasi,2017,9,6.200,-1.683,F
VBS19636-5563STDY7800714,WA-0702,Alexander Egyir-Yawson,Ghana,Obuasi,2017,9,6.200,-1.683,F
VBS19637-5563STDY7800715,WA-0703,Alexander Egyir-Yawson,Ghana,Obuasi,2017,9,6.200,-1.683,F
VBS19638-5563STDY7800716,WA-0704,Alexander Egyir-Yawson,Ghana,Obuasi,2017,9,6.200,-1.683,F
VBS19639-5563STDY7800717,WA-0705,Alexander Egyir-Yawson,Ghana,Obuasi,2017,9,6.200,-1.683,F
VBS19640-5563STDY7800718,WA-0706,Alexander Egyir-Yawson,Ghana,Obuasi,2017,9,6.200,-1.683,F
VBS19641-5563STDY7800719,WA-0707,Alexander Egyir-Yawson,Ghana,Obuasi,2017,9,6.200,-1.683,F
VBS19642-5563STDY7800720,WA-0708,Alexander Egyir-Yawson,Ghana,Obuasi,2017,9,6.200,-1.683,F
VBS19643-5563STDY7800721,WA-0709,Alexander Egyir-Yawson,Ghana,Obuasi,2017,9,6.200,-1.683,F
VBS19644-5563STDY7800722,WA-0710,Alexander Egyir-Yawson,Ghana,Obuasi,2017,9,6.200,-1.683,F
VBS19645-5563STDY7800723,WA-0711,Alexander Egyir-Yawson,Ghana,Obuasi,2017,9,6.200,-1.683,F
VBS19646-5563STDY7800724,WA-0712,Alexander Egyir-Yawson,Ghana,Obuasi,2017,9,6.200,-1.683,F
VBS19647-5563STDY7800725,WA-0713,Alexander Egyir-Yawson,Ghana,Obuasi,2017,9,6.200,-1.683,F
VBS19648-5563STDY7800726,WA-0714,Alexander Egyir-Yawson,Ghana,Obuasi,2017,9,6.200,-1.683,F
VBS19649-5563STDY7800727,WA-0715,Alexander Egyir-Yawson,Ghana,Obuasi,2017,9,6.200,-1.683,F
VBS19650-5563STDY7800728,WA-0716,Alexander Egyir-Yawson,Ghana,Obuasi,2017,9,6.200,-1.683,F
VBS19651-5563STDY7800729,WA-0717,Alexander Egyir-Yawson,Ghana,Obuasi,2017,9,6.200,-1.683,F
VBS19652-5563STDY7800730,WA-0718,Alexander Egyir-Yawson,Ghana,Obuasi,2017,9,6.200,-1.683,F
VBS19653-5563STDY7800731,WA-0719,Alexander Egyir-Yawson,Ghana,Obuasi,2017,9,6.200,-1.683,F
VBS19654-5563STDY7800732,WA-0720,Alexander Egyir-Yawson,Ghana,Obuasi,2017,9,6.200,-1.683,F
VBS19655-5563STDY7800733,WA-0721,Alexander Egyir-Yawson,Ghana,Obuasi,2017,9,6.200,-1.683,F
VBS19656-5563STDY7800734,WA-0722,Alexander Egyir-Yawson,Ghana,Obuasi,2017,9,6.200,-1.683,F
VBS19657-5563STDY7800735,WA-0723,Alexander Egyir-Yawson,Ghana,Obuasi,2017,9,6.200,-1.683,F
VBS19658-5563STDY7800736,WA-0724,Alexander Egyir-Yawson,Ghana,Obuasi,2017,9,6.200,-1.683,F
VBS19659-5563STDY7800737,WA-0725,Alexander Egyir-Yawson,Ghana,Obuasi,2017,9,6.200,-1.683,F
VBS19660-5563STDY7800738,WA-0878,Alexander Egyir-Yawson,Ghana,Korle-Bu,2018,1,5.537,-0.240,F
VBS19661-5563STDY7800739,WA-0879,Alexander Egyir-Yawson,Ghana,Korle-Bu,2018,1,5.537,-0.240,F
VBS19662-5563STDY7800740,WA-0880,Alexander Egyir-Yawson,Ghana,Korle-Bu,2018,1,5.537,-0.240,F
VBS19663-5563STDY7800741,WA-0881,Alexander Egyir-Yawson,Ghana,Korle-Bu,2018,1,5.537,-0.240,F
VBS19664-5563STDY7800742,WA-0882,Alexander Egyir-Yawson,Ghana,Korle-Bu,2018,1,5.537,-0.240,F
VBS19665-5563STDY7800743,WA-0883,Alexander Egyir-Yawson,Ghana,Korle-Bu,2018,1,5.537,-0.240,F
VBS19666-5563STDY7800744,WA-0884,Alexander Egyir-Yawson,Ghana,Korle-Bu,2018,1,5.537,-0.240,F
VBS19667-5563STDY7800745,WA-0885,Alexander Egyir-Yawson,Ghana,Korle-Bu,2018,1,5.537,-0.240,F
VBS19668-5563STDY7800746,WA-0886,Alexander Egyir-Yawson,Ghana,Korle-Bu,2018,2,5.537,-0.240,F
VBS19669-5563STDY7800747,WA-0887,Alexander Egyir-Yawson,Ghana,Korle-Bu,2018,2,5.537,-0.240,F
VBS19671-5563STDY7800749,WA-0889,Alexander Egyir-Yawson,Ghana,Korle-Bu,2018,2,5.537,-0.240,F
VBS19672-5563STDY7800750,WA-0890,Alexander Egyir-Yawson,Ghana,Korle-Bu,2018,2,5.537,-0.240,F
VBS19673-5563STDY7800751,WA-0891,Alexander Egyir-Yawson,Ghana,Korle-Bu,2018,2,5.537,-0.240,F
VBS19674-5563STDY7800752,WA-0892,Alexander Egyir-Yawson,Ghana,Korle-Bu,2018,2,5.537,-0.240,F
VBS19675-5563STDY7800753,WA-0893,Alexander Egyir-Yawson,Ghana,Korle-Bu,2018,2,5.537,-0.240,F
VBS19676-5563STDY7800754,WA-0894,Alexander Egyir-Yawson,Ghana,Korle-Bu,2018,2,5.537,-0.240,F
VBS19677-5563STDY7800755,WA-0895,Alexander Egyir-Yawson,Ghana,Korle-Bu,2018,2,5.537,-0.240,F
VBS19678-5563STDY7800756,WA-0896,Alexander Egyir-Yawson,Ghana,Korle-Bu,2018,2,5.537,-0.240,F
VBS19679-5563STDY7800757,WA-0897,Alexander Egyir-Yawson,Ghana,Korle-Bu,2018,2,5.537,-0.240,F
VBS19680-5563STDY7800758,WA-0898,Alexander Egyir-Yawson,Ghana,Korle-Bu,2018,2,5.537,-0.240,F
VBS19681-5563STDY7800759,WA-0899,Alexander Egyir-Yawson,Ghana,Korle-Bu,2018,2,5.537,-0.240,F
VBS19682-5563STDY7800760,WA-0900,Alexander Egyir-Yawson,Ghana,Korle-Bu,2018,2,5.537,-0.240,F
VBS19683-5563STDY7800761,WA-0901,Alexander Egyir-Yawson,Ghana,Korle-Bu,2018,2,5.537,-0.240,F
VBS19684-5563STDY7800762,WA-0902,Alexander Egyir-Yawson,Ghana,Korle-Bu,2018,2,5.537,-0.240,F
VBS19685-5563STDY7800763,WA-0903,Alexander Egyir-Yawson,Ghana,Korle-Bu,2018,2,5.537,-0.240,F
VBS19686-5563STDY7800764,WA-0904,Alexander Egyir-Yawson,Ghana,Korle-Bu,2018,2,5.537,-0.240,F
VBS19687-5563STDY7800765,WA-0905,Alexander Egyir-Yawson,Ghana,Korle-Bu,2018,2,5.537,-0.240,F
VBS19688-5563STDY7800766,WA-0906,Alexander Egyir-Yawson,Ghana,Korle-Bu,2018,2,5.537,-0.240,F
VBS19689-5563STDY7800767,WA-0907,Alexander Egyir-Yawson,Ghana,Korle-Bu,2018,2,5.537,-0.240,F
VBS19690-5563STDY7800768,WA-0908,Alexander Egyir-Yawson,Ghana,Korle-Bu,2018,2,5.537,-0.240,F
VBS19691-5563STDY7800769,WA-0909,Alexander Egyir-Yawson,Ghana,Korle-Bu,2018,2,5.537,-0.240,F
VBS19692-5563STDY7800770,WA-0910,Alexander Egyir-Yawson,Ghana,Korle-Bu,2018,2,5.537,-0.240,F
VBS19693-5563STDY7800771,WA-0911,Alexander Egyir-Yawson,Ghana,Korle-Bu,2018,2,5.537,-0.240,F
VBS19694-5563STDY7800772,WA-0912,Alexander Egyir-Yawson,Ghana,Korle-Bu,2018,2,5.537,-0.240,F
VBS19695-5563STDY7800773,WA-0913,Alexander Egyir-Yawson,Ghana,Korle-Bu,2018,2,5.537,-0.240,F
VBS19696-5563STDY7800774,WA-0914,Alexander Egyir-Yawson,Ghana,Korle-Bu,2018,2,5.537,-0.240,F
VBS19697-5563STDY7800775,WA-0915,Alexander Egyir-Yawson,Ghana,Korle-Bu,2018,2,5.537,-0.240,F
VBS19698-5563STDY7800776,WA-0916,Alexander Egyir-Yawson,Ghana,Korle-Bu,2018,2,5.537,-0.240,F
VBS19699-5563STDY7800777,WA-0917,Alexander Egyir-Yawson,Ghana,Korle-Bu,2018,2,5.537,-0.240,F
VBS19700-5563STDY7800778,WA-0918,Alexander Egyir-Yawson,Ghana,Korle-Bu,2018,2,5.537,-0.240,F
VBS19701-5563STDY7800779,WA-0919,Alexander Egyir-Yawson,Ghana,Korle-Bu,2018,2,5.537,-0.240,F
VBS19702-5563STDY7800780,WA-0920,Alexander Egyir-Yawson,Ghana,Korle-Bu,2018,2,5.537,-0.240,F
VBS19703-5563STDY7800781,WA-0921,Alexander Egyir-Yawson,Ghana,Korle-Bu,2018,2,5.537,-0.240,F
VBS19704-5563STDY7800782,WA-0922,Alexander Egyir-Yawson,Ghana,Korle-Bu,2018,2,5.537,-0.240,F
VBS19705-5563STDY7800783,WA-0923,Alexander Egyir-Yawson,Ghana,Korle-Bu,2018,2,5.537,-0.240,F
VBS19706-5563STDY7800784,WA-0924,Alexander Egyir-Yawson,Ghana,Korle-Bu,2018,2,5.537,-0.240,F
VBS19707-5563STDY7800785,WA-0925,Alexander Egyir-Yawson,Ghana,Korle-Bu,2018,2,5.537,-0.240,F
VBS19708-5563STDY7800786,WA-0926,Alexander Egyir-Yawson,Ghana,Korle-Bu,2018,2,5.537,-0.240,F
VBS19709-5563STDY7800787,WA-0927,Alexander Egyir-Yawson,Ghana,Korle-Bu,2018,2,5.537,-0.240,F
VBS19710-5563STDY7800788,WA-0928,Alexander Egyir-Yawson,Ghana,Korle-Bu,2018,2,5.537,-0.240,F
VBS19711-5563STDY7800789,WA-0929,Alexander Egyir-Yawson,Ghana,Korle-Bu,2018,2,5.537,-0.240,F
VBS19712-5563STDY7800790,WA-0930,Alexander Egyir-Yawson,Ghana,Korle-Bu,2018,2,5.537,-0.240,F
VBS19713-5563STDY7800791,WA-0931,Alexander Egyir-Yawson,Ghana,Korle-Bu,2018,2,5.537,-0.240,F
VBS19714-5563STDY7800792,WA-0932,Alexander Egyir-Yawson,Ghana,Korle-Bu,2018,2,5.537,-0.240,F
VBS19715-5563STDY7800793,WA-0933,Alexander Egyir-Yawson,Ghana,Korle-Bu,2018,2,5.537,-0.240,F
VBS19716-5563STDY7800794,WA-0934,Alexander Egyir-Yawson,Ghana,Korle-Bu,2018,2,5.537,-0.240,F
VBS19717-5563STDY7800795,WA-0935,Alexander Egyir-Yawson,Ghana,Korle-Bu,2018,2,5.537,-0.240,F
VBS19718-5563STDY7800796,WA-0936,Alexander Egyir-Yawson,Ghana,Korle-Bu,2018,2,5.537,-0.240,F
VBS19720-5563STDY7800797,WA-0938,Alexander Egyir-Yawson,Ghana,Korle-Bu,2018,2,5.537,-0.240,F
VBS19721-5563STDY7800798,WA-0939,Alexander Egyir-Yawson,Ghana,Korle-Bu,2018,2,5.537,-0.240,F
VBS19722-5563STDY7800799,WA-0940,Alexander Egyir-Yawson,Ghana,Korle-Bu,2018,2,5.537,-0.240,F
VBS19723-5563STDY7800800,WA-0941,Alexander Egyir-Yawson,Ghana,Korle-Bu,2018,2,5.537,-0.240,F
VBS19724-5563STDY7800801,WA-0942,Alexander Egyir-Yawson,Ghana,Korle-Bu,2018,2,5.537,-0.240,M
VBS19725-5563STDY7800802,WA-0943,Alexander Egyir-Yawson,Ghana,Korle-Bu,2018,2,5.537,-0.240,F
VBS19726-5563STDY7800803,WA-0944,Alexander Egyir-Yawson,Ghana,Korle-Bu,2018,2,5.537,-0.240,F
VBS19727-5563STDY7800804,WA-0945,Alexander Egyir-Yawson,Ghana,Korle-Bu,2018,2,5.537,-0.240,F
VBS19728-5563STDY7800805,WA-0946,Alexander Egyir-Yawson,Ghana,Korle-Bu,2018,2,5.537,-0.240,F
VBS19729-5563STDY7800808,WA-0947,Alexander Egyir-Yawson,Ghana,Korle-Bu,2018,2,5.537,-0.240,F
VBS19731-5563STDY7800809,WA-0949,Alexander Egyir-Yawson,Ghana,Korle-Bu,2018,2,5.537,-0.240,F
VBS19732-5563STDY7800810,WA-0950,Alexander Egyir-Yawson,Ghana,Korle-Bu,2018,2,5.537,-0.240,F
VBS19733-5563STDY7800811,WA-0951,Alexander Egyir-Yawson,Ghana,Korle-Bu,2018,2,5.537,-0.240,F
VBS19734-5563STDY7800812,WA-0952,Alexander Egyir-Yawson,Ghana,Korle-Bu,2018,2,5.537,-0.240,F
VBS19735-5563STDY7800813,WA-0953,Alexander Egyir-Yawson,Ghana,Korle-Bu,2018,2,5.537,-0.240,F
VBS19736-5563STDY7800814,WA-0954,Alexander Egyir-Yawson,Ghana,Korle-Bu,2018,2,5.537,-0.240,F
VBS19737-5563STDY7800815,WA-0955,Alexander Egyir-Yawson,Ghana,Korle-Bu,2018,2,5.537,-0.240,F
VBS19739-5563STDY7800816,WA-0957,Alexander Egyir-Yawson,Ghana,Korle-Bu,2018,2,5.537,-0.240,F
VBS19740-5563STDY7800817,WA-0958,Alexander Egyir-Yawson,Ghana,Korle-Bu,2018,2,5.537,-0.240,F
VBS19741-5563STDY7800818,WA-0959,Alexander Egyir-Yawson,Ghana,Korle-Bu,2018,2,5.537,-0.240,F
VBS19742-5563STDY7800819,WA-0960,Alexander Egyir-Yawson,Ghana,Korle-Bu,2018,2,5.537,-0.240,F
VBS19743-5563STDY7800820,WA-0961,Alexander Egyir-Yawson,Ghana,Korle-Bu,2018,2,5.537,-0.240,F
VBS19744-5563STDY7800821,WA-0962,Alexander Egyir-Yawson,Ghana,Korle-Bu,2018,2,5.537,-0.240,F
VBS19745-5563STDY7800822,WA-0963,Alexander Egyir-Yawson,Ghana,Korle-Bu,2018,2,5.537,-0.240,F
VBS19746-5563STDY7800823,WA-0964,Alexander Egyir-Yawson,Ghana,Korle-Bu,2018,2,5.537,-0.240,F
VBS19747-5563STDY7800824,WA-0965,Alexander Egyir-Yawson,Ghana,Korle-Bu,2018,2,5.537,-0.240,F
VBS19750-5563STDY7800827,WA-0968,Alexander Egyir-Yawson,Ghana,Korle-Bu,2018,2,5.537,-0.240,F
VBS19751-5563STDY7800828,WA-0969,Alexander Egyir-Yawson,Ghana,Korle-Bu,2018,2,5.537,-0.240,F
VBS19752-5563STDY7800829,WA-0970,Alexander Egyir-Yawson,Ghana,Korle-Bu,2018,2,5.537,-0.240,F
VBS19753-5563STDY7800830,WA-0971,Alexander Egyir-Yawson,Ghana,Korle-Bu,2018,2,5.537,-0.240,F
VBS19754-5563STDY7800831,WA-0972,Alexander Egyir-Yawson,Ghana,Korle-Bu,2018,2,5.537,-0.240,F
VBS19755-5563STDY7800832,WA-0973,Alexander Egyir-Yawson,Ghana,Korle-Bu,2018,1,5.537,-0.240,F
VBS19756-5563STDY7800833,WA-0974,Alexander Egyir-Yawson,Ghana,Korle-Bu,2018,1,5.537,-0.240,F
VBS19757-5563STDY7800834,WA-0975,Alexander Egyir-Yawson,Ghana,Korle-Bu,2018,2,5.537,-0.240,F
VBS19758-5563STDY7800835,WA-0976,Alexander Egyir-Yawson,Ghana,Korle-Bu,2018,2,5.537,-0.240,F
VBS19759-5563STDY7800836,WA-0977,Alexander Egyir-Yawson,Ghana,Korle-Bu,2018,2,5.537,-0.240,F
VBS19761-5563STDY7800838,WA-0979,Alexander Egyir-Yawson,Ghana,Korle-Bu,2018,2,5.537,-0.240,F
VBS19762-5563STDY7800839,WA-0980,Alexander Egyir-Yawson,Ghana,Korle-Bu,2018,2,5.537,-0.240,F
VBS19763-5563STDY7800840,WA-0981,Alexander Egyir-Yawson,Ghana,Korle-Bu,2018,2,5.537,-0.240,F
VBS19764-5563STDY7800841,WA-0982,Alexander Egyir-Yawson,Ghana,Korle-Bu,2018,2,5.537,-0.240,F
VBS19767-5563STDY7800843,WA-0985,Alexander Egyir-Yawson,Ghana,Korle-Bu,2018,2,5.537,-0.240,F
VBS19768-5563STDY7800844,WA-0986,Alexander Egyir-Yawson,Ghana,Korle-Bu,2018,2,5.537,-0.240,F
VBS19769-5563STDY7800845,WA-0987,Alexander Egyir-Yawson,Ghana,Korle-Bu,2018,2,5.537,-0.240,F
VBS19770-5563STDY7800846,WA-0988,Alexander Egyir-Yawson,Ghana,Korle-Bu,2018,2,5.537,-0.240,F
VBS19773-5563STDY7800849,WA-0991,Alexander Egyir-Yawson,Ghana,Korle-Bu,2018,2,5.537,-0.240,F
VBS19775-5563STDY7800850,WA-0993,Alexander Egyir-Yawson,Ghana,Korle-Bu,2018,2,5.537,-0.240,F
VBS19776-5563STDY7800851,WA-0994,Alexander Egyir-Yawson,Ghana,Korle-Bu,2018,2,5.537,-0.240,F
VBS19777-5563STDY7800852,WA-0995,Alexander Egyir-Yawson,Ghana,Korle-Bu,2018,2,5.537,-0.240,F
VBS19778-5563STDY7800853,WA-0996,Alexander Egyir-Yawson,Ghana,Korle-Bu,2018,2,5.537,-0.240,F
VBS19779-5563STDY7800854,WA-0997,Alexander Egyir-Yawson,Ghana,Korle-Bu,2018,2,5.537,-0.240,F
VBS19780-5563STDY7800855,WA-0998,Alexander Egyir-Yawson,Ghana,Korle-Bu,2018,2,5.537,-0.240,F
VBS19781-5563STDY7800856,WA-0999,Alexander Egyir-Yawson,Ghana,Korle-Bu,2018,2,5.537,-0.240,F
VBS19782-5563STDY7800857,WA-1000,Alexander Egyir-Yawson,Ghana,Korle-Bu,2018,2,5.537,-0.240,F
VBS19783-5563STDY7800858,WA-1001,Alexander Egyir-Yawson,Ghana,Korle-Bu,2018,2,5.537,-0.240,F
VBS19784-5563STDY7800859,WA-1002,Alexander Egyir-Yawson,Ghana,Korle-Bu,2018,2,5.537,-0.240,F
VBS19785-5563STDY7800860,WA-1003,Alexander Egyir-Yawson,Ghana,Korle-Bu,2018,2,5.537,-0.240,F
VBS19786-5563STDY7800861,WA-1004,Alexander Egyir-Yawson,Ghana,Korle-Bu,2018,2,5.537,-0.240,F
VBS19787-5563STDY7800862,WA-1005,Alexander Egyir-Yawson,Ghana,Korle-Bu,2018,2,5.537,-0.240,F
VBS19788-5563STDY7800863,WA-1006,Alexander Egyir-Yawson,Ghana,Korle-Bu,2018,2,5.537,-0.240,F
VBS19789-5563STDY7800864,WA-1007,Alexander Egyir-Yawson,Ghana,Korle-Bu,2018,2,5.537,-0.240,F
VBS19791-5563STDY7800865,WA-1009,Alexander Egyir-Yawson,Ghana,Korle-Bu,2018,2,5.537,-0.240,F
VBS19792-5563STDY7800866,WA-1010,Alexander Egyir-Yawson,Ghana,Korle-Bu,2018,2,5.537,-0.240,F
VBS19793-5563STDY7800867,WA-1011,Alexander Egyir-Yawson,Ghana,Korle-Bu,2018,2,5.537,-0.240,F
VBS19794-5563STDY7800868,WA-1012,Alexander Egyir-Yawson,Ghana,Korle-Bu,2018,2,5.537,-0.240,F
VBS19795-5563STDY7800869,WA-1013,Alexander Egyir-Yawson,Ghana,Korle-Bu,2018,2,5.537,-0.240,F
VBS19796-5563STDY7800870,WA-1014,Alexander Egyir-Yawson,Ghana,Korle-Bu,2018,2,5.537,-0.240,F
VBS19797-5563STDY7800871,WA-1015,Alexander Egyir-Yawson,Ghana,Korle-Bu,2018,2,5.537,-0.240,F
VBS19799-5563STDY7800873,WA-1017,Alexander Egyir-Yawson,Ghana,Korle-Bu,2018,2,5.537,-0.240,F
VBS19800-5563STDY7800874,WA-1018,Alexander Egyir-Yawson,Ghana,Korle-Bu,2018,2,5.537,-0.240,F
VBS19801-5563STDY7800875,WA-1019,Alexander Egyir-Yawson,Ghana,Korle-Bu,2018,2,5.537,-0.240,F
VBS19802-5563STDY7800876,WA-1020,Alexander Egyir-Yawson,Ghana,Korle-Bu,2018,2,5.537,-0.240,F
VBS19803-5563STDY7800877,WA-1021,Alexander Egyir-Yawson,Ghana,Korle-Bu,2018,2,5.537,-0.240,F
VBS19804-5563STDY7800878,WA-1022,Alexander Egyir-Yawson,Ghana,Korle-Bu,2018,2,5.537,-0.240,F
VBS19805-5563STDY7800879,WA-1023,Alexander Egyir-Yawson,Ghana,Korle-Bu,2018,2,5.537,-0.240,F
VBS19806-5563STDY7800880,WA-1024,Alexander Egyir-Yawson,Ghana,Korle-Bu,2018,2,5.537,-0.240,F
VBS19807-5563STDY7800881,WA-1025,Alexander Egyir-Yawson,Ghana,Korle-Bu,2018,2,5.537,-0.240,F
VBS19808-5563STDY7800882,WA-1026,Alexander Egyir-Yawson,Ghana,Korle-Bu,2018,2,5.537,-0.240,F
VBS19809-5563STDY7800883,WA-1027,Alexander Egyir-Yawson,Ghana,Korle-Bu,2018,2,5.537,-0.240,F
VBS19810-5563STDY7800884,WA-1028,Alexander Egyir-Yawson,Ghana,Korle-Bu,2018,2,5.537,-0.240,F
VBS19811-5563STDY7800885,WA-1029,Alexander Egyir-Yawson,Ghana,Korle-Bu,2018,2,5.537,-0.240,F
VBS19812-5563STDY7800886,WA-1030,Alexander Egyir-Yawson,Ghana,Korle-Bu,2018,2,5.537,-0.240,F
VBS19813-5563STDY7800887,WA-1031,Alexander Egyir-Yawson,Ghana,Korle-Bu,2018,2,5.537,-0.240,F
VBS19814-5563STDY7800888,WA-1032,Alexander Egyir-Yawson,Ghana,Korle-Bu,2018,2,5.537,-0.240,F
VBS19815-5563STDY7800889,WA-1033,Alexander Egyir-Yawson,Ghana,Korle-Bu,2018,2,5.537,-0.240,F
VBS19816-5563STDY7800890,WA-1034,Alexander Egyir-Yawson,Ghana,Korle-Bu,2018,2,5.537,-0.240,F
VBS19817-5563STDY7800891,WA-1035,Alexander Egyir-Yawson,Ghana,Korle-Bu,2018,2,5.537,-0.240,F
VBS19818-5563STDY7800892,WA-1036,Alexander Egyir-Yawson,Ghana,Korle-Bu,2018,2,5.537,-0.240,F
VBS19819-5563STDY7800893,WA-1037,Alexander Egyir-Yawson,Ghana,Korle-Bu,2018,2,5.537,-0.240,F
VBS19821-5563STDY7800895,WA-1039,Alexander Egyir-Yawson,Ghana,Korle-Bu,2018,2,5.537,-0.240,F
VBS19823-5563STDY7800897,WA-1041,Alexander Egyir-Yawson,Ghana,Korle-Bu,2018,2,5.537,-0.240,F
VBS19824-5563STDY7800898,WA-1042,Alexander Egyir-Yawson,Ghana,Korle-Bu,2018,2,5.537,-0.240,F
VBS19825-5563STDY7800899,WA-1043,Alexander Egyir-Yawson,Ghana,Korle-Bu,2018,2,5.537,-0.240,F
VBS19827-5563STDY7800901,WA-1147,Alexander Egyir-Yawson,Ghana,Korle-Bu,2018,1,5.537,-0.240,F
VBS19829-5563STDY7800905,WA-1149,Alexander Egyir-Yawson,Ghana,Korle-Bu,2018,1,5.537,-0.240,F
VBS19833-5563STDY7800909,WA-1153,Alexander Egyir-Yawson,Ghana,Korle-Bu,2018,1,5.537,-0.240,F
VBS19838-5563STDY7800914,WA-1158,Alexander Egyir-Yawson,Ghana,Korle-Bu,2018,1,5.537,-0.240,F
VBS19839-5563STDY7800915,WA-1159,Alexander Egyir-Yawson,Ghana,Korle-Bu,2018,1,5.537,-0.240,F
VBS19842-5563STDY7800918,WA-1162,Alexander Egyir-Yawson,Ghana,Korle-Bu,2018,2,5.537,-0.240,F
VBS19844-5563STDY7800920,WA-1164,Alexander Egyir-Yawson,Ghana,Korle-Bu,2018,2,5.537,-0.240,F
VBS19845-5563STDY7800921,WA-1165,Alexander Egyir-Yawson,Ghana,Korle-Bu,2018,2,5.537,-0.240,F
VBS19846-5563STDY7800922,WA-1166,Alexander Egyir-Yawson,Ghana,Korle-Bu,2018,2,5.537,-0.240,F
VBS19849-5563STDY7800925,WA-1169,Alexander Egyir-Yawson,Ghana,Korle-Bu,2018,2,5.537,-0.240,F
VBS19851-5563STDY7800927,WA-1171,Alexander Egyir-Yawson,Ghana,Korle-Bu,2018,2,5.537,-0.240,F
VBS19852-5563STDY7800928,WA-1172,Alexander Egyir-Yawson,Ghana,Korle-Bu,2018,2,5.537,-0.240,F
VBS19853-5563STDY7800929,WA-1173,Alexander Egyir-Yawson,Ghana,Korle-Bu,2018,2,5.537,-0.240,F
VBS19854-5563STDY7800930,WA-1174,Alexander Egyir-Yawson,Ghana,Korle-Bu,2018,2,5.537,-0.240,F
VBS19855-5563STDY7800931,WA-1175,Alexander Egyir-Yawson,Ghana,Korle-Bu,2018,2,5.537,-0.240,M
VBS19856-5563STDY7800932,WA-1176,Alexander Egyir-Yawson,Ghana,Korle-Bu,2018,2,5.537,-0.240,F
VBS19857-5563STDY7800933,WA-1177,Alexander Egyir-Yawson,Ghana,Korle-Bu,2018,2,5.537,-0.240,F
VBS19861-5563STDY7800937,WA-1181,Alexander Egyir-Yawson,Ghana,Korle-Bu,2018,2,5.537,-0.240,F
VBS19862-5563STDY7800938,WA-1182,Alexander Egyir-Yawson,Ghana,Korle-Bu,2018,2,5.537,-0.240,F
VBS19863-5563STDY7800939,WA-1183,Alexander Egyir-Yawson,Ghana,Korle-Bu,2018,2,5.537,-0.240,F
VBS19864-5563STDY7800940,WA-1184,Alexander Egyir-Yawson,Ghana,Korle-Bu,2018,2,5.537,-0.240,F
VBS19868-5563STDY7800944,WA-1188,Alexander Egyir-Yawson,Ghana,Korle-Bu,2018,2,5.537,-0.240,F
VBS19869-5563STDY7800945,WA-1189,Alexander Egyir-Yawson,Ghana,Korle-Bu,2018,2,5.537,-0.240,F
VBS19870-5563STDY7800946,WA-1190,Alexander Egyir-Yawson,Ghana,Korle-Bu,2018,2,5.537,-0.240,F
VBS19871-5563STDY7800947,WA-1191,Alexander Egyir-Yawson,Ghana,Korle-Bu,2018,2,5.537,-0.240,F
VBS19872-5563STDY7800948,WA-1192,Alexander Egyir-Yawson,Ghana,Korle-Bu,2018,2,5.537,-0.240,F
VBS19873-5563STDY7800949,WA-1193,Alexander Egyir-Yawson,Ghana,Korle-Bu,2018,2,5.537,-0.240,F
VBS19876-5563STDY7800952,WA-1196,Alexander Egyir-Yawson,Ghana,Korle-Bu,2018,2,5.537,-0.240,F
VBS19878-5563STDY7800954,WA-1198,Alexander Egyir-Yawson,Ghana,Korle-Bu,2018,2,5.537,-0.240,F
VBS19879-5563STDY7800955,WA-1199,Alexander Egyir-Yawson,Ghana,Korle-Bu,2018,2,5.537,-0.240,F
VBS19880-5563STDY7800956,WA-1200,Alexander Egyir-Yawson,Ghana,Korle-Bu,2018,2,5.537,-0.240,F
VBS19881-5563STDY7800957,WA-1201,Alexander Egyir-Yawson,Ghana,Korle-Bu,2018,2,5.537,-0.240,F
VBS19882-5563STDY7800958,WA-1202,Alexander Egyir-Yawson,Ghana,Korle-Bu,2018,2,5.537,-0.240,F
VBS19884-5563STDY7800960,WA-1204,Alexander Egyir-Yawson,Ghana,Korle-Bu,2018,2,5.537,-0.240,F
VBS19886-5563STDY7800962,WA-1206,Alexander Egyir-Yawson,Ghana,Korle-Bu,2018,2,5.537,-0.240,F
VBS19887-5563STDY7800963,WA-1207,Alexander Egyir-Yawson,Ghana,Korle-Bu,2018,2,5.537,-0.240,F
VBS19888-5563STDY7800964,WA-1208,Alexander Egyir-Yawson,Ghana,Korle-Bu,2018,2,5.537,-0.240,F
VBS19889-5563STDY7800965,WA-1209,Alexander Egyir-Yawson,Ghana,Korle-Bu,2018,2,5.537,-0.240,F
VBS19890-5563STDY7800966,WA-1210,Alexander Egyir-Yawson,Ghana,Korle-Bu,2018,2,5.537,-0.240,F
VBS19892-5563STDY7800968,WA-1212,Alexander Egyir-Yawson,Ghana,Korle-Bu,2018,2,5.537,-0.240,F
VBS19893-5563STDY7800969,WA-1213,Alexander Egyir-Yawson,Ghana,Korle-Bu,2018,2,5.537,-0.240,F
VBS19894-5563STDY7800970,WA-1214,Alexander Egyir-Yawson,Ghana,Korle-Bu,2018,2,5.537,-0.240,F
VBS19895-5563STDY7800971,WA-1215,Alexander Egyir-Yawson,Ghana,Korle-Bu,2018,2,5.537,-0.240,F
VBS19897-5563STDY7800972,WA-1217,Alexander Egyir-Yawson,Ghana,Korle-Bu,2018,2,5.537,-0.240,F
VBS19900-5563STDY7800974,WA-1220,Alexander Egyir-Yawson,Ghana,Korle-Bu,2018,2,5.537,-0.240,F
VBS19901-5563STDY7800975,WA-1221,Alexander Egyir-Yawson,Ghana,Korle-Bu,2018,2,5.537,-0.240,F
VBS19902-5563STDY7800976,WA-1222,Alexander Egyir-Yawson,Ghana,Korle-Bu,2018,2,5.537,-0.240,F
VBS19906-5563STDY7800977,WA-1226,Alexander Egyir-Yawson,Ghana,Korle-Bu,2018,2,5.537,-0.240,F
VBS19908-5563STDY7800979,WA-1228,Alexander Egyir-Yawson,Ghana,Korle-Bu,2018,2,5.537,-0.240,F
VBS19909-5563STDY7800980,WA-1229,Alexander Egyir-Yawson,Ghana,Korle-Bu,2018,2,5.537,-0.240,F
VBS19910-5563STDY7800981,WA-1230,Alexander Egyir-Yawson,Ghana,Korle-Bu,2018,2,5.537,-0.240,F
VBS19911-5563STDY7800982,WA-1231,Alexander Egyir-Yawson,Ghana,Korle-Bu,2018,2,5.537,-0.240,F
VBS19915-5563STDY7800986,WA-1235,Alexander Egyir-Yawson,Ghana,Korle-Bu,2018,2,5.537,-0.240,F
VBS19916-5563STDY7800987,WA-1236,Alexander Egyir-Yawson,Ghana,Korle-Bu,2018,2,5.537,-0.240,F
VBS19917-5563STDY7800988,WA-1237,Alexander Egyir-Yawson,Ghana,Korle-Bu,2018,2,5.537,-0.240,F
VBS19920-5563STDY7800991,WA-1240,Alexander Egyir-Yawson,Ghana,Korle-Bu,2018,2,5.537,-0.240,F
VBS19921-5563STDY7800992,WA-1241,Alexander Egyir-Yawson,Ghana,Korle-Bu,2018,1,5.537,-0.240,F
VBS19922-5563STDY7800993,WA-1242,Alexander Egyir-Yawson,Ghana,Korle-Bu,2018,1,5.537,-0.240,F
VBS19924-5563STDY7800994,WA-1244,Alexander Egyir-Yawson,Ghana,Korle-Bu,2018,1,5.537,-0.240,F
VBS19925-5563STDY7800995,WA-1245,Alexander Egyir-Yawson,Ghana,Korle-Bu,2018,1,5.537,-0.240,F
VBS19926-5563STDY7800996,WA-1246,Alexander Egyir-Yawson,Ghana,Korle-Bu,2018,1,5.537,-0.240,F
VBS19927-5563STDY7800997,WA-1247,Alexander Egyir-Yawson,Ghana,Korle-Bu,2018,1,5.537,-0.240,F
VBS19928-5563STDY7801000,WA-1248,Alexander Egyir-Yawson,Ghana,Korle-Bu,2018,1,5.537,-0.240,F
VBS19929-5563STDY7801001,WA-1249,Alexander Egyir-Yawson,Ghana,Korle-Bu,2018,1,5.537,-0.240,F
VBS19930-5563STDY7801002,WA-1250,Alexander Egyir-Yawson,Ghana,Korle-Bu,2018,1,5.537,-0.240,F
VBS19932-5563STDY7801004,WA-1252,Alexander Egyir-Yawson,Ghana,Korle-Bu,2018,1,5.537,-0.240,F
VBS19933-5563STDY7801005,WA-1253,Alexander Egyir-Yawson,Ghana,Korle-Bu,2018,1,5.537,-0.240,F
VBS19934-5563STDY7801006,WA-1254,Alexander Egyir-Yawson,Ghana,Korle-Bu,2018,1,5.537,-0.240,F
VBS19937-5563STDY7801009,WA-1257,Alexander Egyir-Yawson,Ghana,Korle-Bu,2018,2,5.537,-0.240,F
VBS19939-5563STDY7801010,WA-1259,Alexander Egyir-Yawson,Ghana,Korle-Bu,2018,2,5.537,-0.240,F
VBS19940-5563STDY7801011,WA-1260,Alexander Egyir-Yawson,Ghana,Korle-Bu,2018,2,5.537,-0.240,F
VBS19941-5563STDY7801012,WA-1261,Alexander Egyir-Yawson,Ghana,Korle-Bu,2018,2,5.537,-0.240,F
VBS19942-5563STDY7801013,WA-1262,Alexander Egyir-Yawson,Ghana,Korle-Bu,2018,2,5.537,-0.240,F
VBS19944-5563STDY7801015,WA-1264,Alexander Egyir-Yawson,Ghana,Korle-Bu,2018,2,5.537,-0.240,F
VBS19947-5563STDY7801018,WA-1267,Alexander Egyir-Yawson,Ghana,Korle-Bu,2018,2,5.537,-0.240,F
VBS19948-5563STDY7801019,WA-1268,Alexander Egyir-Yawson,Ghana,Korle-Bu,2018,2,5.537,-0.240,F
VBS19951-5563STDY7801022,WA-1271,Alexander Egyir-Yawson,Ghana,Korle-Bu,2018,2,5.537,-0.240,F
VBS19952-5563STDY7801023,WA-1272,Alexander Egyir-Yawson,Ghana,Korle-Bu,2018,2,5.537,-0.240,F
VBS19953-5563STDY7801024,WA-1273,Alexander Egyir-Yawson,Ghana,Korle-Bu,2018,2,5.537,-0.240,F
VBS19954-5563STDY7801025,WA-1274,Alexander Egyir-Yawson,Ghana,Korle-Bu,2018,2,5.537,-0.240,F
VBS19955-5563STDY7801026,WA-1275,Alexander Egyir-Yawson,Ghana,Korle-Bu,2018,2,5.537,-0.240,F
VBS19956-5563STDY7801027,WA-1276,Alexander Egyir-Yawson,Ghana,Korle-Bu,2018,2,5.537,-0.240,F
VBS19957-5563STDY7801028,WA-1277,Alexander Egyir-Yawson,Ghana,Korle-Bu,2018,2,5.537,-0.240,F
VBS19958-5563STDY7801029,WA-1278,Alexander Egyir-Yawson,Ghana,Korle-Bu,2018,2,5.537,-0.240,F
VBS19960-5563STDY7801031,WA-1280,Alexander Egyir-Yawson,Ghana,Korle-Bu,2018,2,5.537,-0.240,F
VBS19963-5563STDY7801034,WA-1283,Alexander Egyir-Yawson,Ghana,Korle-Bu,2018,2,5.537,-0.240,F
VBS19964-5563STDY7801035,WA-1284,Alexander Egyir-Yawson,Ghana,Korle-Bu,2018,2,5.537,-0.240,F
VBS19965-5563STDY7801036,WA-1285,Alexander Egyir-Yawson,Ghana,Korle-Bu,2018,2,5.537,-0.240,F
VBS19968-5563STDY7801039,WA-1288,Alexander Egyir-Yawson,Ghana,Korle-Bu,2018,2,5.537,-0.240,F
VBS19971-5563STDY7801042,WA-1291,Alexander Egyir-Yawson,Ghana,Korle-Bu,2018,2,5.537,-0.240,F
VBS19973-5563STDY7801043,WA-1293,Alexander Egyir-Yawson,Ghana,Korle-Bu,2018,2,5.537,-0.240,F
VBS19976-5563STDY7801046,WA-1296,Alexander Egyir-Yawson,Ghana,Korle-Bu,2018,2,5.537,-0.240,F
VBS19977-5563STDY7801047,WA-1297,Alexander Egyir-Yawson,Ghana,Korle-Bu,2018,2,5.537,-0.240,F
VBS19978-5563STDY7801048,WA-1298,Alexander Egyir-Yawson,Ghana,Korle-Bu,2018,2,5.537,-0.240,F
VBS19979-5563STDY7801049,WA-1299,Alexander Egyir-Yawson,Ghana,Korle-Bu,2018,2,5.537,-0.240,F
VBS19980-5563STDY7801050,WA-1300,Alexander Egyir-Yawson,Ghana,Korle-Bu,2018,2,5.537,-0.240,F
VBS19981-5563STDY7801051,WA-1301,Alexander Egyir-Yawson,Ghana,Korle-Bu,2018,2,5.537,-0.240,F
VBS19982-5563STDY7801052,WA-1302,Alexander Egyir-Yawson,Ghana,Korle-Bu,2018,2,5.537,-0.240,F
VBS19983-5563STDY7801053,WA-1303,Alexander Egyir-Yawson,Ghana,Korle-Bu,2018,2,5.537,-0.240,F
VBS19988-5563STDY7801058,WA-1308,Alexander Egyir-Yawson,Ghana,Korle-Bu,2018,2,5.537,-0.240,F
VBS19989-5563STDY7801059,WA-1309,Alexander Egyir-Yawson,Ghana,Korle-Bu,2018,2,5.537,-0.240,F
VBS19990-5563STDY7801060,WA-1310,Alexander Egyir-Yawson,Ghana,Korle-Bu,2018,2,5.537,-0.240,F
VBS19991-5563STDY7801061,WA-1311,Alexander Egyir-Yawson,Ghana,Korle-Bu,2018,2,5.537,-0.240,F
VBS19992-5563STDY7801062,WA-1312,Alexander Egyir-Yawson,Ghana,Korle-Bu,2018,2,5.537,-0.240,F
VBS19996-5563STDY7801066,WA-1316,Alexander Egyir-Yawson,Ghana,Korle-Bu,2018,2,5.537,-0.240,F
VBS19997-5563STDY7801067,WA-1317,Alexander Egyir-Yawson,Ghana,Korle-Bu,2018,2,5.537,-0.240,F
VBS19998-5563STDY7801068,WA-1318,Alexander Egyir-Yawson,Ghana,Korle-Bu,2018,2,5.537,-0.240,F
VBS19999-5563STDY7801069,WA-1319,Alexander Egyir-Yawson,Ghana,Korle-Bu,2018,2,5.537,-0.240,F
VBS20000-5563STDY7801070,WA-1320,Alexander Egyir-Yawson,Ghana,Korle-Bu,2018,2,5.537,-0.240,F
VBS20003-5563STDY7801073,WA-1323,Alexander Egyir-Yawson,Ghana,Korle-Bu,2018,2,5.537,-0.240,F
VBS20004-5563STDY7801074,WA-1324,Alexander Egyir-Yawson,Ghana,Korle-Bu,2018,2,5.537,-0.240,F
VBS20005-5563STDY7801075,WA-1325,Alexander Egyir-Yawson,Ghana,Korle-Bu,2018,2,5.537,-0.240,F
VBS20006-5563STDY7801076,WA-1326,Alexander Egyir-Yawson,Ghana,Korle-Bu,2018,2,5.537,-0.240,F
VBS20007-5563STDY7801077,WA-1327,Alexander Egyir-Yawson,Ghana,Korle-Bu,2018,2,5.537,-0.240,F
VBS20008-5563STDY7801078,WA-1328,Alexander Egyir-Yawson,Ghana,Korle-Bu,2018,2,5.537,-0.240,F
VBS20013-5563STDY7801083,WA-1333,Alexander Egyir-Yawson,Ghana,Korle-Bu,2018,2,5.537,-0.240,F
VBS20014-5563STDY7801084,WA-1334,Alexander Egyir-Yawson,Ghana,Korle-Bu,2018,2,5.537,-0.240,F
VBS20015-5563STDY7801085,WA-1335,Alexander Egyir-Yawson,Ghana,Korle-Bu,2018,2,5.537,-0.240,F
